probabilidad,orig_pkts_flujo,orig_ip_bytes_flujo,resp_pkts_flujo,resp_ip_bytes_flujo,duracion,pps_flujo
0.38321,6,3324,0,0,0.001,6000.0
0.516334,16,8864,0,0,0.002484,6441.626416
0.591996,26,14404,0,0,0.002544,10221.380073
0.695446,36,19944,0,0,0.007847,4587.8386
0.683555,46,25484,0,0,0.007863,5849.973742
0.699085,56,31024,0,0,0.009069,6174.742343
0.699085,66,36564,0,0,0.009089,7261.339978
0.699085,76,42104,0,0,0.010333,7355.371821
0.724697,86,47644,0,0,0.011357,7572.535248
0.77046,95,52630,0,0,0.019958,4759.991399
0.77046,105,58170,0,0,0.021697,4839.475176
0.77046,115,63710,0,0,0.022866,5029.246361
0.926029,125,69250,0,0,0.023954,5218.249861
0.926029,135,74790,0,0,0.024821,5438.933405
0.926029,145,80330,0,0,0.034074,4255.435533
0.926029,155,85870,0,0,0.035438,4373.887349
0.926029,165,91410,0,0,0.035451,4654.257468
0.926029,175,96950,0,0,0.03738,4681.680295
0.926029,185,102490,0,0,0.0374,4946.46004
0.926029,195,108030,0,0,0.037631,5181.893104
0.940359,205,113570,0,0,0.039167,5234.039579
0.968419,215,119110,0,0,0.039181,5487.287619
0.968419,225,124650,0,0,0.040757,5520.467508
0.968419,235,130190,0,0,0.040781,5762.484449
0.968419,245,135730,0,0,0.041345,5925.69547
0.968419,255,141270,0,0,0.042905,5943.416521
0.968419,265,146810,0,0,0.042928,6173.129912
0.974429,275,152350,0,0,0.044878,6127.723235
0.974429,285,157890,0,0,0.044894,6348.323615
0.974429,295,163430,0,0,0.045511,6481.914421
0.974429,305,168970,0,0,0.047222,6458.835124
0.974429,315,174510,0,0,0.047246,6667.200363
0.974429,325,180050,0,0,0.049036,6627.780155
0.974429,335,185590,0,0,0.049115,6820.734844
0.974429,345,191130,0,0,0.049143,7020.31758
0.974429,355,196670,0,0,0.051029,6956.832982
0.974429,365,202210,0,0,0.05108,7145.722194
0.974429,375,207750,0,0,0.052337,7165.145137
0.974429,385,213290,0,0,0.052918,7275.445883
0.974429,395,218830,0,0,0.052973,7456.590784
0.974429,405,224370,0,0,0.054156,7478.353849
0.974429,415,229910,0,0,0.054358,7634.536547
0.974429,425,235450,0,0,0.072538,5859.025456
0.974429,435,240990,0,0,0.072554,5995.505447
0.974429,445,246530,0,0,0.0726,6129.486053
0.974429,455,252070,0,0,0.073677,6175.639016
0.974429,465,257610,0,0,0.073698,6309.550162
0.974429,474,262596,0,0,0.074623,6351.89955
0.974429,484,268136,0,0,0.074649,6483.668644
0.974429,494,273676,0,0,0.075422,6549.829539
0.974429,504,279216,0,0,0.07672,6569.36354
0.974429,514,284756,0,0,0.076741,6697.855553
0.974429,524,290296,0,0,0.078121,6707.527516
0.974429,534,295836,0,0,0.078832,6773.906564
0.974429,544,301376,0,0,0.079511,6841.806377
0.974429,554,306916,0,0,0.080868,6850.669741
0.974429,564,312456,0,0,0.080882,6973.135646
0.974429,574,317996,0,0,0.08236,6969.420325
0.974429,584,323536,0,0,0.082462,7082.043698
0.974429,594,329076,0,0,0.083229,7136.970764
0.974429,604,334616,0,0,0.084467,7150.727154
0.974429,614,340156,0,0,0.084488,7267.291033
0.974429,622,344588,0,0,0.085984,7233.86457
0.974429,632,350128,0,0,0.086001,7348.779024
0.974429,642,355668,0,0,0.086511,7421.010015
0.974429,652,361208,0,0,0.087703,7434.222574
0.974429,662,366748,0,0,0.089034,7435.39487
0.974429,672,372288,0,0,0.090677,7410.898719
0.974429,682,377828,0,0,0.090693,7519.91453
0.974429,692,383368,0,0,0.09101,7603.57214
0.974429,702,388908,0,0,0.106366,6599.873149
0.974429,712,394448,0,0,0.106375,6693.288316
0.974429,722,399988,0,0,0.106972,6749.431073
0.974429,732,405528,0,0,0.107007,6840.67227
0.974429,742,411068,0,0,0.107696,6889.744921
0.974429,752,416608,0,0,0.108483,6931.987297
0.974429,762,422148,0,0,0.108859,6999.861249
0.974429,772,427688,0,0,0.110103,7011.638461
0.974429,782,433228,0,0,0.11583,6751.276646
0.974429,792,438768,0,0,0.116493,6798.664716
0.974429,802,444308,0,0,0.117614,6818.941973
0.974429,812,449848,0,0,0.117823,6891.686223
0.974429,822,455388,0,0,0.196238,4188.785199
0.974429,832,460928,0,0,0.196251,4239.460368
0.974429,842,466468,0,0,0.196262,4290.180881
0.974429,852,472008,0,0,0.196769,4329.950368
0.974429,862,477548,0,0,0.198263,4347.756607
0.974429,872,483088,0,0,0.199373,4373.700976
0.974429,882,488628,0,0,0.199951,4411.082183
0.974429,892,494168,0,0,0.200622,4446.165308
0.974429,902,499708,0,0,0.201858,4468.486782
0.974429,912,505248,0,0,0.202337,4507.341857
0.974429,922,510788,0,0,0.203442,4531.996742
0.974429,932,516328,0,0,0.203612,4577.342075
0.974429,942,521868,0,0,0.204277,4611.379268
0.974429,952,527408,0,0,0.2054,4634.864416
0.974429,962,532948,0,0,0.205853,4673.227206
0.974429,972,538488,0,0,0.207114,4693.068011
0.974429,982,544028,0,0,0.207197,4739.457437
0.974429,992,549568,0,0,0.209353,4738.403614
0.974429,1002,555108,0,0,0.210064,4769.976356
0.974429,1012,560648,0,0,0.210914,4798.155686
0.974429,1022,566188,0,0,0.211893,4823.181777
0.974429,1032,571728,0,0,0.212337,4860.20917
0.974429,1042,577268,0,0,0.213143,4888.739609
0.974429,1052,582808,0,0,0.213842,4919.521972
0.974429,1062,588348,0,0,0.214476,4951.594966
0.974429,1072,593888,0,0,0.279747,3832.027286
0.974429,1082,599428,0,0,0.279757,3867.635367
0.974429,1092,604968,0,0,0.279767,3903.250878
0.974429,1102,610508,0,0,0.280196,3932.955201
0.974429,1112,616048,0,0,0.280389,3965.91778
0.974429,1122,621588,0,0,0.281418,3986.957344
0.974429,1132,627128,0,0,0.281735,4017.957547
0.974429,1142,632668,0,0,0.283261,4031.620013
0.974429,1152,638208,0,0,0.284476,4049.553552
0.974429,1162,643748,0,0,0.284559,4083.511515
0.974429,1172,649288,0,0,0.28726,4079.933575
0.974429,1182,654828,0,0,0.28791,4105.44304
0.974429,1192,660368,0,0,0.287994,4138.973014
0.974429,1202,665908,0,0,0.292747,4105.940873
0.974429,1212,671448,0,0,0.292755,4139.975363
0.974429,1222,676988,0,0,0.293192,4167.911773
0.974429,1232,682528,0,0,0.293202,4201.875561
0.974429,1242,688068,0,0,0.293212,4235.847363
0.974429,1252,693608,0,0,0.29751,4208.266571
0.974429,1262,699148,0,0,0.297593,4240.692879
0.974429,1272,704688,0,0,0.298161,4266.147671
0.974429,1282,710228,0,0,0.298171,4299.552484
0.974429,1292,715768,0,0,0.29818,4332.955213
0.974429,1302,721308,0,0,0.298607,4360.240974
0.974429,1312,726848,0,0,0.298616,4393.606988
0.974429,1322,732388,0,0,0.354238,3731.95136
0.974429,1332,737928,0,0,0.35425,3760.054413
0.974429,1342,743468,0,0,0.35426,3788.181068
0.974429,1352,749008,0,0,0.354699,3811.683695
0.974429,1362,754548,0,0,0.359408,3789.563584
0.974429,1372,760088,0,0,0.359922,3811.940274
0.974429,1382,765628,0,0,0.359931,3839.624901
0.974429,1392,771168,0,0,0.359941,3867.305536
0.974429,1402,776708,0,0,0.360367,3890.477673
0.974429,1412,782248,0,0,0.360376,3918.131245
0.974429,1422,787788,0,0,0.360802,3941.215337
0.974429,1432,793328,0,0,0.36153,3960.948273
0.974429,1442,798868,0,0,0.362326,3979.837145
0.974429,1452,804408,0,0,0.363129,3998.580113
0.974429,1462,809948,0,0,0.363649,4020.356221
0.974429,1472,815488,0,0,0.364727,4035.900393
0.974429,1482,821028,0,0,0.365902,4050.265411
0.974429,1492,826568,0,0,0.365986,4076.660114
0.974429,1502,832108,0,0,0.367576,4086.228427
0.974429,1512,837648,0,0,0.368407,4104.153765
0.974429,1522,843188,0,0,0.368907,4125.696007
0.974429,1531,848174,0,0,0.371461,4121.566826
0.974429,1541,853714,0,0,0.3719,4143.591389
0.974429,1551,859254,0,0,0.372689,4161.65207
0.974429,1561,864794,0,0,0.373229,4182.421208
0.976525,1571,870334,0,0,0.441403,3559.102715
0.976525,1581,875874,0,0,0.441414,3581.672607
0.976525,1591,881414,0,0,0.441423,3604.255053
0.976525,1601,886954,0,0,0.441859,3623.325792
0.976525,1611,892494,0,0,0.443982,3628.526413
0.976525,1621,898034,0,0,0.445133,3641.608477
0.976525,1631,903574,0,0,0.445209,3663.451661
0.976525,1641,909114,0,0,0.446074,3678.761746
0.976525,1651,914654,0,0,0.446698,3696.00585
0.976525,1661,920194,0,0,0.447169,3714.478769
0.976525,1671,925734,0,0,0.450118,3712.357369
0.976525,1681,931274,0,0,0.450236,3733.598788
0.976525,1691,936814,0,0,0.450283,3755.415617
0.976525,1701,942354,0,0,0.450776,3773.493979
0.976525,1711,947894,0,0,0.450896,3794.668418
0.976525,1721,953434,0,0,0.451887,3808.473141
0.976525,1731,958974,0,0,0.451997,3829.671083
0.976525,1741,964514,0,0,0.452882,3844.270072
0.976525,1751,970054,0,0,0.45356,3860.566716
0.976525,1761,975594,0,0,0.453998,3878.870954
0.976525,1771,981134,0,0,0.456582,3878.820739
0.976525,1781,986674,0,0,0.457065,3896.598208
0.976525,1791,992214,0,0,0.457592,3913.966938
0.976525,1801,997754,0,0,0.458239,3930.264837
0.976525,1811,1003294,0,0,0.459033,3945.254115
0.976525,1821,1008834,0,0,0.526333,3459.789384
0.976525,1831,1014374,0,0,0.526344,3478.711563
0.976525,1841,1019914,0,0,0.526354,3497.645576
0.976525,1851,1025454,0,0,0.526795,3513.699783
0.976525,1861,1030994,0,0,0.528743,3519.671329
0.976525,1871,1036534,0,0,0.529916,3530.749538
0.976525,1881,1042074,0,0,0.530422,3546.233185
0.976525,1891,1047614,0,0,0.530871,3562.071209
0.976525,1901,1053154,0,0,0.531512,3576.587299
0.976525,1911,1058694,0,0,0.53241,3589.341282
0.976525,1921,1064234,0,0,0.533253,3602.419532
0.976525,1931,1069774,0,0,0.533448,3619.843627
0.976525,1941,1075314,0,0,0.533961,3635.099799
0.976525,1951,1080854,0,0,0.534914,3647.315155
0.976525,1961,1086394,0,0,0.535061,3665.005119
0.976525,1971,1091934,0,0,0.538679,3658.948424
0.976525,1981,1097474,0,0,0.539926,3669.020956
0.976525,1991,1103014,0,0,0.540619,3682.817769
0.976525,2001,1108554,0,0,0.541795,3693.281969
0.976525,2011,1114094,0,0,0.549841,3657.419862
0.976525,2021,1119634,0,0,0.645234,3132.198792
0.976525,2031,1125174,0,0,0.645244,3147.645879
0.976525,2041,1130714,0,0,0.645254,3163.09597
0.976525,2051,1136254,0,0,0.645729,3176.254735
0.976525,2061,1141794,0,0,0.653624,3153.187561
0.976525,2071,1147334,0,0,0.654088,3166.242838
0.976525,2081,1152874,0,0,0.654097,3181.483765
0.976525,2091,1158414,0,0,0.656768,3183.772251
0.976525,2101,1163954,0,0,0.657531,3195.287657
0.976525,2111,1169494,0,0,0.658414,3206.189969
0.976525,2121,1175034,0,0,0.659724,3214.983148
0.976525,2131,1180574,0,0,0.660023,3228.674325
0.976525,2141,1186114,0,0,0.666719,3211.246962
0.976525,2151,1191654,0,0,0.667304,3223.417072
0.976525,2161,1197194,0,0,0.667313,3238.35993
0.976525,2171,1202734,0,0,0.667888,3250.546522
0.976525,2181,1208274,0,0,0.667897,3265.471306
0.976525,2191,1213814,0,0,0.668497,3277.502369
0.976525,2201,1219354,0,0,0.671433,3278.064786
0.976525,2211,1224894,0,0,0.672505,3287.708378
0.976525,2221,1230434,0,0,0.674098,3294.775422
0.976525,2231,1235974,0,0,0.674496,3307.652879
0.976525,2241,1241514,0,0,0.67854,3302.678163
0.976525,2251,1247054,0,0,0.67938,3313.314211
0.976525,2261,1252594,0,0,0.680217,3323.939137
0.976525,2271,1258134,0,0,0.681397,3332.859008
0.976525,2281,1263674,0,0,0.681862,3345.25228
0.976525,2291,1269214,0,0,0.682698,3355.801777
0.976525,2301,1274754,0,0,0.771647,2981.934461
0.976525,2311,1280294,0,0,0.771657,2994.85582
0.976525,2321,1285834,0,0,0.772097,3006.1004
0.976525,2331,1291374,0,0,0.781373,2983.212052
0.976525,2341,1296914,0,0,0.782291,2992.49281
0.976525,2351,1302454,0,0,0.782753,3003.499949
0.976525,2361,1307994,0,0,0.782762,3016.241371
0.976525,2371,1313534,0,0,0.783617,3025.71182
0.976525,2381,1319074,0,0,0.783855,3037.552661
0.976525,2391,1324614,0,0,0.788484,3032.40013
0.976525,2401,1330154,0,0,0.789007,3043.066642
0.976525,2411,1335694,0,0,0.789135,3055.24596
0.976525,2421,1341234,0,0,0.789787,3065.382316
0.976525,2431,1346774,0,0,0.789797,3078.005857
0.976525,2441,1352314,0,0,0.789806,3090.632817
0.976525,2451,1357854,0,0,0.790335,3101.215873
0.976525,2461,1363394,0,0,0.792464,3105.501908
0.976525,2471,1368934,0,0,0.793365,3114.581554
0.976525,2481,1374474,0,0,0.795785,3117.677386
0.976525,2491,1380014,0,0,0.795813,3130.133877
0.976525,2501,1385554,0,0,0.796267,3140.905185
0.976525,2511,1391094,0,0,0.796276,3153.428847
0.976525,2521,1396634,0,0,0.796738,3164.153136
0.976525,2531,1402174,0,0,0.796873,3176.164465
0.976525,2541,1407714,0,0,0.801524,3170.211993
0.976525,2552,1413808,0,0,0.801955,3182.222556
0.976525,2562,1419348,0,0,0.801964,3194.655989
0.976525,2572,1424888,0,0,0.802389,3205.429117
0.976525,2582,1430428,0,0,0.803741,3212.479644
0.976525,2592,1435968,0,0,0.804348,3222.484867
0.976525,2602,1441508,0,0,0.805278,3231.183936
0.976525,2612,1447048,0,0,0.805753,3241.686321
0.976525,2622,1452588,0,0,0.890621,2944.013398
0.976525,2632,1458128,0,0,0.89063,2955.211457
0.976525,2642,1463668,0,0,0.890639,2966.409288
0.976525,2652,1469208,0,0,0.891333,2975.317848
0.976525,2662,1474748,0,0,0.891456,2986.125642
0.976525,2672,1480288,0,0,0.891916,2995.799289
0.976525,2682,1485828,0,0,0.895576,2994.721513
0.976525,2692,1491368,0,0,0.895648,3005.645066
0.976525,2702,1496908,0,0,0.896114,3015.240189
0.976525,2712,1502448,0,0,0.896124,3026.368077
0.976525,2722,1507988,0,0,0.896559,3036.053092
0.976525,2732,1513528,0,0,0.896568,3047.174437
0.976525,2742,1519068,0,0,0.907466,3021.601027
0.976525,2752,1524608,0,0,0.907585,3032.223193
0.976525,2762,1530148,0,0,0.908103,3041.503643
0.976525,2772,1535688,0,0,0.908115,3052.477136
0.976525,2782,1541228,0,0,0.908558,3061.994502
0.976525,2792,1546768,0,0,0.908567,3072.971116
0.976525,2802,1552308,0,0,0.908576,3083.945089
0.972691,2812,1557848,0,0,1.022358,2750.503103
0.972691,2822,1563388,0,0,1.022797,2759.101775
0.972691,2832,1568928,0,0,1.025762,2760.874136
0.972691,2842,1574468,0,0,1.025777,2770.582416
0.972691,2852,1580008,0,0,1.026224,2779.119333
0.972691,2862,1585548,0,0,1.026233,2788.839818
0.972691,2872,1591088,0,0,1.026658,2797.425404
0.972691,2882,1596628,0,0,1.026667,2807.142275
0.972691,2892,1602168,0,0,1.02753,2814.517141
0.972691,2902,1607708,0,0,1.036795,2799.010036
0.972691,2912,1613248,0,0,1.037283,2807.334958
0.972691,2922,1618788,0,0,1.03825,2814.351801
0.972691,2932,1624328,0,0,1.038618,2822.98184
0.972691,2942,1629868,0,0,1.039281,2830.804164
0.972691,2952,1635408,0,0,1.039906,2838.718698
0.972691,2962,1640948,0,0,1.040837,2845.786477
0.972691,2972,1646488,0,0,1.041899,2852.483876
0.972691,2982,1652028,0,0,1.042465,2860.52777
0.972691,2992,1657568,0,0,1.042828,2869.122358
0.972691,3002,1663108,0,0,1.043501,2876.852936
0.972691,3012,1668648,0,0,1.044154,2884.63084
0.972691,3022,1674188,0,0,1.047746,2884.286341
0.972691,3032,1679728,0,0,1.048318,2892.251753
0.972691,3042,1685268,0,0,1.048964,2900.00347
0.972691,3052,1690808,0,0,1.049677,2907.560718
0.972691,3062,1696348,0,0,1.050308,2915.334018
0.972336,3072,1701888,0,0,1.139835,2695.127208
0.972336,3082,1707428,0,0,1.139848,2703.868737
0.972336,3092,1712968,0,0,1.13986,2712.614033
0.972336,3102,1718508,0,0,1.140381,2720.144435
0.972336,3112,1724048,0,0,1.14039,2728.891757
0.972336,3122,1729588,0,0,1.142196,2733.330805
0.972336,3132,1735128,0,0,1.142262,2741.926758
0.972336,3142,1740668,0,0,1.142342,2750.488991
0.972336,3152,1746208,0,0,1.143458,2756.551584
0.972336,3162,1751748,0,0,1.143736,2764.624281
0.972336,3172,1757288,0,0,1.14501,2770.281496
0.972336,3182,1762828,0,0,1.145287,2778.342228
0.972336,3192,1768368,0,0,1.147127,2782.603477
0.972336,3202,1773908,0,0,1.148126,2788.892783
0.972336,3212,1779448,0,0,1.148749,2796.084277
0.972336,3222,1784988,0,0,1.149734,2802.387867
0.972336,3232,1790528,0,0,1.152626,2804.032905
0.972336,3242,1796068,0,0,1.153289,2811.091102
0.972336,3252,1801608,0,0,1.153984,2818.063747
0.972336,3262,1807148,0,0,1.154612,2825.192502
0.972336,3272,1812688,0,0,1.155671,2831.256483
0.972336,3282,1818228,0,0,1.155983,2839.142169
0.972336,3292,1823768,0,0,1.158303,2842.088174
0.972336,3302,1829308,0,0,1.158995,2849.019098
0.972336,3312,1834848,0,0,1.159635,2856.072101
0.972336,3322,1840388,0,0,1.16065,2862.19043
0.972336,3332,1845928,0,0,1.161979,2867.520624
0.972336,3342,1851468,0,0,1.16263,2874.518237
0.972336,3352,1857008,0,0,1.163351,2881.332637
0.972336,3362,1862548,0,0,1.163999,2888.319616
0.972336,3372,1868088,0,0,1.253792,2689.440698
0.972336,3382,1873628,0,0,1.253804,2697.391367
0.972336,3392,1879168,0,0,1.253814,2705.346518
0.972336,3402,1884708,0,0,1.254258,2712.360278
0.972336,3412,1890248,0,0,1.266557,2693.918
0.972336,3422,1895788,0,0,1.267592,2699.606405
0.972336,3432,1901328,0,0,1.268028,2706.565304
0.972336,3442,1906868,0,0,1.268776,2712.850429
0.972336,3452,1912408,0,0,1.269515,2719.149592
0.972336,3462,1917948,0,0,1.270109,2725.750442
0.972336,3472,1923488,0,0,1.271501,2730.630313
0.972336,3482,1929028,0,0,1.271905,2737.625962
0.972336,3492,1934568,0,0,1.273586,2741.864749
0.972336,3502,1940108,0,0,1.274014,2748.793437
0.972336,3512,1945648,0,0,1.274853,2754.827439
0.972336,3522,1951188,0,0,1.27538,2761.529606
0.972336,3532,1956728,0,0,1.277236,2765.345937
0.972336,3542,1962268,0,0,1.280584,2765.924822
0.972336,3552,1967808,0,0,1.281041,2772.744148
0.972336,3562,1973348,0,0,1.28105,2780.530632
0.972336,3572,1978888,0,0,1.282478,2785.233276
0.972336,3582,1984428,0,0,1.282487,2793.010432
0.972336,3592,1989968,0,0,1.282831,2800.056122
0.972336,3602,1995508,0,0,1.284898,2803.336309
0.972336,3612,2001048,0,0,1.284945,2811.016276
0.972336,3622,2006588,0,0,1.286107,2816.250242
0.972336,3632,2012128,0,0,1.286204,2823.813634
0.972336,3642,2017668,0,0,1.287435,2828.880561
0.972336,3652,2023208,0,0,1.287911,2835.599801
0.972336,3662,2028748,0,0,1.289838,2839.116588
0.972336,3672,2034288,0,0,1.29416,2837.362452
0.972336,3682,2039828,0,0,1.29425,2844.88979
0.972336,3692,2045368,0,0,1.295412,2850.059423
0.972336,3702,2050908,0,0,1.295852,2856.807316
0.972336,3712,2056448,0,0,1.296684,2862.687136
0.972336,3722,2061988,0,0,1.298227,2866.986367
0.972336,3732,2067528,0,0,1.300084,2870.584548
0.972336,3742,2073068,0,0,1.301311,2875.560556
0.972336,3752,2078608,0,0,1.403301,2673.695806
0.972336,3762,2084148,0,0,1.403311,2680.803642
0.972336,3772,2089688,0,0,1.40375,2687.088266
0.972336,3782,2095228,0,0,1.403768,2694.17818
0.972336,3792,2100768,0,0,1.40448,2699.931685
0.972336,3802,2106308,0,0,1.405136,2705.78816
0.972336,3812,2111848,0,0,1.406085,2711.074547
0.972336,3822,2117388,0,0,1.406606,2717.178877
0.972336,3832,2122928,0,0,1.407631,2722.304508
0.972336,3842,2128468,0,0,1.410381,2724.087381
0.972336,3852,2134008,0,0,1.411119,2729.74901
0.972336,3862,2139548,0,0,1.411803,2735.509581
0.972336,3872,2145088,0,0,1.413962,2738.404786
0.972336,3882,2150628,0,0,1.414503,2744.427114
0.972336,3892,2156168,0,0,1.41512,2750.296089
0.972336,3902,2161708,0,0,1.415908,2755.829041
0.972336,3912,2167248,0,0,1.416645,2761.454831
0.972336,3922,2172788,0,0,1.417654,2766.542863
0.972336,3932,2178328,0,0,1.418376,2772.185053
0.972336,3942,2183868,0,0,1.419111,2777.794435
0.972336,3952,2189408,0,0,1.419799,2783.49195
0.972336,3962,2194948,0,0,1.420547,2789.066917
0.972336,3972,2200488,0,0,1.421547,2794.13825
0.972336,3982,2206028,0,0,1.422014,2800.25279
0.972336,3992,2211568,0,0,1.424845,2801.708295
0.972336,4002,2217108,0,0,1.529771,2616.077678
0.972336,4012,2222648,0,0,1.52978,2622.598663
0.972336,4022,2228188,0,0,1.530207,2628.403112
0.972336,4032,2233728,0,0,1.532971,2630.187313
0.972336,4042,2239268,0,0,1.533016,2636.631862
0.972336,4052,2244808,0,0,1.533493,2642.334298
0.972336,4062,2250348,0,0,1.533501,2648.840122
0.972336,4072,2255888,0,0,1.53394,2654.602567
0.972336,4082,2261428,0,0,1.534125,2660.800388
0.972336,4092,2266968,0,0,1.534786,2666.168942
0.972336,4102,2272508,0,0,1.535473,2671.490143
0.972336,4112,2278048,0,0,1.536113,2676.885944
0.972336,4122,2283588,0,0,1.537074,2681.719319
0.972336,4132,2289128,0,0,1.537446,2687.574863
0.972336,4142,2294668,0,0,1.540286,2689.110871
0.972336,4152,2300208,0,0,1.54092,2694.494999
0.972336,4162,2305748,0,0,1.541942,2699.19424
0.972336,4172,2311288,0,0,1.542889,2704.018452
0.972336,4182,2316828,0,0,1.543188,2709.973831
0.972336,4192,2322368,0,0,1.550391,2703.833721
0.972336,4202,2327908,0,0,1.550839,2709.500791
0.972336,4212,2333448,0,0,1.550849,2715.932211
0.972336,4222,2338988,0,0,1.551273,2721.635108
0.972336,4232,2344528,0,0,1.555331,2720.963817
0.972336,4242,2350068,0,0,1.55537,2727.325587
0.972336,4252,2355608,0,0,1.555855,2732.902425
0.972336,4262,2361148,0,0,1.555864,2739.313808
0.972336,4272,2366688,0,0,1.556287,2744.99489
0.972336,4279,2370566,0,0,1.646088,2599.497061
0.972336,4289,2376106,0,0,1.646521,2604.886912
0.972336,4299,2381646,0,0,1.64653,2610.945959
0.972336,4309,2387186,0,0,1.647042,2616.205237
0.972336,4319,2392726,0,0,1.647713,2621.208998
0.972336,4329,2398266,0,0,1.648367,2626.235656
0.972336,4339,2403806,0,0,1.649433,2630.600723
0.972336,4349,2409346,0,0,1.651941,2632.660892
0.972336,4359,2414886,0,0,1.652605,2637.653795
0.972336,4369,2420426,0,0,1.653276,2642.632016
0.972336,4379,2425966,0,0,1.65777,2641.499699
0.972336,4389,2431506,0,0,1.658201,2646.843653
0.972336,4399,2437046,0,0,1.66785,2637.526574
0.972336,4409,2442586,0,0,1.667958,2643.352275
0.972336,4419,2448126,0,0,1.668409,2648.630569
0.972336,4429,2453666,0,0,1.668424,2654.601541
0.972336,4439,2459206,0,0,1.669281,2659.229104
0.972336,4449,2464746,0,0,1.669749,2664.473051
0.972336,4459,2470286,0,0,1.674632,2662.674052
0.972336,4469,2475826,0,0,1.67506,2667.964459
0.972336,4479,2481366,0,0,1.675069,2673.920313
0.972336,4489,2486906,0,0,1.675491,2679.21486
0.972336,4499,2492446,0,0,1.67659,2683.422955
0.972336,4509,2497986,0,0,1.677389,2688.105722
0.972336,4519,2503526,0,0,1.6783,2692.605767
0.972336,4529,2509066,0,0,1.679056,2697.349483
0.972336,4539,2514606,0,0,1.760874,2577.697163
0.972336,4549,2520146,0,0,1.760885,2583.360421
0.972336,4559,2525686,0,0,1.760895,2589.025012
0.972336,4569,2531226,0,0,1.761344,2594.041887
0.972336,4579,2536766,0,0,1.761643,2599.278511
0.972336,4589,2542306,0,0,1.762634,2603.489595
0.972336,4599,2547846,0,0,1.765538,2604.872453
0.972336,4609,2553386,0,0,1.766199,2609.558554
0.972336,4619,2558926,0,0,1.766866,2614.233031
0.972336,4629,2564466,0,0,1.767529,2618.910339
0.972336,4639,2570006,0,0,1.768445,2623.208503
0.972336,4649,2575546,0,0,1.768857,2628.251604
0.972336,4659,2581086,0,0,1.769896,2632.358723
0.972336,4669,2586626,0,0,1.770547,2637.038288
0.972336,4679,2592166,0,0,1.772966,2639.080993
0.972336,4689,2597706,0,0,1.774511,2642.418671
0.972336,4699,2603246,0,0,1.775232,2646.978569
0.972336,4709,2608786,0,0,1.775484,2652.235131
0.972336,4719,2614326,0,0,1.77591,2657.229757
0.972336,4729,2619866,0,0,1.776501,2661.974029
0.972336,4739,2625406,0,0,1.777484,2666.128167
0.972336,4749,2630946,0,0,1.778055,2670.896436
0.972336,4759,2636486,0,0,1.778974,2675.137741
0.972336,4769,2642026,0,0,1.779645,2679.747619
0.972336,4779,2647566,0,0,1.780306,2684.369479
0.972336,4789,2653106,0,0,1.781262,2688.543051
0.972336,4799,2658646,0,0,1.781631,2693.598942
0.972336,4809,2664186,0,0,1.78234,2698.138688
0.972336,4819,2669726,0,0,1.784756,2700.089059
0.972336,4829,2675266,0,0,1.7856,2704.413163
0.972336,4839,2680806,0,0,1.887303,2563.976383
0.972336,4849,2686346,0,0,1.887312,2569.261967
0.972336,4859,2691886,0,0,1.887321,2574.548148
0.972336,4869,2697426,0,0,1.887751,2579.259519
0.972336,4879,2702966,0,0,1.888229,2583.903166
0.972336,4889,2708506,0,0,1.889184,2587.890454
0.972336,4899,2714046,0,0,1.889561,2592.665462
0.972336,4909,2719586,0,0,1.890221,2597.050658
0.972336,4919,2725126,0,0,1.890891,2601.418688
0.972336,4929,2730666,0,0,1.891556,2605.791506
0.972336,4939,2736206,0,0,1.892737,2609.448109
0.972336,4949,2741746,0,0,1.893111,2614.214792
0.972336,4959,2747286,0,0,1.895439,2616.280904
0.972336,4969,2752826,0,0,1.895916,2620.897386
0.972336,4979,2758366,0,0,1.897809,2623.551975
0.972336,4989,2763906,0,0,1.898807,2627.439821
0.972336,4999,2769446,0,0,1.899132,2632.255799
0.972336,5009,2774986,0,0,1.899899,2636.45593
0.972336,5019,2780526,0,0,1.900514,2640.865012
0.972336,5029,2786066,0,0,1.901425,2644.858953
0.972336,5039,2791606,0,0,1.997814,2522.257203
0.972336,5049,2797146,0,0,1.997823,2527.250611
0.972336,5059,2802686,0,0,1.99827,2531.690472
0.972336,5069,2808226,0,0,1.998323,2536.62731
0.972336,5079,2813766,0,0,1.999785,2539.772791
0.972336,5089,2819306,0,0,2.001038,2543.179692
0.972336,5099,2824846,0,0,2.001688,2547.350032
0.972336,5109,2830386,0,0,2.006072,2546.768561
0.972336,5119,2835926,0,0,2.00608,2551.742511
0.972336,5129,2841466,0,0,2.013121,2547.784791
0.972336,5139,2847006,0,0,2.013131,2552.740411
0.972336,5149,2852546,0,0,2.01314,2557.695985
0.972336,5159,2858086,0,0,2.013568,2562.11838
0.972336,5169,2863626,0,0,2.018393,2560.948189
0.972336,5179,2869166,0,0,2.018827,2565.35142
0.972336,5189,2874706,0,0,2.018836,2570.29265
0.972336,5199,2880246,0,0,2.018845,2575.234746
0.972336,5209,2885786,0,0,2.024592,2572.863859
0.972336,5219,2891326,0,0,2.024736,2577.619785
0.972336,5229,2896866,0,0,2.025319,2581.815076
0.972336,5239,2902406,0,0,2.026905,2584.728554
0.972336,5249,2907946,0,0,2.02704,2589.489783
0.972336,5259,2913486,0,0,2.027475,2593.866604
0.972336,5269,2919026,0,0,2.027484,2598.787539
0.972336,5279,2924566,0,0,2.033186,2596.41739
0.972336,5289,2930106,0,0,2.033196,2601.322662
0.972336,5299,2935646,0,0,2.033206,2606.229413
0.972336,5309,2941186,0,0,2.033633,2610.598566
0.972336,5319,2946726,0,0,2.035287,2613.390766
0.972336,5329,2952266,0,0,2.126977,2505.433807
0.972336,5339,2957806,0,0,2.126988,2510.122373
0.972336,5349,2963346,0,0,2.126997,2514.812863
0.972336,5359,2968886,0,0,2.127432,2518.999304
0.972336,5369,2974426,0,0,2.129996,2520.661656
0.972336,5379,2979966,0,0,2.131263,2523.85527
0.972336,5389,2985506,0,0,2.131714,2528.012827
0.972336,5399,2991046,0,0,2.132502,2531.767471
0.972336,5409,2996586,0,0,2.133356,2535.441699
0.972336,5419,3002126,0,0,2.135462,2537.623839
0.972336,5429,3007666,0,0,2.136048,2541.610026
0.972336,5439,3013206,0,0,2.138222,2543.702222
0.972336,5463,3026502,0,0,2.158874,2530.485479
0.972336,5473,3032042,0,0,2.159327,2534.585972
0.972336,5483,3037582,0,0,2.159336,2539.206391
0.972336,5493,3043122,0,0,2.159345,2543.82649
0.972336,5503,3048662,0,0,2.159769,2547.957325
0.972336,5513,3054202,0,0,2.16046,2551.771669
0.972336,5523,3059742,0,0,2.161635,2555.010254
0.972336,5533,3065282,0,0,2.162123,2559.058893
0.972336,5543,3070822,0,0,2.162955,2562.698302
0.972336,5553,3076362,0,0,2.163738,2566.3926
0.972336,5563,3081902,0,0,2.169233,2564.500528
0.972336,5573,3087442,0,0,2.170294,2567.854807
0.972336,5579,3090766,0,0,2.176803,2562.933037
0.972336,5596,3100184,0,0,2.177515,2569.901613
0.972336,5605,3105170,0,0,2.177927,2573.547565
0.972336,5615,3110710,0,0,2.178514,2577.444424
0.972336,5625,3116250,0,0,2.178945,2581.525034
0.972336,5635,3121790,0,0,2.178953,2586.103942
0.972336,5644,3126776,0,0,2.184097,2584.134534
0.972336,5654,3132316,0,0,2.184106,2588.701782
0.972336,5664,3137856,0,0,2.184115,2593.269556
0.972336,5674,3143396,0,0,2.184538,2597.345092
0.972336,5684,3148936,0,0,2.18817,2597.60416
0.972336,5694,3154476,0,0,2.268966,2509.513452
0.972336,5704,3160016,0,0,2.268976,2513.90886
0.972336,5712,3164448,0,0,2.268986,2517.424627
0.972336,5722,3169988,0,0,2.269412,2521.35844
0.972336,5732,3175528,0,0,2.269904,2525.217304
0.972336,5742,3181068,0,0,2.27088,2528.535211
0.972336,5752,3186608,0,0,2.27123,2532.548197
0.972336,5762,3192148,0,0,2.271898,2536.205908
0.972336,5772,3197688,0,0,2.272812,2539.584915
0.972336,5782,3203228,0,0,2.27348,2543.237748
0.972336,5792,3208768,0,0,2.274443,2546.557385
0.972336,5802,3214308,0,0,2.274807,2550.546073
0.972336,5812,3219848,0,0,2.275463,2554.205335
0.972336,5822,3225388,0,0,2.276164,2557.812117
0.972336,5832,3230928,0,0,2.281946,2555.713476
0.972336,5842,3236468,0,0,2.282999,2558.915322
0.972336,5852,3242008,0,0,2.283265,2562.996551
0.972336,5862,3247548,0,0,2.283934,2566.624484
0.972336,5872,3253088,0,0,2.28462,2570.230445
0.972336,5882,3258628,0,0,2.285259,2573.888214
0.972336,5892,3264168,0,0,2.286361,2577.02035
0.972336,5902,3269708,0,0,2.288342,2579.160203
0.972336,5912,3275248,0,0,2.289012,2582.773485
0.972336,5922,3280788,0,0,2.290014,2586.01009
0.972336,5932,3286328,0,0,2.290576,2589.74218
0.972336,5942,3291868,0,0,2.291638,2592.905278
0.972336,5952,3297408,0,0,2.291898,2596.973657
0.972336,5962,3302948,0,0,2.292859,2600.247298
0.972336,5972,3308488,0,0,2.394454,2494.096276
0.972336,5982,3314028,0,0,2.394464,2498.262643
0.972336,5992,3319568,0,0,2.39491,2501.972833
0.972336,6002,3325108,0,0,2.39492,2506.137876
0.972336,6012,3330648,0,0,2.395688,2509.508941
0.972336,6022,3336188,0,0,2.39639,2512.946598
0.972336,6032,3341728,0,0,2.397468,2515.987356
0.972336,6042,3347268,0,0,2.404596,2512.688108
0.972336,6052,3352808,0,0,2.405025,2516.398202
0.972336,6062,3358348,0,0,2.405034,2520.546918
0.972336,6072,3363888,0,0,2.40546,2524.25769
0.972336,6082,3369428,0,0,2.406005,2527.842145
0.972336,6092,3374968,0,0,2.406338,2531.647448
0.972336,6102,3380508,0,0,2.40706,2535.043097
0.972336,6112,3386048,0,0,2.412767,2533.191465
0.972336,6122,3391588,0,0,2.413462,2536.604922
0.972336,6132,3397128,0,0,2.414102,2540.074861
0.972336,6142,3402668,0,0,2.505254,2451.647821
0.972336,6152,3408208,0,0,2.505264,2455.629617
0.972336,6162,3413748,0,0,2.505273,2459.612318
0.972336,6172,3419288,0,0,2.505708,2463.176097
0.972336,6182,3424828,0,0,2.507165,2465.732784
0.972336,6192,3430368,0,0,2.507603,2469.290698
0.972336,6202,3435908,0,0,2.508818,2472.08033
0.972336,6212,3441448,0,0,2.509864,2475.034883
0.972336,6222,3446988,0,0,2.511176,2477.723241
0.972336,6232,3452528,0,0,2.511847,2481.04258
0.972336,6242,3458068,0,0,2.512969,2483.914193
0.972336,6252,3463608,0,0,2.513222,2487.643844
0.972336,6262,3469148,0,0,2.513845,2491.004376
0.972336,6272,3474688,0,0,2.514529,2494.303876
0.972336,6282,3480228,0,0,2.515634,2497.183316
0.972336,6292,3485768,0,0,2.516651,2500.147862
0.972336,6302,3491308,0,0,2.51693,2503.844103
0.972336,6312,3496848,0,0,2.517598,2507.151744
0.972336,6322,3502388,0,0,2.518356,2510.368266
0.972336,6332,3507928,0,0,2.522387,2510.320554
0.972336,6342,3513468,0,0,2.523291,2513.384671
0.972336,6352,3519008,0,0,2.524774,2515.86891
0.972336,6362,3524548,0,0,2.52574,2518.865612
0.972336,6372,3530088,0,0,2.526686,2521.880486
0.972336,6382,3535628,0,0,2.527365,2525.159872
0.972336,6392,3541168,0,0,2.528447,2528.033855
0.972336,6402,3546708,0,0,2.528675,2531.761103
0.972336,6412,3552248,0,0,2.529598,2534.790354
0.972336,6422,3557788,0,0,2.530289,2538.050306
0.972336,6432,3563328,0,0,2.530915,2541.372876
0.972336,6442,3568868,0,0,2.631281,2448.237505
0.972336,6452,3574408,0,0,2.631292,2452.027049
0.972336,6462,3579948,0,0,2.631302,2455.81834
0.972336,6472,3585488,0,0,2.631742,2459.207627
0.972336,6482,3591028,0,0,2.631906,2462.854109
0.972336,6492,3596568,0,0,2.633306,2465.342021
0.972336,6502,3602108,0,0,2.635027,2467.526516
0.972336,6512,3607648,0,0,2.635987,2470.421631
0.972336,6522,3613188,0,0,2.636761,2473.488854
0.972336,6532,3618728,0,0,2.637311,2476.764729
0.972336,6542,3624268,0,0,2.638702,2479.248898
0.98564,6552,3629808,0,0,2.638962,2482.794343
0.98564,6562,3635348,0,0,2.639578,2486.003571
0.98564,6572,3640888,0,0,2.640268,2489.141171
0.98564,6582,3646428,0,0,2.640908,2492.324382
0.98564,6592,3651968,0,0,2.641915,2495.159458
0.98564,6602,3657508,0,0,2.64227,2498.608842
0.98564,6612,3663048,0,0,2.643299,2501.419305
0.98564,6622,3668588,0,0,2.643879,2504.653035
0.98564,6632,3674128,0,0,2.644502,2507.844197
0.98564,6642,3679668,0,0,2.645525,2510.654579
0.98564,6652,3685208,0,0,2.645836,2514.139542
0.98564,6662,3690748,0,0,2.646491,2517.295268
0.98564,6672,3696288,0,0,2.6488,2518.876344
0.98564,6682,3701828,0,0,2.649927,2521.578537
0.98564,6692,3707368,0,0,2.650902,2524.423504
0.98564,6702,3712908,0,0,2.651546,2527.582021
0.98564,6712,3718448,0,0,2.652226,2530.704652
0.98564,6722,3723988,0,0,2.725024,2466.76771
0.98564,6732,3729528,0,0,2.725033,2470.42919
0.98564,6742,3735068,0,0,2.725462,2473.709297
0.98564,6752,3740608,0,0,2.739835,2464.381958
0.98564,6762,3746148,0,0,2.740838,2467.128406
0.98564,6772,3751688,0,0,2.741945,2469.779423
0.98564,6782,3757228,0,0,2.743052,2472.428516
0.98564,6792,3762768,0,0,2.744507,2474.761123
0.98564,6802,3768308,0,0,2.745441,2477.562144
0.98564,6812,3773848,0,0,2.746432,2480.308722
0.98564,6822,3779388,0,0,2.747541,2482.947093
0.98564,6832,3784928,0,0,2.748646,2485.587646
0.98564,6842,3790468,0,0,2.750073,2487.934212
0.98564,6852,3796008,0,0,2.75114,2490.603789
0.98564,6862,3801548,0,0,2.752333,2493.157474
0.98564,6872,3807088,0,0,2.753353,2495.866274
0.98564,6882,3812628,0,0,2.756175,2496.938439
0.98564,6892,3818168,0,0,2.757612,2499.263865
0.98564,6902,3823708,0,0,2.758673,2501.927816
0.98564,6912,3829248,0,0,2.759782,2504.546013
0.98564,6922,3834788,0,0,2.760889,2507.163189
0.98564,6932,3840328,0,0,2.761992,2509.782598
0.98564,6942,3845868,0,0,2.763421,2512.10382
0.98564,6952,3851408,0,0,2.764475,2514.763537
0.98564,6962,3856948,0,0,2.765942,2517.044521
0.98564,6972,3862488,0,0,2.767625,2519.127543
0.98564,6981,3867474,0,0,2.768051,2521.991188
0.98564,6984,3869136,0,0,2.768772,2522.417549
0.98564,6988,3871352,0,0,2.768818,2523.820506
0.98564,6994,3874676,0,0,2.769486,2525.378183
0.98564,7006,3881324,0,0,2.770808,2528.504338
0.98564,7014,3885756,0,0,2.787409,2516.315055
0.98564,7031,3895174,0,0,2.794091,2516.382335
0.98564,7041,3900714,0,0,2.795199,2518.962267
0.98564,7051,3906254,0,0,2.796305,2521.542088
0.98564,7061,3911794,0,0,2.797991,2523.596791
0.98564,7072,3917888,0,0,2.7989,2526.706806
0.98564,7082,3923428,0,0,2.799999,2529.286403
0.98564,7092,3928968,0,0,2.894615,2450.066413
0.98564,7110,3938940,0,0,2.895054,2455.913057
0.98564,7120,3944480,0,0,2.895579,2458.921114
0.98564,7130,3950020,0,0,2.896469,2461.618228
0.98564,7140,3955560,0,0,2.897291,2464.371278
0.98564,7150,3961100,0,0,2.898119,2467.117082
0.98564,7160,3966640,0,0,2.898961,2469.850348
0.98564,7170,3972180,0,0,2.900178,2472.261679
0.98564,7180,3977720,0,0,2.908564,2468.572245
0.98564,7190,3983260,0,0,2.910802,2470.109303
0.98564,7200,3988800,0,0,2.911606,2472.861994
0.98564,7210,3994340,0,0,2.915793,2472.740539
0.98564,7220,3999880,0,0,2.916227,2475.801694
0.98564,7230,4005420,0,0,2.916236,2479.22308
0.98564,7240,4010960,0,0,2.916245,2482.644648
0.98564,7250,4016500,0,0,2.926062,2477.732982
0.98564,7260,4022040,0,0,2.926539,2480.745671
0.98564,7270,4027580,0,0,2.926549,2484.154176
0.98564,7280,4033120,0,0,2.926646,2487.489097
0.98564,7290,4038660,0,0,2.980788,2445.661635
0.98564,7300,4044200,0,0,2.980798,2449.008616
0.98564,7310,4049740,0,0,2.981237,2452.002556
0.98564,7320,4055280,0,0,2.9825,2454.316785
0.98564,7330,4060820,0,0,2.983042,2457.222999
0.98564,7340,4066360,0,0,2.983651,2460.073506
0.98564,7350,4071900,0,0,2.984104,2463.05056
0.98564,7360,4077440,0,0,2.985014,2465.650306
0.98564,7370,4082980,0,0,2.985261,2468.795891
0.98564,7380,4088520,0,0,2.993398,2465.425424
0.98564,7390,4094060,0,0,2.993838,2468.403571
0.98564,7400,4099600,0,0,2.993847,2471.736483
0.98564,7410,4105140,0,0,2.994272,2474.724883
0.98564,7417,4109018,0,0,3.002707,2470.104276
0.98564,7427,4114558,0,0,3.002774,2473.379615
0.98564,7433,4117882,0,0,3.003202,2475.025218
0.98564,7443,4123422,0,0,3.003211,2478.347521
0.98564,7453,4128962,0,0,3.003636,2481.32626
0.98564,7463,4134502,0,0,3.003645,2484.648064
0.98564,7473,4140042,0,0,3.003654,2487.970045
0.993865,7483,4145582,0,0,3.09613,2416.888076
0.993865,7493,4151122,0,0,3.096139,2420.110833
0.993865,7503,4156662,0,0,3.096565,2423.007609
0.994168,7513,4162202,0,0,3.098521,2424.705584
0.994168,7523,4167742,0,0,3.099173,2427.422086
0.994168,7533,4173282,0,0,3.100078,2429.93859
0.994168,7543,4178822,0,0,3.100744,2432.641591
0.994168,7553,4184362,0,0,3.101698,2435.117858
0.994168,7563,4189902,0,0,3.102069,2438.050295
0.994168,7573,4195442,0,0,3.102779,2440.715125
0.993843,7583,4200982,0,0,3.104588,2442.514086
0.993843,7593,4206522,0,0,3.105251,2445.213281
0.993843,7603,4212062,0,0,3.1062,2447.685478
0.993843,7613,4217602,0,0,3.106577,2450.607087
0.993843,7623,4223142,0,0,3.107246,2453.298122
0.993843,7633,4228682,0,0,3.107911,2455.990448
0.993843,7643,4234222,0,0,3.108924,2458.40709
0.993843,7653,4239762,0,0,3.109921,2460.834042
0.993843,7663,4245302,0,0,3.111796,2462.565293
0.993843,7673,4250842,0,0,3.112474,2465.241127
0.993843,7683,4256382,0,0,3.113396,2467.723404
0.993843,7693,4261922,0,0,3.114056,2470.411491
0.993843,7703,4267462,0,0,3.115018,2472.859181
0.993843,7713,4273002,0,0,3.115647,2475.569029
0.993843,7723,4278542,0,0,3.116321,2478.242895
0.994492,7733,4284082,0,0,3.122895,2476.227796
0.994492,7743,4289622,0,0,3.122926,2479.405534
0.993187,7753,4295162,0,0,3.207435,2417.196197
0.993187,7763,4300702,0,0,3.207446,2420.306037
0.993187,7773,4306242,0,0,3.207456,2423.416036
0.993187,7783,4311782,0,0,3.207959,2426.15343
0.993187,7793,4317322,0,0,3.210428,2427.402023
0.993187,7803,4322862,0,0,3.210873,2430.180468
0.993187,7813,4328402,0,0,3.210882,2433.28802
0.993187,7823,4333942,0,0,3.212818,2434.933776
0.993187,7833,4339482,0,0,3.213246,2437.722136
0.993187,7843,4345022,0,0,3.213255,2440.827191
0.993187,7853,4350562,0,0,3.213802,2443.523384
0.993187,7863,4356102,0,0,3.214177,2446.349489
0.993187,7873,4361642,0,0,3.214848,2448.949525
0.993187,7883,4367182,0,0,3.215761,2451.363445
0.993187,7893,4372722,0,0,3.216424,2453.967703
0.993187,7903,4378262,0,0,3.217371,2456.353167
0.993187,7913,4383802,0,0,3.22004,2457.42319
0.993187,7923,4389342,0,0,3.220056,2460.516353
0.993187,7933,4394882,0,0,3.220496,2463.285205
0.993187,7943,4400422,0,0,3.221366,2465.724223
0.993187,7953,4405962,0,0,3.222563,2467.911207
0.993187,7963,4411502,0,0,3.223243,2470.493228
0.993187,7973,4417042,0,0,3.223907,2473.086232
0.993187,7983,4422582,0,0,3.224565,2475.682927
0.993187,7993,4428122,0,0,3.225235,2478.26867
0.993187,8003,4433662,0,0,3.230873,2477.03977
0.993187,8013,4439202,0,0,3.230882,2480.127589
0.993187,8023,4444742,0,0,3.230891,2483.215755
0.993187,8033,4450282,0,0,3.231315,2485.98507
0.993187,8043,4455822,0,0,3.231833,2488.680403
0.993187,8053,4461362,0,0,3.232842,2490.997293
0.993187,8063,4466902,0,0,3.234629,2492.712154
0.993187,8073,4472442,0,0,3.242788,2489.524388
0.993187,8083,4477982,0,0,3.312151,2440.407743
0.993187,8093,4483522,0,0,3.31216,2443.420421
0.993187,8103,4489062,0,0,3.312588,2446.123713
0.993187,8113,4494602,0,0,3.318157,2445.032017
0.993187,8123,4500142,0,0,3.318221,2447.998599
0.993187,8133,4505682,0,0,3.318677,2450.67506
0.993187,8143,4511222,0,0,3.318686,2453.681611
0.993187,8153,4516762,0,0,3.319151,2456.350916
0.993187,8163,4522302,0,0,3.323258,2456.324719
0.993187,8173,4527842,0,0,3.323306,2459.298175
0.993187,8183,4533382,0,0,3.323807,2461.936143
0.993187,8193,4538922,0,0,3.323816,2464.938199
0.993187,8203,4544462,0,0,3.32424,2467.631899
0.993187,8213,4550002,0,0,3.325212,2469.917529
0.993187,8223,4555542,0,0,3.325913,2472.403854
0.993187,8233,4561082,0,0,3.326945,2474.642781
0.993187,8243,4566622,0,0,3.331284,2474.42124
0.993187,8253,4572162,0,0,3.331882,2476.978654
0.993187,8263,4577702,0,0,3.331892,2479.971975
0.993185,8273,4583242,0,0,3.331903,2482.965455
0.993185,8283,4588782,0,0,3.332465,2485.547179
0.993185,8293,4594322,0,0,3.332923,2488.206524
0.993185,8303,4599862,0,0,3.334185,2490.263645
0.993185,8313,4605402,0,0,3.334265,2493.203333
0.993185,8323,4610942,0,0,3.334925,2495.708169
0.993185,8333,4616482,0,0,3.336154,2497.786207
0.993185,8343,4622022,0,0,3.337469,2499.798782
0.993185,8353,4627562,0,0,3.44367,2425.610031
0.993185,8365,4634210,0,0,3.443695,2429.076859
0.993185,8375,4639750,0,0,3.444232,2431.60126
0.993185,8385,4645290,0,0,3.444596,2434.248032
0.993185,8395,4650830,0,0,3.45014,2433.234762
0.993185,8405,4656370,0,0,3.450159,2436.119728
0.993185,8415,4661910,0,0,3.450169,2439.011235
0.993185,8425,4667450,0,0,3.451106,2441.246321
0.993185,8435,4672990,0,0,3.452112,2443.431591
0.993185,8445,4678530,0,0,3.453266,2445.511239
0.993185,8455,4684070,0,0,3.454045,2447.854745
0.993185,8465,4689610,0,0,3.454907,2450.138522
0.993185,8475,4695150,0,0,3.459424,2449.829616
0.993185,8485,4700690,0,0,3.459433,2452.714016
0.993185,8495,4706230,0,0,3.45987,2455.294661
0.993185,8505,4711770,0,0,3.461358,2457.128218
0.993185,8515,4717310,0,0,3.46152,2459.902039
0.993185,8525,4722850,0,0,3.462092,2462.38407
0.993185,8535,4728390,0,0,3.462162,2465.222246
0.993185,8545,4733930,0,0,3.464741,2466.27399
0.993185,8555,4739470,0,0,3.465893,2468.339307
0.993185,8565,4745010,0,0,3.466768,2470.600671
0.993185,8575,4750550,0,0,3.473055,2469.008084
0.993185,8585,4756090,0,0,3.473102,2471.853456
0.993185,8595,4761630,0,0,3.473759,2474.264956
0.993185,8605,4767170,0,0,3.473768,2477.136881
0.993185,8615,4772710,0,0,3.473777,2480.009301
0.993185,8625,4778250,0,0,3.558823,2423.553843
0.993185,8635,4783790,0,0,3.558832,2426.357584
0.993185,8645,4789330,0,0,3.559333,2428.825629
0.993185,8652,4793208,0,0,3.564613,2427.191885
0.993185,8662,4798748,0,0,3.564905,2429.797993
0.993185,8672,4804288,0,0,3.565394,2432.269809
0.993185,8682,4809828,0,0,3.565404,2435.067709
0.993185,8692,4815368,0,0,3.565845,2437.571216
0.993185,8702,4820908,0,0,3.565854,2440.3694
0.993185,8712,4826448,0,0,3.565862,2443.167734
0.993185,8722,4831988,0,0,3.566736,2445.372709
0.993185,8732,4837528,0,0,3.567296,2447.792207
0.993185,8742,4843068,0,0,3.56826,2449.933285
0.993185,8752,4848608,0,0,3.568575,2452.519628
0.993185,8762,4854148,0,0,3.569176,2454.90806
0.993185,8772,4859688,0,0,3.571718,2455.96082
0.993185,8782,4865228,0,0,3.572406,2458.287015
0.993185,8792,4870768,0,0,3.577094,2457.860992
0.993185,8802,4876308,0,0,3.577128,2460.632941
0.993185,8812,4881848,0,0,3.57714,2463.42027
0.993185,8822,4887388,0,0,3.577808,2465.755307
0.993185,8832,4892928,0,0,3.57782,2468.542253
0.993185,8842,4898468,0,0,3.57913,2470.432475
0.993185,8852,4904008,0,0,3.579192,2473.18411
0.99244,8862,4909548,0,0,3.579842,2475.528352
0.99244,8872,4915088,0,0,3.580645,2477.766149
0.99244,8882,4920628,0,0,3.581075,2480.261013
0.99244,8892,4926168,0,0,3.582084,2482.354054
0.99244,8902,4931708,0,0,3.583875,2483.903637
0.990724,8912,4937248,0,0,3.683681,2419.319147
0.990724,8931,4947774,0,0,3.691802,2419.144118
0.990724,8941,4953314,0,0,3.692444,2421.431386
0.990724,8951,4958854,0,0,3.698932,2419.887575
0.990724,8961,4964394,0,0,3.698959,2422.573725
0.990724,8971,4969934,0,0,3.699416,2424.977086
0.990724,8981,4975474,0,0,3.699426,2427.674113
0.990724,8991,4981014,0,0,3.699434,2430.371597
0.990724,9001,4986554,0,0,3.704837,2429.526378
0.990724,9011,4992094,0,0,3.705119,2432.040557
0.990724,9021,4997634,0,0,3.705556,2434.45238
0.990724,9031,5003174,0,0,3.708707,2435.080725
0.990724,9041,5008714,0,0,3.708727,2437.763606
0.990724,9050,5013700,0,0,3.716524,2435.071281
0.990724,9060,5019240,0,0,3.716533,2437.756025
0.990724,9070,5024780,0,0,3.71696,2440.166344
0.990724,9080,5030320,0,0,3.716968,2442.851231
0.990724,9090,5035860,0,0,3.720448,2443.254291
0.990724,9097,5039738,0,0,3.721737,2444.288843
0.990724,9107,5045278,0,0,3.722615,2446.398878
0.990724,9117,5050818,0,0,3.730253,2444.069847
0.990724,9127,5056358,0,0,3.730519,2446.576275
0.990724,9137,5061898,0,0,3.731489,2448.620257
0.990724,9147,5067438,0,0,3.732189,2450.840238
0.990724,9157,5072978,0,0,3.732918,2453.041055
0.990724,9167,5078518,0,0,3.734249,2454.844259
0.990724,9177,5084058,0,0,3.734493,2457.361357
0.990724,9187,5089598,0,0,3.735702,2459.243245
0.990724,9197,5095138,0,0,3.736628,2461.310314
0.990724,9207,5100678,0,0,3.737545,2463.38186
0.990724,9217,5106218,0,0,3.73894,2465.137335
0.990724,9227,5111758,0,0,3.739417,2467.496731
0.990724,9237,5117298,0,0,3.741939,2468.506256
0.990724,9247,5122838,0,0,3.745138,2469.067627
0.990724,9257,5128378,0,0,3.746058,2471.131309
0.990724,9267,5133918,0,0,3.840255,2413.12099
0.990724,9280,5141120,0,0,3.863799,2401.781341
0.990724,9290,5146660,0,0,3.864359,2404.021012
0.990724,9300,5152200,0,0,3.864369,2406.602676
0.990724,9310,5157740,0,0,3.864378,2409.184624
0.990724,9320,5163280,0,0,3.876551,2404.198896
0.990724,9330,5168820,0,0,3.877764,2406.025453
0.990724,9340,5174360,0,0,3.87928,2407.663074
0.990724,9350,5179900,0,0,3.88021,2409.663146
0.990724,9360,5185440,0,0,3.889771,2406.311037
0.990724,9370,5190980,0,0,3.890324,2408.539827
0.990724,9380,5196520,0,0,3.890333,2411.104692
0.990724,9390,5202060,0,0,3.893504,2411.709557
0.990724,9400,5207600,0,0,3.893513,2414.272172
0.990724,9410,5213140,0,0,3.894478,2416.241464
0.990724,9420,5218680,0,0,3.895392,2418.241898
0.990724,9430,5224220,0,0,3.896352,2420.212811
0.990724,9440,5229760,0,0,3.897595,2422.006287
0.990724,9450,5235300,0,0,3.898166,2424.217111
0.990724,9460,5240840,0,0,3.899581,2425.901386
0.990724,9470,5246380,0,0,3.901604,2427.207049
0.990724,9480,5251920,0,0,3.902139,2429.436513
0.990724,9490,5257460,0,0,3.903116,2431.390574
0.990724,9500,5263000,0,0,3.904054,2433.367878
0.990724,9510,5268540,0,0,3.905398,2435.09119
0.990724,9520,5274080,0,0,4.003219,2378.086443
0.990724,9530,5279620,0,0,4.003232,2380.576776
0.990724,9538,5284052,0,0,4.003933,2382.157771
0.990724,9548,5289592,0,0,4.007377,2382.605933
0.990724,9558,5295132,0,0,4.00861,2384.367359
0.990724,9568,5300672,0,0,4.009842,2386.128836
0.990724,9578,5306212,0,0,4.011242,2387.788887
0.990724,9588,5311752,0,0,4.013895,2388.702509
0.990724,9598,5317292,0,0,4.015124,2390.461615
0.990724,9608,5322832,0,0,4.01634,2392.227739
0.990724,9618,5328372,0,0,4.017591,2393.971626
0.990724,9628,5333912,0,0,4.018987,2395.628728
0.990724,9638,5339452,0,0,4.021938,2396.356986
0.990724,9648,5344992,0,0,4.025727,2396.585598
0.990724,9658,5350532,0,0,4.026902,2398.369646
0.990724,9668,5356072,0,0,4.028161,2400.102648
0.990724,9678,5361612,0,0,4.029541,2401.762517
0.990724,9688,5367152,0,0,4.030601,2403.611612
0.990724,9698,5372692,0,0,4.032221,2405.125919
0.990724,9708,5378232,0,0,4.03339,2406.908163
0.990724,9718,5383772,0,0,4.03464,2408.641123
0.990724,9728,5389312,0,0,4.036023,2410.293273
0.990724,9738,5394852,0,0,4.03746,2411.912529
0.990724,9748,5400392,0,0,4.038677,2413.661715
0.990724,9758,5405932,0,0,4.039908,2415.401437
0.990724,9768,5411472,0,0,4.041141,2417.1391
0.990724,9778,5417012,0,0,4.044104,2417.840684
0.990724,9788,5422552,0,0,4.045781,2419.310449
0.990724,9798,5428092,0,0,4.047336,2420.851724
0.990724,9808,5433632,0,0,4.048547,2422.597379
0.990724,9818,5439172,0,0,4.049783,2424.327432
0.990724,9828,5444712,0,0,4.051191,2425.953059
0.990724,9838,5450252,0,0,4.052562,2427.599979
0.990724,9848,5455792,0,0,4.0538,2429.32565
0.990724,9858,5461332,0,0,4.057909,2429.330118
0.990724,9868,5466872,0,0,4.059135,2431.059843
0.990724,9878,5472412,0,0,4.06055,2432.675392
0.990724,9888,5477952,0,0,4.061543,2434.542599
0.990724,9898,5483492,0,0,4.06318,2436.023178
0.990724,9908,5489032,0,0,4.15587,2384.097423
0.990724,9918,5494572,0,0,4.15588,2386.498318
0.990724,9928,5500112,0,0,4.156319,2388.651856
0.990724,9938,5505652,0,0,4.156329,2391.052344
0.990724,9948,5511192,0,0,4.159868,2391.421897
0.990724,9958,5516732,0,0,4.160787,2393.297306
0.990724,9968,5522272,0,0,4.161717,2395.165163
0.990724,9978,5527812,0,0,4.162863,2396.908217
0.990724,9988,5533352,0,0,4.163574,2398.900709
0.990724,9998,5538892,0,0,4.164484,2400.777747
0.990724,10008,5544432,0,0,4.167747,2401.297105
0.990724,10018,5549972,0,0,4.176212,2398.824676
0.990724,10028,5555512,0,0,4.17671,2400.932855
0.990724,10038,5561052,0,0,4.17672,2403.321047
0.990724,10048,5566592,0,0,4.176731,2405.708953
0.990724,10058,5572132,0,0,4.177161,2407.855629
0.990724,10068,5577672,0,0,4.182751,2407.028053
0.990724,10080,5584320,0,0,4.183504,2409.463394
0.990724,10090,5589860,0,0,4.1838,2411.683032
0.990724,10100,5595400,0,0,4.184683,2413.563894
0.990724,10110,5600940,0,0,4.184915,2415.819913
0.990724,10120,5606480,0,0,4.186054,2417.55096
0.990724,10134,5614236,0,0,4.189585,2418.855345
0.990724,10144,5619776,0,0,4.194332,2418.502125
0.990724,10154,5625316,0,0,4.195121,2420.430753
0.990724,10164,5630856,0,0,4.195131,2422.808691
0.990724,10174,5636396,0,0,4.19514,2425.187169
0.990724,10184,5641936,0,0,4.195861,2427.154024
0.990724,10194,5647476,0,0,4.196789,2429.000008
0.990724,10204,5653016,0,0,4.198297,2430.509171
0.990724,10214,5658556,0,0,4.198997,2432.485374
0.990724,10224,5664096,0,0,4.199914,2434.335573
0.990724,10233,5669082,0,0,4.200752,2435.992263
0.990724,10243,5674622,0,0,4.201667,2437.841754
0.990724,10253,5680162,0,0,4.299539,2384.674347
0.990724,10261,5684594,0,0,4.299548,2386.529718
0.990724,10271,5690134,0,0,4.299558,2388.850245
0.990724,10281,5695674,0,0,4.299986,2390.938213
0.990724,10291,5701214,0,0,4.300497,2392.979067
0.990724,10301,5706754,0,0,4.301764,2394.599047
0.990724,10311,5712294,0,0,4.302674,2396.416709
0.990724,10321,5717834,0,0,4.303592,2398.229219
0.990724,10331,5723374,0,0,4.304518,2400.03617
0.990724,10341,5728914,0,0,4.305437,2401.846865
0.990724,10351,5734454,0,0,4.30662,2403.509215
0.990724,10361,5739994,0,0,4.307595,2405.286335
0.990724,10371,5745534,0,0,4.308516,2407.093153
0.990724,10381,5751074,0,0,4.312959,2406.931983
0.990724,10391,5756614,0,0,4.313824,2408.767754
0.990724,10401,5762154,0,0,4.31498,2410.440026
0.990724,10411,5767694,0,0,4.315678,2412.367121
0.990724,10421,5773234,0,0,4.316592,2414.172912
0.990724,10431,5778774,0,0,4.317522,2415.968999
0.990724,10441,5784314,0,0,4.31904,2417.435456
0.990724,10451,5789854,0,0,4.333717,2411.555921
0.990724,10461,5795394,0,0,4.333726,2413.857964
0.990724,10471,5800934,0,0,4.333736,2416.16013
0.990724,10481,5806474,0,0,4.336932,2416.685242
0.990724,10491,5812014,0,0,4.336942,2418.985567
0.990724,10501,5817554,0,0,4.337414,2421.027947
0.990724,10511,5823094,0,0,4.345138,2419.025546
0.990724,10521,5828634,0,0,4.345194,2421.296013
0.990724,10531,5834174,0,0,4.3457,2423.314987
0.990724,10541,5839714,0,0,4.345712,2425.609325
0.990724,10551,5845254,0,0,4.346322,2427.569627
0.990724,10561,5850794,0,0,4.346332,2429.865091
0.990724,10571,5856334,0,0,4.346924,2431.83452
0.990724,10581,5861874,0,0,4.347837,2433.623774
0.990724,10591,5867414,0,0,4.348756,2435.408939
0.990724,10601,5872954,0,0,4.349872,2437.083143
0.990724,10611,5878494,0,0,4.350613,2438.966447
0.990724,10621,5884034,0,0,4.351544,2440.742792
0.990724,10631,5889574,0,0,4.455167,2386.218296
0.990724,10641,5895114,0,0,4.455176,2388.457896
0.990724,10651,5900654,0,0,4.455618,2390.465046
0.990724,10661,5906194,0,0,4.455679,2392.676884
0.990724,10671,5911734,0,0,4.456507,2394.475973
0.990724,10681,5917274,0,0,4.457363,2396.25991
0.990724,10691,5922814,0,0,4.458204,2398.050986
0.990724,10701,5928354,0,0,4.459257,2399.727062
0.990724,10711,5933894,0,0,4.459829,2401.66141
0.990724,10721,5939434,0,0,4.461043,2403.249836
0.990724,10731,5944974,0,0,4.463153,2404.354114
0.990724,10741,5950514,0,0,4.468557,2403.684168
0.990724,10751,5956054,0,0,4.472861,2403.60697
0.990724,10761,5961594,0,0,4.477449,2403.377491
0.990724,10771,5967134,0,0,4.477464,2405.602579
0.990724,10781,5972674,0,0,4.477898,2407.602916
0.990724,10791,5978214,0,0,4.477907,2409.831103
0.990724,10801,5983754,0,0,4.478333,2411.83507
0.990724,10811,5989294,0,0,4.478341,2414.063417
0.990724,10821,5994834,0,0,4.479163,2415.853049
0.990724,10831,6000374,0,0,4.480272,2417.487252
0.990724,10841,6005914,0,0,4.48138,2419.121161
0.990724,10851,6011454,0,0,4.482748,2420.613281
0.990724,10861,6016994,0,0,4.492047,2417.828755
0.990724,10871,6022534,0,0,4.493481,2419.282554
0.990724,10881,6028074,0,0,4.495017,2420.680601
0.990724,10891,6033614,0,0,4.495153,2422.831908
0.990724,10901,6039154,0,0,4.495591,2424.820398
0.990724,10911,6044694,0,0,4.496637,2426.480128
0.990724,10921,6050234,0,0,4.497468,2428.254933
0.990724,10931,6055774,0,0,4.498245,2430.058834
0.990724,10941,6061314,0,0,4.499077,2431.832343
0.990724,10951,6066854,0,0,4.500558,2433.253886
0.990724,10961,6072394,0,0,4.501089,2435.18841
0.990724,10971,6077934,0,0,4.501941,2436.948623
0.990724,10981,6083474,0,0,4.50269,2438.764212
0.990724,10991,6089014,0,0,4.505306,2439.56792
0.990724,11001,6094554,0,0,4.506406,2441.191587
0.990724,11011,6100094,0,0,4.507221,2442.968747
0.990724,11021,6105634,0,0,4.508004,2444.76285
0.990724,11031,6111174,0,0,4.618208,2388.588609
0.990724,11041,6116714,0,0,4.618218,2390.749014
0.990724,11051,6122254,0,0,4.61866,2392.685215
0.990724,11061,6127794,0,0,4.61867,2394.845276
0.990724,11071,6133334,0,0,4.618679,2397.005823
0.990724,11081,6138874,0,0,4.623563,2396.636383
0.990724,11091,6144414,0,0,4.624119,2398.510792
0.990724,11101,6149954,0,0,4.624559,2400.445017
0.990724,11111,6155494,0,0,4.624568,2402.602678
0.990724,11121,6161034,0,0,4.625217,2404.427624
0.990724,11131,6166574,0,0,4.626332,2406.009997
0.990724,11141,6172114,0,0,4.627437,2407.596197
0.990724,11151,6177654,0,0,4.629735,2408.561185
0.990724,11161,6183194,0,0,4.639176,2405.814979
0.990724,11171,6188734,0,0,4.640284,2407.395722
0.990724,11181,6194274,0,0,4.64139,2408.976453
0.990724,11191,6199814,0,0,4.642498,2410.55544
0.990724,11201,6205354,0,0,4.643803,2412.031628
0.990724,11211,6210894,0,0,4.644972,2413.577599
0.990724,11221,6216434,0,0,4.646086,2415.151173
0.990724,11231,6221974,0,0,4.647513,2416.561333
0.990724,11241,6227514,0,0,4.648616,2418.138913
0.990724,11251,6233054,0,0,4.649927,2419.607805
0.990724,11261,6238594,0,0,4.650834,2421.286241
0.990724,11271,6244134,0,0,4.65223,2422.709097
0.990724,11281,6249674,0,0,4.653329,2424.28598
0.990724,11291,6255214,0,0,4.655957,2425.06536
0.990724,11301,6260754,0,0,4.657258,2426.534957
0.990724,11311,6266294,0,0,4.65866,2427.951543
0.990724,11321,6271834,0,0,4.659769,2429.519545
0.990724,11331,6277374,0,0,4.660873,2431.089535
0.990724,11341,6282914,0,0,4.662095,2432.59745
0.990724,11351,6288454,0,0,4.663359,2434.082548
0.990724,11361,6293994,0,0,4.664462,2435.650749
0.990724,11371,6299534,0,0,4.665932,2437.026546
0.990724,11381,6305074,0,0,4.667042,2438.589698
0.990724,11391,6310614,0,0,4.668146,2440.155097
0.990724,11401,6316154,0,0,4.77765,2386.319813
0.991296,11411,6321694,0,0,4.777659,2388.408364
0.991296,11421,6327234,0,0,4.777668,2390.496906
0.991296,11431,6332774,0,0,4.778441,2392.202956
0.991296,11441,6338314,0,0,4.778476,2394.278128
0.991296,11451,6343854,0,0,4.779001,2396.107592
0.991296,11461,6349394,0,0,4.779011,2398.195174
0.991296,11471,6354934,0,0,4.77902,2400.283107
0.991296,11481,6360474,0,0,4.781061,2401.349979
0.991296,11491,6366014,0,0,4.78107,2403.43701
0.991296,11501,6371554,0,0,4.785425,2403.339452
0.991296,11511,6377094,0,0,4.785434,2405.424577
0.991296,11521,6382634,0,0,4.785443,2407.509574
0.991296,11531,6388174,0,0,4.78588,2409.379213
0.991296,11541,6393714,0,0,4.791174,2408.804341
0.991296,11551,6399254,0,0,4.792713,2410.116989
0.991296,11561,6404794,0,0,4.792865,2412.127174
0.991296,11571,6410334,0,0,4.793135,2414.07743
0.991296,11581,6415874,0,0,4.794243,2415.605621
0.991296,11591,6421414,0,0,4.795408,2417.104144
0.991296,11601,6426954,0,0,4.796542,2418.617328
0.991296,11611,6432494,0,0,4.797117,2420.412216
0.991296,11621,6438034,0,0,4.797899,2422.101596
0.991296,11631,6443574,0,0,4.798725,2423.768869
0.991296,11641,6449114,0,0,4.799614,2425.4034
0.991296,11652,6455208,0,0,4.801197,2426.894887
0.991296,11662,6460748,0,0,4.801896,2428.623858
0.991296,11670,6465180,0,0,4.803904,2429.274162
0.991296,11680,6470720,0,0,4.804735,2430.935224
0.991296,11686,6474044,0,0,4.893047,2388.28696
0.991296,11696,6479584,0,0,4.893056,2390.32625
0.991296,11706,6485124,0,0,4.893065,2392.365417
0.991296,11716,6490664,0,0,4.893497,2394.198089
0.991296,11726,6496204,0,0,4.893723,2396.130945
0.991296,11736,6501744,0,0,4.89451,2397.788761
0.991296,11746,6507284,0,0,4.896233,2398.987333
0.991296,11756,6512824,0,0,4.896979,2400.663593
0.991296,11766,6518364,0,0,4.897263,2402.566704
0.991296,11776,6523904,0,0,4.89954,2403.491083
0.991296,11786,6529444,0,0,4.900131,2405.241708
0.991296,11796,6534984,0,0,4.900801,2406.953503
0.991296,11806,6540524,0,0,4.901605,2408.598635
0.991296,11816,6546064,0,0,4.901792,2410.546858
0.991296,11826,6551604,0,0,4.902542,2412.217932
0.991296,11836,6557144,0,0,4.903169,2413.948943
0.991296,11846,6562684,0,0,4.911586,2411.848441
0.991296,11856,6568224,0,0,4.912143,2413.610285
0.389937,8,4432,0,0,0.001,8000.0
0.465563,18,9972,0,0,0.001,18000.0
0.65076,28,15512,0,0,0.001,28000.0
0.65076,38,21052,0,0,0.001,38000.0
0.683555,48,26592,0,0,0.001514,31704.975118
0.683555,58,32132,0,0,0.002248,25800.151872
0.683555,68,37672,0,0,0.002982,22800.59733
0.683555,78,43212,0,0,0.003986,19567.899516
0.70994,88,48752,0,0,0.004464,19714.707403
0.757335,98,54292,0,0,0.005718,17139.59603
0.757335,108,59832,0,0,0.006476,16677.767093
0.924502,118,65372,0,0,0.007215,16355.304583
0.920886,128,70912,0,0,0.00811,15782.893697
0.926029,138,76452,0,0,0.008696,15868.785524
0.926029,148,81992,0,0,0.01254,11801.912468
0.926029,158,87532,0,0,0.013148,12016.755494
0.926029,168,93072,0,0,0.013885,12099.369346
0.926029,178,98612,0,0,0.014868,11972.19551
0.926029,188,104152,0,0,0.015354,12244.621758
0.926029,198,109692,0,0,0.016096,12301.287079
0.968419,208,115232,0,0,0.024568,8466.351905
0.968419,218,120772,0,0,0.025252,8632.944078
0.968419,228,126312,0,0,0.026242,8688.198421
0.968419,238,131852,0,0,0.026734,8902.562668
0.968419,248,137392,0,0,0.027478,9025.252202
0.968419,258,142932,0,0,0.028209,9145.949323
0.974429,268,148472,0,0,0.032253,8309.359038
0.974429,278,154012,0,0,0.036461,7624.611006
0.974429,288,159552,0,0,0.03647,7896.915341
0.974429,298,165092,0,0,0.036479,8169.137808
0.974429,308,170632,0,0,0.12346,2494.72922
0.974429,318,176172,0,0,0.123476,2575.40862
0.974429,328,181712,0,0,0.124141,2642.147225
0.974429,338,187252,0,0,0.124156,2722.392015
0.974429,348,192792,0,0,0.124523,2794.666136
0.974429,358,198332,0,0,0.125326,2856.546548
0.974429,368,203872,0,0,0.130366,2822.814856
0.974429,378,209412,0,0,0.131454,2875.541233
0.974429,388,214952,0,0,0.131467,2951.319346
0.974429,398,220492,0,0,0.131511,3026.352463
0.974429,408,226032,0,0,0.132155,3087.290806
0.974429,418,231572,0,0,0.132859,3146.181487
0.974429,428,237112,0,0,0.133962,3194.932195
0.974429,438,242652,0,0,0.13484,3248.293995
0.974429,448,248192,0,0,0.135581,3304.285776
0.974429,458,253732,0,0,0.136371,3358.476095
0.974429,468,259272,0,0,0.137058,3414.618242
0.974429,478,264812,0,0,0.138201,3458.724475
0.974429,488,270352,0,0,0.138529,3522.72651
0.974429,498,275892,0,0,0.141587,3517.259749
0.974429,508,281432,0,0,0.142676,3560.523762
0.974429,518,286972,0,0,0.143641,3606.224807
0.974429,528,292512,0,0,0.144777,3646.998638
0.974429,538,298052,0,0,0.145073,3708.467222
0.974429,548,303592,0,0,0.145806,3758.422955
0.974429,558,309132,0,0,0.146621,3805.724522
0.974429,568,314672,0,0,0.147534,3849.962786
0.974429,578,320212,0,0,0.221361,2611.123127
0.974429,588,325752,0,0,0.221374,2656.140923
0.974429,598,331292,0,0,0.221386,2701.159203
0.974429,608,336832,0,0,0.223148,2724.644888
0.974429,618,342372,0,0,0.223313,2767.417938
0.974429,628,347912,0,0,0.226189,2776.43457
0.974429,638,353452,0,0,0.226202,2820.490717
0.974429,648,358992,0,0,0.226214,2864.539015
0.974429,658,364532,0,0,0.226815,2901.042888
0.974429,668,370072,0,0,0.227084,2941.637581
0.974429,678,375612,0,0,0.228146,2971.786446
0.974429,688,381152,0,0,0.228561,3010.132052
0.974429,698,386692,0,0,0.229298,3044.068962
0.974429,708,392232,0,0,0.232575,3044.180086
0.974429,718,397772,0,0,0.233311,3077.435086
0.974429,728,403312,0,0,0.234475,3104.806817
0.974429,738,408852,0,0,0.234819,3142.850248
0.974429,748,414392,0,0,0.235579,3175.161921
0.974429,758,419932,0,0,0.241614,3137.230988
0.974429,768,425472,0,0,0.241627,3178.459302
0.974429,778,431012,0,0,0.242226,3211.878032
0.974429,788,436552,0,0,0.24255,3248.819261
0.974429,798,442092,0,0,0.243285,3280.097952
0.974429,808,447632,0,0,0.244037,3310.971283
0.974429,818,453172,0,0,0.245133,3336.968307
0.974429,828,458712,0,0,0.24619,3363.251793
0.974429,838,464252,0,0,0.249098,3364.133745
0.974429,848,469792,0,0,0.249123,3403.946222
0.974429,858,475332,0,0,0.250193,3429.357444
0.974429,868,480872,0,0,0.250926,3459.183639
0.974429,878,486412,0,0,0.33828,2595.479661
0.974429,888,491952,0,0,0.338293,2624.94103
0.974429,898,497492,0,0,0.338306,2654.398286
0.974429,908,503032,0,0,0.338945,2678.897634
0.974429,918,508572,0,0,0.340627,2695.030403
0.974429,928,514112,0,0,0.341829,2714.805314
0.974429,938,519652,0,0,0.342111,2741.8012
0.974429,948,525192,0,0,0.342848,2765.071308
0.974429,958,530732,0,0,0.343632,2787.866229
0.974429,968,536272,0,0,0.344332,2811.24048
0.974429,978,541812,0,0,0.345723,2828.851118
0.974429,988,547352,0,0,0.354259,2788.921737
0.974429,998,552892,0,0,0.354285,2816.943045
0.974429,1008,558432,0,0,0.354965,2839.716819
0.974429,1018,563972,0,0,0.354978,2867.784599
0.974429,1028,569512,0,0,0.355614,2890.771384
0.974429,1038,575052,0,0,0.358794,2893.025177
0.974429,1048,580592,0,0,0.358863,2920.331622
0.974429,1058,586132,0,0,0.363401,2911.381085
0.974429,1068,591672,0,0,0.363434,2938.634734
0.974429,1078,597212,0,0,0.364123,2960.537198
0.974429,1088,602752,0,0,0.364137,2987.883054
0.974429,1098,608292,0,0,0.364151,3015.236632
0.974429,1108,613832,0,0,0.364787,3037.388095
0.974429,1118,619372,0,0,0.366068,3054.074354
0.974429,1128,624912,0,0,0.372157,3030.97613
0.974429,1138,630452,0,0,0.372171,3057.736787
0.974429,1148,635992,0,0,0.372184,3084.495524
0.976525,1156,640424,0,0,0.454735,2542.138367
0.976525,1160,642640,0,0,0.454749,2550.855786
0.976525,1170,648180,0,0,0.457219,2558.948082
0.976525,1180,653720,0,0,0.459247,2569.425465
0.976525,1190,659260,0,0,0.45985,2587.802643
0.976525,1200,664800,0,0,0.459862,2609.477178
0.976525,1210,670340,0,0,0.460469,2627.75285
0.976525,1220,675880,0,0,0.46071,2648.086369
0.976525,1230,681420,0,0,0.464638,2647.222168
0.976525,1240,686960,0,0,0.465251,2665.22956
0.976525,1250,692500,0,0,0.465264,2686.649001
0.976525,1260,698040,0,0,0.465863,2704.659253
0.976525,1270,703580,0,0,0.467716,2715.324482
0.976525,1280,709120,0,0,0.470371,2721.256154
0.976525,1290,714660,0,0,0.470981,2738.963288
0.976525,1300,720200,0,0,0.470993,2760.124303
0.976525,1310,725740,0,0,0.474012,2763.645099
0.976525,1320,731280,0,0,0.474325,2782.899563
0.976525,1330,736820,0,0,0.475121,2799.283984
0.976525,1340,742360,0,0,0.475864,2815.928173
0.976525,1350,747900,0,0,0.476598,2832.57432
0.976525,1360,753440,0,0,0.47765,2847.2707
0.976525,1370,758980,0,0,0.478551,2862.807877
0.976525,1380,764520,0,0,0.479247,2879.518115
0.976525,1390,770060,0,0,0.479992,2895.882124
0.976525,1400,775600,0,0,0.480717,2912.313846
0.976525,1410,781140,0,0,0.481873,2926.080521
0.976525,1420,786680,0,0,0.482224,2944.689681
0.976525,1430,792220,0,0,0.482936,2961.052537
0.976525,1440,797760,0,0,0.487924,2951.277257
0.976525,1450,803300,0,0,0.488232,2969.901631
0.976525,1460,808840,0,0,0.578315,2524.57354
0.976525,1470,814380,0,0,0.578328,2541.810649
0.976525,1480,819920,0,0,0.578341,2559.045964
0.976525,1490,825460,0,0,0.582267,2558.965393
0.976525,1500,831000,0,0,0.584489,2566.344853
0.976525,1510,836540,0,0,0.585191,2580.356159
0.976525,1520,842080,0,0,0.585204,2597.385349
0.976525,1530,847620,0,0,0.585417,2613.5215
0.976525,1540,853160,0,0,0.586102,2627.527888
0.976525,1550,858700,0,0,0.586681,2641.980332
0.976525,1560,864240,0,0,0.587492,2655.353201
0.976525,1570,869780,0,0,0.587506,2672.313964
0.976525,1580,875320,0,0,0.58758,2688.994607
0.976525,1590,880860,0,0,0.588439,2702.064331
0.976525,1600,886400,0,0,0.58878,2717.48395
0.976525,1610,891940,0,0,0.589581,2730.750589
0.976525,1620,897480,0,0,0.589595,2747.64844
0.976525,1630,903020,0,0,0.589756,2763.855944
0.976525,1640,908560,0,0,0.590495,2777.332611
0.976525,1650,914100,0,0,0.590555,2793.983284
0.976525,1660,919640,0,0,0.591743,2805.269659
0.976525,1670,925180,0,0,0.591758,2822.101788
0.976525,1680,930720,0,0,0.59197,2837.982956
0.976525,1690,936260,0,0,0.592693,2851.393726
0.976525,1700,941800,0,0,0.592707,2868.195498
0.976525,1710,947340,0,0,0.593595,2880.751892
0.976525,1720,952880,0,0,0.595715,2887.285328
0.976525,1730,958420,0,0,0.595759,2903.856865
0.976525,1740,963960,0,0,0.705863,2465.066755
0.976525,1750,969500,0,0,0.705877,2479.186911
0.976525,1760,975040,0,0,0.70653,2491.049146
0.976525,1770,980580,0,0,0.707827,2500.610703
0.976525,1780,986120,0,0,0.707858,2514.627489
0.976525,1790,991660,0,0,0.708514,2526.415378
0.976525,1800,997200,0,0,0.708527,2540.482412
0.976525,1810,1002740,0,0,0.709261,2551.952175
0.976525,1820,1008280,0,0,0.710602,2561.208503
0.976525,1830,1013820,0,0,0.71078,2574.635794
0.976525,1840,1019360,0,0,0.712612,2582.048845
0.976525,1850,1024900,0,0,0.713362,2593.355537
0.976525,1860,1030440,0,0,0.714223,2604.228117
0.976525,1870,1035980,0,0,0.714246,2618.146316
0.976525,1880,1041520,0,0,0.716013,2625.650818
0.976525,1890,1047060,0,0,0.716684,2637.146018
0.976525,1900,1052600,0,0,0.716697,2651.050666
0.976525,1910,1058140,0,0,0.717332,2662.643006
0.976525,1920,1063680,0,0,0.717345,2676.535508
0.976525,1930,1069220,0,0,0.717542,2689.738273
0.976525,1940,1074760,0,0,0.71864,2699.543248
0.976525,1950,1080300,0,0,0.719057,2711.883937
0.976525,1960,1085840,0,0,0.720111,2721.803916
0.976525,1970,1091380,0,0,0.720124,2735.640855
0.976525,1980,1096920,0,0,0.720443,2748.309897
0.976525,1990,1102460,0,0,0.721219,2759.216228
0.976525,2000,1108000,0,0,0.721385,2772.44558
0.976525,2010,1113540,0,0,0.821297,2447.34731
0.976525,2020,1119080,0,0,0.821311,2459.481757
0.976525,2030,1124620,0,0,0.821325,2471.615077
0.976525,2040,1130160,0,0,0.825076,2472.499194
0.976525,2050,1135700,0,0,0.825893,2482.162674
0.976525,2060,1141240,0,0,0.826547,2492.295824
0.976525,2070,1146780,0,0,0.82656,2504.353894
0.976525,2080,1152320,0,0,0.826573,2516.413752
0.976525,2090,1157860,0,0,0.828034,2524.051903
0.976525,2100,1163400,0,0,0.828991,2533.200922
0.976525,2110,1168940,0,0,0.832592,2534.252989
0.976525,2120,1174480,0,0,0.833135,2544.605953
0.976525,2130,1180020,0,0,0.834069,2553.744052
0.976525,2140,1185560,0,0,0.835021,2562.808276
0.976525,2150,1191100,0,0,0.8359,2572.077056
0.976525,2160,1196640,0,0,0.837128,2580.25154
0.976525,2170,1202180,0,0,0.839199,2585.799608
0.976525,2180,1207720,0,0,0.840184,2594.669821
0.976525,2190,1213260,0,0,0.841107,2603.710397
0.976525,2200,1218800,0,0,0.841964,2612.937561
0.976525,2210,1224340,0,0,0.843382,2620.403251
0.976525,2220,1229880,0,0,0.849026,2614.761023
0.976525,2230,1235420,0,0,0.84907,2626.402045
0.976525,2240,1240960,0,0,0.849707,2636.202439
0.976525,2250,1246500,0,0,0.850347,2645.979253
0.976525,2260,1252040,0,0,0.851616,2653.779265
0.976525,2270,1257580,0,0,0.852197,2663.704304
0.976525,2280,1263120,0,0,0.855444,2665.281989
0.976525,2290,1268660,0,0,0.944994,2423.295268
0.976525,2300,1274200,0,0,0.945007,2433.844184
0.976525,2310,1279740,0,0,0.945644,2442.780605
0.976525,2320,1285280,0,0,0.945657,2453.321393
0.976525,2330,1290820,0,0,0.946858,2460.770437
0.976525,2340,1296360,0,0,0.950945,2460.71101
0.976525,2350,1301900,0,0,0.954739,2461.406055
0.976525,2360,1307440,0,0,0.956133,2468.274913
0.976525,2370,1312980,0,0,0.957381,2475.502224
0.976525,2380,1318520,0,0,0.95861,2482.762584
0.976525,2390,1324060,0,0,0.959842,2489.99385
0.976525,2400,1329600,0,0,0.961074,2497.205955
0.976525,2410,1335140,0,0,0.962661,2503.478508
0.976525,2420,1340680,0,0,0.963887,2510.667185
0.976525,2430,1346220,0,0,0.965115,2517.834479
0.976525,2440,1351760,0,0,0.966347,2524.973591
0.976525,2450,1357300,0,0,0.967571,2532.113246
0.976525,2460,1362840,0,0,0.969854,2536.46457
0.976525,2470,1368380,0,0,0.970772,2544.366053
0.976525,2480,1373920,0,0,0.973239,2548.192939
0.976525,2490,1379460,0,0,0.974971,2553.922595
0.976525,2500,1385000,0,0,0.976237,2560.853409
0.976525,2510,1390540,0,0,0.97751,2567.749358
0.976525,2520,1396080,0,0,0.978349,2575.767402
0.976525,2530,1401620,0,0,0.979267,2583.564737
0.976525,2540,1407160,0,0,0.980194,2591.323516
0.976525,2550,1412700,0,0,0.981122,2599.06637
0.976525,2560,1418240,0,0,0.982425,2605.795683
0.976525,2570,1423780,0,0,0.985843,2606.906118
0.976525,2580,1429320,0,0,0.99215,2600.41369
0.976525,2590,1434860,0,0,0.99308,2608.047951
0.976525,2600,1440400,0,0,0.994002,2615.689256
0.976525,2610,1445940,0,0,0.995282,2622.371897
0.976525,2620,1451480,0,0,0.997223,2627.295635
0.976525,2623,1453142,0,0,0.99786,2628.626005
0.976525,2628,1455912,0,0,0.998622,2631.626538
0.976525,2650,1468100,0,0,1.000646,2648.290165
0.976525,2660,1473640,0,0,1.001564,2655.847452
0.972336,2670,1479180,0,0,1.100459,2426.259571
0.972336,2678,1483612,0,0,1.100472,2433.50132
0.972336,2688,1489152,0,0,1.101077,2441.245985
0.972336,2698,1494692,0,0,1.108768,2433.330393
0.972336,2708,1500232,0,0,1.108833,2442.208144
0.972336,2718,1505772,0,0,1.109457,2449.848105
0.972336,2728,1511312,0,0,1.109468,2458.835107
0.972336,2738,1516852,0,0,1.110073,2466.505316
0.972336,2748,1522392,0,0,1.119524,2454.614635
0.972336,2758,1527932,0,0,1.119773,2462.998344
0.972336,2768,1533472,0,0,1.120589,2470.129509
0.972336,2778,1539012,0,0,1.120816,2478.551358
0.972336,2788,1544552,0,0,1.121443,2486.082061
0.972336,2798,1550092,0,0,1.121458,2494.967316
0.972336,2808,1555632,0,0,1.121471,2503.855005
0.972336,2818,1561172,0,0,1.127118,2500.181634
0.972336,2828,1566712,0,0,1.128042,2506.998362
0.972336,2838,1572252,0,0,1.128643,2514.525061
0.972336,2848,1577792,0,0,1.128655,2523.357011
0.972336,2858,1583332,0,0,1.129333,2530.696746
0.972336,2868,1588872,0,0,1.130254,2537.483728
0.972336,2878,1594412,0,0,1.133852,2538.249597
0.972336,2888,1599952,0,0,1.134462,2545.699276
0.972336,2898,1605492,0,0,1.134474,2554.487182
0.972336,2908,1611032,0,0,1.135329,2561.37206
0.972336,2918,1616572,0,0,1.136248,2568.102155
0.972336,2928,1622112,0,0,1.137168,2574.818138
0.972336,2938,1627652,0,0,1.1421,2572.453498
0.972336,2948,1633192,0,0,1.143867,2577.221592
0.972336,2958,1638732,0,0,1.145488,2582.306017
0.972336,2968,1644272,0,0,1.146756,2588.170068
0.972336,2978,1649812,0,0,1.147844,2594.429036
0.972336,2988,1655352,0,0,1.15397,2589.321002
0.972336,2998,1660892,0,0,1.154167,2597.544518
0.972336,3008,1666432,0,0,1.154208,2606.11618
0.972336,3018,1671972,0,0,1.155322,2612.258039
0.972336,3028,1677512,0,0,1.156076,2619.204529
0.972336,3038,1683052,0,0,1.158013,2623.459083
0.972336,3048,1688592,0,0,1.158284,2631.479097
0.972336,3060,1695240,0,0,1.268343,2412.596646
0.972336,3070,1700780,0,0,1.268986,2419.253545
0.972336,3080,1706320,0,0,1.270019,2425.160465
0.972336,3090,1711860,0,0,1.271119,2430.928288
0.972336,3100,1717400,0,0,1.280103,2421.680642
0.972336,3110,1722940,0,0,1.2812,2427.411478
0.972336,3120,1728480,0,0,1.282613,2432.534588
0.972336,3130,1734020,0,0,1.283656,2438.347287
0.972336,3140,1739560,0,0,1.285089,2443.410051
0.972336,3150,1745100,0,0,1.285729,2449.971183
0.972336,3160,1750640,0,0,1.285742,2457.724259
0.972336,3170,1756180,0,0,1.286617,2463.825598
0.972336,3180,1761720,0,0,1.287436,2470.026136
0.972336,3190,1767260,0,0,1.288851,2475.072257
0.972336,3200,1772800,0,0,1.293187,2474.507422
0.972336,3210,1778340,0,0,1.294284,2480.13599
0.972336,3220,1783880,0,0,1.295707,2485.130221
0.972336,3230,1789420,0,0,1.305547,2474.058768
0.972336,3240,1794960,0,0,1.306534,2479.844423
0.972336,3250,1800500,0,0,1.307655,2485.364388
0.972336,3260,1806040,0,0,1.30876,2490.906654
0.972336,3270,1811580,0,0,1.310494,2495.242355
0.972336,3280,1817120,0,0,1.31131,2501.316287
0.972336,3290,1822660,0,0,1.312418,2506.824225
0.972336,3300,1828200,0,0,1.313525,2512.323783
0.972336,3310,1833740,0,0,1.315099,2516.92169
0.972336,3320,1839280,0,0,1.316253,2522.311999
0.972336,3330,1844820,0,0,1.31731,2527.878601
0.972336,3340,1850360,0,0,1.318102,2533.945847
0.972336,3350,1855900,0,0,1.318952,2539.894691
0.972336,3360,1861440,0,0,1.32235,2540.931328
0.972336,3370,1866980,0,0,1.323604,2546.079448
0.972336,3380,1872520,0,0,1.323973,2552.922267
0.972336,3390,1878060,0,0,1.324844,2558.792053
0.972336,3400,1883600,0,0,1.32568,2564.721006
0.972336,3410,1889140,0,0,1.326456,2570.759382
0.972336,3420,1894680,0,0,1.4235,2402.528472
0.972336,3430,1900220,0,0,1.423513,2409.531213
0.972336,3440,1905760,0,0,1.423527,2416.533825
0.972336,3450,1911300,0,0,1.426764,2418.059309
0.972336,3460,1916840,0,0,1.428698,2421.784919
0.972336,3470,1922380,0,0,1.429375,2427.634569
0.972336,3480,1927920,0,0,1.429389,2434.607487
0.972336,3490,1933460,0,0,1.429401,2441.581494
0.972336,3500,1939000,0,0,1.430037,2447.4899
0.972336,3510,1944540,0,0,1.430356,2453.93491
0.972336,3520,1950080,0,0,1.431449,2459.046442
0.972336,3530,1955620,0,0,1.432195,2464.747845
0.972336,3540,1961160,0,0,1.432816,2470.65995
0.972336,3550,1966700,0,0,1.43361,2476.266274
0.972336,3560,1972240,0,0,1.435491,2479.987125
0.972336,3570,1977780,0,0,1.436652,2484.944257
0.972336,3580,1983320,0,0,1.441819,2482.974302
0.972336,3590,1988860,0,0,1.441854,2489.849874
0.972336,3600,1994400,0,0,1.442544,2495.590326
0.972336,3610,1999940,0,0,1.442558,2502.498946
0.972336,3620,2005480,0,0,1.443195,2508.324193
0.972336,3630,2011020,0,0,1.443207,2515.231243
0.972336,3640,2016560,0,0,1.443876,2520.991642
0.972336,3650,2022100,0,0,1.44476,2526.370598
0.972336,3660,2027640,0,0,1.445403,2532.166014
0.972336,3670,2033180,0,0,1.446454,2537.239261
0.972336,3680,2038720,0,0,1.446828,2543.495765
0.972336,3690,2044260,0,0,1.450465,2544.011393
0.972336,3703,2051462,0,0,1.545498,2395.991987
0.972336,3708,2054232,0,0,1.546323,2397.946888
0.972336,3717,2059218,0,0,1.546336,2403.746763
0.972336,3727,2064758,0,0,1.549641,2405.0726
0.972336,3737,2070298,0,0,1.550752,2409.798718
0.972336,3747,2075838,0,0,1.55078,2416.20374
0.972336,3757,2081378,0,0,1.551868,2420.953388
0.972336,3767,2086918,0,0,1.553041,2425.563438
0.972336,3777,2092458,0,0,1.553631,2431.079835
0.972336,3787,2097998,0,0,1.554526,2436.111843
0.972336,3797,2103538,0,0,1.556241,2439.853038
0.972336,3807,2109078,0,0,1.557201,2444.771242
0.972336,3817,2114618,0,0,1.557214,2451.173131
0.972336,3827,2120158,0,0,1.560315,2452.709662
0.972336,3837,2125698,0,0,1.561368,2457.460399
0.972336,3847,2131238,0,0,1.56138,2463.845475
0.972336,3857,2136778,0,0,1.562618,2468.292814
0.972336,3867,2142318,0,0,1.562631,2474.67194
0.972336,3877,2147858,0,0,1.563213,2480.147706
0.972336,3887,2153398,0,0,1.56417,2485.023434
0.972336,3897,2158938,0,0,1.567965,2485.386684
0.972336,3907,2164478,0,0,1.569352,2489.562333
0.972336,3917,2170018,0,0,1.569365,2495.914672
0.972336,3927,2175558,0,0,1.569959,2501.339706
0.972336,3937,2181098,0,0,1.570714,2506.502656
0.972336,3947,2186638,0,0,1.57124,2512.028799
0.972336,3957,2192178,0,0,1.572657,2516.124195
0.972336,3967,2197718,0,0,1.572923,2522.056158
0.972336,3977,2203258,0,0,1.573547,2527.411184
0.972336,3987,2208798,0,0,1.574296,2532.560206
0.972336,3997,2214338,0,0,1.574859,2538.00476
0.972336,4007,2219878,0,0,1.575994,2542.522346
0.972336,4017,2225418,0,0,1.576452,2548.126262
0.972336,4027,2230958,0,0,1.577996,2551.97057
0.972336,4037,2236498,0,0,1.578748,2557.088789
0.972336,4047,2242038,0,0,1.579623,2562.003358
0.972336,4057,2247578,0,0,1.580719,2566.553584
0.972336,4067,2253118,0,0,1.581126,2572.217562
0.972336,4077,2258658,0,0,1.581669,2577.656354
0.972336,4087,2264198,0,0,1.694074,2412.527215
0.972336,4097,2269738,0,0,1.694087,2418.412445
0.972336,4107,2275278,0,0,1.694667,2423.484483
0.972336,4117,2280818,0,0,1.707294,2411.418994
0.972336,4127,2286358,0,0,1.726839,2389.916479
0.972336,4137,2291898,0,0,1.727494,2394.798144
0.972336,4147,2297438,0,0,1.727507,2400.568654
0.972336,4157,2302978,0,0,1.728152,2405.459986
0.972336,4167,2308518,0,0,1.728164,2411.228884
0.972336,4177,2314058,0,0,1.728177,2416.997364
0.972336,4187,2319598,0,0,1.733086,2415.921172
0.972336,4197,2325138,0,0,1.733698,2420.836999
0.972336,4207,2330678,0,0,1.734894,2424.931628
0.972336,4217,2336218,0,0,1.735221,2430.237786
0.972336,4227,2341758,0,0,1.73597,2434.94955
0.972336,4237,2347298,0,0,1.736742,2439.624762
0.972336,4247,2352838,0,0,1.73965,2441.295313
0.972336,4257,2358378,0,0,1.741142,2444.946669
0.972336,4267,2363918,0,0,1.741417,2450.302828
0.972336,4277,2369458,0,0,1.742151,2455.011716
0.972336,4287,2374998,0,0,1.743267,2459.176042
0.972336,4297,2380538,0,0,1.744004,2463.870143
0.972336,4307,2386078,0,0,1.745098,2468.056748
0.972336,4317,2391618,0,0,1.745481,2473.243745
0.972336,4327,2397158,0,0,1.746177,2477.984823
0.972336,4337,2402698,0,0,1.74696,2482.598788
0.972336,4347,2408238,0,0,1.747985,2486.863947
0.972336,4357,2413778,0,0,1.74916,2490.909849
0.972336,4367,2419318,0,0,1.749448,2496.215862
0.972336,4377,2424858,0,0,1.750186,2500.877098
0.972336,4387,2430398,0,0,1.750968,2505.470948
0.972336,4397,2435938,0,0,1.751721,2510.102374
0.972336,4407,2441478,0,0,1.752848,2514.194172
0.972336,4417,2447018,0,0,1.758337,2512.032647
0.972336,4427,2452558,0,0,1.758512,2517.469286
0.972336,4437,2458098,0,0,1.759331,2521.980701
0.972336,4447,2463638,0,0,1.759993,2526.714828
0.972336,4457,2469178,0,0,1.844749,2416.047191
0.972336,4467,2474718,0,0,1.844762,2421.450771
0.972336,4477,2480258,0,0,1.844774,2426.854901
0.972336,4487,2485798,0,0,1.845396,2431.456705
0.972336,4497,2491338,0,0,1.850708,2429.880879
0.972336,4507,2496878,0,0,1.851421,2434.34622
0.972336,4518,2502972,0,0,1.851435,2440.269061
0.972336,4528,2508512,0,0,1.851447,2445.654215
0.972336,4538,2514052,0,0,1.852055,2450.251111
0.972336,4548,2519592,0,0,1.85281,2454.650089
0.972336,4558,2525132,0,0,1.85979,2450.813911
0.972336,4568,2530672,0,0,1.860344,2455.459624
0.972336,4578,2536212,0,0,1.860894,2460.1073
0.972336,4588,2541752,0,0,1.870874,2452.329861
0.972336,4598,2547292,0,0,1.87134,2457.062806
0.972336,4608,2552832,0,0,1.873,2460.224675
0.972336,4618,2558372,0,0,1.881082,2454.969989
0.972336,4628,2563912,0,0,1.881104,2460.256767
0.972336,4638,2569452,0,0,1.881705,2464.785866
0.972336,4648,2574992,0,0,1.881717,2470.084546
0.972336,4658,2580532,0,0,1.882888,2473.859515
0.972336,4668,2586072,0,0,1.884033,2477.663341
0.972336,4678,2591612,0,0,1.890273,2474.774684
0.972336,4688,2597152,0,0,1.89169,2478.207921
0.972336,4698,2602692,0,0,1.893106,2481.636021
0.972336,4708,2608232,0,0,1.893592,2486.280513
0.972336,4718,2613772,0,0,1.899458,2483.865916
0.972336,4728,2619312,0,0,1.900576,2487.667371
0.972336,4738,2624852,0,0,1.901685,2491.474354
0.972336,4748,2630392,0,0,1.902787,2495.28659
0.972336,4758,2635932,0,0,2.010021,2367.139482
0.972336,4768,2641472,0,0,2.010034,2372.098798
0.972336,4778,2647012,0,0,2.010048,2377.058048
0.972336,4788,2652552,0,0,2.010686,2381.276932
0.972336,4798,2658092,0,0,2.011472,2385.318115
0.972336,4808,2663632,0,0,2.013117,2388.336292
0.972336,4818,2669172,0,0,2.01369,2392.621939
0.972336,4828,2674712,0,0,2.0148,2396.267818
0.972336,4838,2680252,0,0,2.016201,2399.56289
0.972336,4848,2685792,0,0,2.017314,2403.195303
0.972336,4858,2691332,0,0,2.018624,2406.590039
0.972336,4868,2696872,0,0,2.019521,2410.472585
0.972336,4878,2702412,0,0,2.020631,2414.097859
0.972336,4888,2707952,0,0,2.025677,2413.020478
0.972336,4898,2713492,0,0,2.026741,2416.687644
0.972336,4908,2719032,0,0,2.02816,2419.927877
0.972336,4918,2724572,0,0,2.032856,2419.255902
0.972336,4928,2730112,0,0,2.032898,2424.125051
0.972336,4938,2735652,0,0,2.033544,2428.272929
0.972336,4948,2741192,0,0,2.033558,2433.173907
0.972336,4958,2746732,0,0,2.034196,2437.326424
0.972336,4968,2752272,0,0,2.034496,2441.882616
0.972336,4978,2757812,0,0,2.035326,2445.799546
0.972336,4988,2763352,0,0,2.040328,2444.704938
0.972336,4998,2768892,0,0,2.040678,2449.186263
0.972336,5005,2772770,0,0,2.041805,2451.263024
0.972336,5011,2776094,0,0,2.04182,2454.18326
0.972336,5015,2778310,0,0,2.044904,2452.438159
0.972336,5025,2783850,0,0,2.045124,2457.063663
0.972336,5035,2789390,0,0,2.122825,2371.839249
0.972336,5045,2794930,0,0,2.12284,2376.533671
0.972336,5055,2800470,0,0,2.122854,2381.228296
0.972336,5065,2806010,0,0,2.123485,2385.229841
0.972336,5075,2811550,0,0,2.124021,2389.335747
0.972336,5085,2817090,0,0,2.142995,2372.847215
0.972336,5095,2822630,0,0,2.143154,2377.336902
0.972336,5105,2828170,0,0,2.143899,2381.175381
0.972336,5115,2833710,0,0,2.144725,2384.920785
0.972336,5125,2839250,0,0,2.146564,2387.536009
0.972336,5135,2844790,0,0,2.150936,2387.332365
0.972336,5145,2850330,0,0,2.151274,2391.605863
0.972336,5155,2855870,0,0,2.151297,2396.228777
0.972336,5165,2861410,0,0,2.151899,2400.206007
0.972336,5175,2866950,0,0,2.15251,2404.169564
0.972336,5185,2872490,0,0,2.153554,2407.647517
0.972336,5195,2878030,0,0,2.155758,2409.824796
0.972336,5205,2883570,0,0,2.155791,2414.426952
0.972336,5215,2889110,0,0,2.156457,2418.318625
0.972336,5225,2894650,0,0,2.157232,2422.085555
0.972336,5235,2900190,0,0,2.158374,2425.436578
0.972336,5245,2905730,0,0,2.158895,2429.483852
0.972336,5255,2911270,0,0,2.168309,2423.547596
0.972336,5265,2916810,0,0,2.168917,2427.47885
0.972336,5275,2922350,0,0,2.168929,2432.075811
0.972336,5285,2927890,0,0,2.169572,2435.963932
0.972336,5295,2933430,0,0,2.169584,2440.559725
0.972336,5305,2938970,0,0,2.169797,2444.928706
0.972336,5315,2944510,0,0,2.170828,2448.374151
0.972336,5325,2950050,0,0,2.17187,2451.804482
0.972336,5335,2955590,0,0,2.17616,2451.566489
0.972336,5345,2961130,0,0,2.176184,2456.133755
0.972336,5355,2966670,0,0,2.180432,2455.935783
0.972336,5365,2972210,0,0,2.181368,2459.465945
0.972336,5375,2977750,0,0,2.182635,2462.619915
0.972336,5385,2983290,0,0,2.183894,2465.779108
0.972336,5395,2988830,0,0,2.184237,2469.970598
0.972336,5405,2994370,0,0,2.184898,2473.800076
0.972336,5415,2999910,0,0,2.269272,2386.228238
0.972336,5425,3005450,0,0,2.269292,2390.613338
0.972336,5435,3010990,0,0,2.27014,2394.125795
0.972336,5445,3016530,0,0,2.270153,2398.516956
0.972336,5455,3022070,0,0,2.27035,2402.713008
0.972336,5465,3027610,0,0,2.271423,2405.980384
0.972336,5475,3033150,0,0,2.271679,2410.11172
0.972336,5485,3038690,0,0,2.273022,2413.087138
0.972336,5495,3044230,0,0,2.273041,2417.466029
0.972336,5505,3049770,0,0,2.27476,2420.035512
0.972336,5515,3055310,0,0,2.275726,2423.402381
0.972336,5525,3060850,0,0,2.277583,2425.817571
0.972336,5535,3066390,0,0,2.278792,2428.918836
0.972336,5545,3071930,0,0,2.279131,2432.94516
0.972336,5555,3077470,0,0,2.279795,2436.622155
0.972336,5565,3083010,0,0,2.280884,2439.84398
0.972336,5575,3088550,0,0,2.281136,2443.957453
0.972336,5585,3094090,0,0,2.284754,2444.46495
0.972336,5595,3099630,0,0,2.289573,2443.686892
0.972336,5605,3105170,0,0,2.290237,2447.344513
0.972336,5615,3110710,0,0,2.29091,2450.991595
0.972336,5625,3116250,0,0,2.291566,2454.653649
0.972336,5635,3121790,0,0,2.292245,2458.288803
0.972336,5645,3127330,0,0,2.292258,2462.637507
0.972336,5655,3132870,0,0,2.29307,2466.126114
0.972336,5665,3138410,0,0,2.293717,2469.790657
0.972336,5675,3143950,0,0,2.295716,2471.995614
0.972336,5685,3149490,0,0,2.2967,2475.290891
0.972336,5695,3155030,0,0,2.297366,2478.926227
0.972336,5705,3160570,0,0,2.299239,2481.255841
0.972336,5715,3166110,0,0,2.387173,2394.044759
0.972336,5725,3171650,0,0,2.387186,2398.221358
0.972336,5735,3177190,0,0,2.387787,2401.805177
0.972336,5745,3182730,0,0,2.389874,2403.892441
0.972336,5755,3188270,0,0,2.390404,2407.542599
0.972336,5765,3193810,0,0,2.391062,2411.06203
0.972336,5775,3199350,0,0,2.392672,2413.619763
0.972336,5785,3204890,0,0,2.393552,2416.910274
0.972336,5795,3210430,0,0,2.393711,2420.927321
0.972336,5805,3215970,0,0,2.39658,2422.201416
0.972336,5815,3221510,0,0,2.402214,2420.683776
0.972336,5825,3227050,0,0,2.40279,2424.265536
0.972336,5835,3232590,0,0,2.40431,2426.891478
0.972336,5845,3238130,0,0,2.404324,2431.037176
0.972336,5855,3243670,0,0,2.405751,2433.750984
0.972336,5865,3249210,0,0,2.405782,2437.876764
0.972336,5875,3254750,0,0,2.407513,2440.277437
0.972336,5885,3260290,0,0,2.408755,2443.170785
0.972336,5895,3265830,0,0,2.40889,2447.185209
0.972336,5905,3271370,0,0,2.410392,2449.808947
0.972336,5915,3276910,0,0,2.410406,2453.943086
0.972336,5925,3282450,0,0,2.410867,2457.621631
0.972336,5935,3287990,0,0,2.514296,2360.501879
0.972336,5943,3292422,0,0,2.514314,2363.666426
0.972336,5953,3297962,0,0,2.515024,2366.975475
0.972336,5963,3303502,0,0,2.517236,2368.868306
0.972336,5973,3309042,0,0,2.51791,2372.205741
0.972336,5983,3314582,0,0,2.52539,2369.139109
0.972336,5993,3320122,0,0,2.526054,2372.474655
0.972336,6003,3325662,0,0,2.527464,2375.108319
0.972336,6013,3331202,0,0,2.527486,2379.044208
0.972336,6023,3336742,0,0,2.528051,2382.468078
0.972336,6033,3342282,0,0,2.529076,2385.456321
0.972336,6043,3347822,0,0,2.529376,2389.127226
0.972336,6053,3353362,0,0,2.531049,2391.498983
0.972336,6063,3358902,0,0,2.53106,2395.438858
0.972336,6073,3364442,0,0,2.531651,2398.829384
0.972336,6083,3369982,0,0,2.532683,2401.800425
0.972336,6093,3375522,0,0,2.53422,2404.290096
0.972336,6103,3381062,0,0,2.535539,2406.983146
0.972336,6113,3386602,0,0,2.535777,2410.700854
0.972336,6123,3392142,0,0,2.536447,2414.00686
0.972336,6133,3397682,0,0,2.543271,2411.461173
0.972336,6143,3403222,0,0,2.543706,2414.979952
0.972336,6153,3408762,0,0,2.544569,2418.090769
0.972336,6163,3414302,0,0,2.544582,2422.008679
0.972336,6173,3419842,0,0,2.544605,2425.916549
0.972336,6183,3425382,0,0,2.545388,2429.098779
0.972336,6193,3430922,0,0,2.545532,2432.89004
0.972336,6203,3436462,0,0,2.54691,2435.500683
0.972336,6213,3442002,0,0,2.553276,2433.344852
0.972336,6223,3447542,0,0,2.554203,2436.376176
0.972336,6233,3453082,0,0,2.630011,2369.952206
0.972336,6243,3458622,0,0,2.630023,2373.743282
0.972336,6253,3464162,0,0,2.630872,2376.778918
0.972336,6263,3469702,0,0,2.630892,2380.561387
0.972336,6273,3475242,0,0,2.631634,2383.690568
0.972336,6283,3480782,0,0,2.63286,2386.377928
0.972336,6293,3486322,0,0,2.632954,2390.091453
0.972336,6303,3491862,0,0,2.634462,2392.518745
0.972336,6313,3497402,0,0,2.634475,2396.302875
0.972336,6322,3502388,0,0,2.636399,2397.967806
0.972336,6332,3507928,0,0,2.637687,2400.588337
0.972336,6342,3513468,0,0,2.63779,2404.285003
0.98564,6352,3519008,0,0,2.639795,2406.247613
0.98564,6362,3524548,0,0,2.639836,2409.997913
0.98564,6372,3530088,0,0,2.640029,2413.610111
0.98564,6382,3535628,0,0,2.644151,2413.628766
0.98564,6392,3541168,0,0,2.644567,2417.030393
0.98564,6402,3546708,0,0,2.645764,2419.717285
0.98564,6412,3552248,0,0,2.645777,2423.484245
0.98564,6422,3557788,0,0,2.646125,2426.945427
0.98564,6432,3563328,0,0,2.646963,2429.95474
0.98564,6442,3568868,0,0,2.647953,2432.822825
0.98564,6452,3574408,0,0,2.654189,2430.874046
0.98564,6462,3579948,0,0,2.654213,2434.620024
0.98564,6472,3585488,0,0,2.658108,2434.814541
0.98564,6482,3591028,0,0,2.742649,2363.408653
0.98564,6492,3596568,0,0,2.742662,2367.04324
0.98564,6502,3602108,0,0,2.742681,2370.673258
0.98564,6512,3607648,0,0,2.743482,2373.62624
0.98564,6522,3613188,0,0,2.743494,2377.260707
0.98564,6532,3618728,0,0,2.744985,2379.612598
0.98564,6542,3624268,0,0,2.745084,2383.16929
0.98564,6552,3629808,0,0,2.745971,2386.040838
0.98564,6562,3635348,0,0,2.747133,2388.67231
0.98564,6572,3640888,0,0,2.747627,2391.882141
0.98564,6582,3646428,0,0,2.75026,2393.228384
0.98564,6592,3651968,0,0,2.752154,2395.214705
0.98564,6602,3657508,0,0,2.752191,2398.816012
0.98564,6612,3663048,0,0,2.75286,2401.865844
0.98564,6622,3668588,0,0,2.753567,2404.880252
0.98564,6632,3674128,0,0,2.755352,2406.952396
0.98564,6642,3679668,0,0,2.755752,2410.231741
0.98564,6652,3685208,0,0,2.756598,2413.119572
0.98564,6662,3690748,0,0,2.757413,2416.03237
0.98564,6672,3696288,0,0,2.758251,2418.924417
0.98564,6682,3701828,0,0,2.759538,2421.420083
0.98564,6692,3707368,0,0,2.760125,2424.527524
0.98564,6702,3712908,0,0,2.761009,2427.37391
0.98564,6712,3718448,0,0,2.762812,2429.409176
0.98564,6722,3723988,0,0,2.765298,2430.840976
0.98564,6732,3729528,0,0,2.766785,2433.148816
0.98564,6742,3735068,0,0,2.767326,2436.286978
0.98564,6752,3740608,0,0,2.768155,2439.169896
0.98564,6762,3746148,0,0,2.772855,2438.641513
0.98564,6772,3751688,0,0,2.77287,2442.235304
0.98564,6782,3757228,0,0,2.864016,2368.003879
0.98564,6792,3762768,0,0,2.864029,2371.484227
0.98564,6802,3768308,0,0,2.864053,2374.955843
0.98564,6812,3773848,0,0,2.864842,2377.792416
0.98564,6822,3779388,0,0,2.865215,2380.973499
0.98564,6832,3784928,0,0,2.866707,2383.222409
0.98564,6841,3789914,0,0,2.866774,2386.305933
0.98564,6851,3795454,0,0,2.87384,2383.918501
0.98564,6861,3800994,0,0,2.874639,2386.734247
0.98564,6871,3806534,0,0,2.874652,2390.202438
0.98564,6881,3812074,0,0,2.877499,2391.31245
0.98564,6891,3817614,0,0,2.877512,2394.777173
0.98564,6901,3823154,0,0,2.880069,2396.123531
0.98564,6911,3828694,0,0,2.881361,2398.519304
0.98564,6921,3834234,0,0,2.882337,2401.176468
0.98564,6931,3839774,0,0,2.883246,2403.887886
0.98564,6941,3845314,0,0,2.88436,2406.426519
0.98564,6951,3850854,0,0,2.885126,2409.253833
0.98564,6961,3856394,0,0,2.895746,2403.871262
0.98564,6971,3861934,0,0,2.896961,2406.314381
0.98564,6981,3867474,0,0,2.896989,2409.743269
0.98564,6991,3873014,0,0,2.898021,2412.336278
0.98564,7001,3878554,0,0,2.901399,2412.973965
0.98564,7011,3884094,0,0,2.902277,2415.689282
0.98564,7021,3889634,0,0,2.903465,2418.145189
0.98564,7031,3895174,0,0,2.903938,2421.195295
0.98564,7041,3900714,0,0,2.905546,2423.296333
0.98564,7051,3906254,0,0,2.905604,2426.689638
0.98564,7061,3911794,0,0,2.907138,2428.849574
0.98564,7071,3917334,0,0,2.908323,2431.297796
0.98564,7081,3922874,0,0,2.908801,2434.336081
0.98564,7091,3928414,0,0,3.016346,2350.85783
0.98564,7101,3933954,0,0,3.01636,2354.161749
0.98564,7111,3939494,0,0,3.016373,2357.467314
0.98564,7121,3945034,0,0,3.017081,2360.228482
0.98564,7129,3949466,0,0,3.017829,2362.294265
0.98564,7139,3955006,0,0,3.019531,2364.274069
0.98564,7149,3960546,0,0,3.019556,2367.566961
0.98564,7159,3966086,0,0,3.020304,2370.291417
0.98564,7169,3971626,0,0,3.021532,2372.637785
0.98564,7179,3977166,0,0,3.022009,2375.572281
0.98564,7189,3982706,0,0,3.025163,2376.400738
0.98564,7199,3988246,0,0,3.02598,2379.064351
0.98564,7208,3993232,0,0,3.026728,2381.449418
0.98564,7218,3998772,0,0,3.028309,2383.508524
0.98564,7228,4004312,0,0,3.028396,2386.741922
0.98564,7238,4009852,0,0,3.029851,2388.896007
0.98564,7248,4015392,0,0,3.03389,2389.011744
0.98564,7258,4020932,0,0,3.039185,2388.140204
0.98564,7268,4026472,0,0,3.04014,2390.679632
0.98564,7278,4032012,0,0,3.040542,2393.652273
0.98564,7288,4037552,0,0,3.042147,2395.676537
0.98564,7298,4043092,0,0,3.042267,2398.869123
0.98564,7310,4049740,0,0,3.043701,2401.68105
0.98564,7318,4054172,0,0,3.045075,2403.224551
0.98564,7330,4060820,0,0,3.049431,2403.727054
0.994492,7338,4065252,0,0,3.142322,2335.216113
0.994492,7348,4070792,0,0,3.142335,2338.388537
0.994492,7358,4076332,0,0,3.142952,2341.111007
0.994492,7368,4081872,0,0,3.143621,2343.793834
0.994492,7378,4087412,0,0,3.14421,2346.535125
0.994492,7388,4092952,0,0,3.145176,2348.994013
0.994492,7398,4098492,0,0,3.145767,2351.731728
0.994492,7408,4104032,0,0,3.146973,2354.007844
0.994492,7418,4109572,0,0,3.147054,2357.12514
0.994492,7428,4115112,0,0,3.147661,2359.84754
0.994492,7438,4120652,0,0,3.148517,2362.381937
0.994492,7448,4126192,0,0,3.153669,2361.693545
0.994492,7458,4131732,0,0,3.154776,2364.034827
0.994492,7468,4137272,0,0,3.154861,2367.140402
0.994492,7478,4142812,0,0,3.155473,2369.851095
0.994492,7488,4148352,0,0,3.156337,2372.370592
0.994492,7498,4153892,0,0,3.15675,2375.227535
0.993187,7508,4159432,0,0,3.160469,2375.596924
0.993187,7518,4164972,0,0,3.161918,2377.671004
0.993187,7528,4170512,0,0,3.162529,2380.373076
0.993187,7538,4176052,0,0,3.163384,2382.891263
0.993187,7548,4181592,0,0,3.163723,2385.79638
0.993187,7558,4187132,0,0,3.166811,2386.627711
0.993187,7568,4192672,0,0,3.166889,2389.726809
0.993187,7578,4198212,0,0,3.167514,2392.412408
0.993187,7588,4203752,0,0,3.168403,2394.897254
0.993187,7598,4209292,0,0,3.168709,2397.822283
0.993187,7608,4214832,0,0,3.169935,2400.049041
0.993187,7618,4220372,0,0,3.170186,2403.013364
0.993187,7628,4225912,0,0,3.170818,2405.688306
0.993187,7638,4231452,0,0,3.237696,2359.084854
0.993187,7648,4236992,0,0,3.23771,2362.163556
0.993187,7658,4242532,0,0,3.238363,2364.775196
0.993187,7668,4248072,0,0,3.240798,2366.084086
0.993187,7678,4253612,0,0,3.242032,2368.268113
0.993187,7688,4259152,0,0,3.243265,2370.451002
0.993187,7698,4264692,0,0,3.244823,2372.394268
0.993187,7708,4270232,0,0,3.246323,2374.378389
0.993187,7718,4275772,0,0,3.246337,2377.448845
0.993187,7728,4281312,0,0,3.246541,2380.379943
0.993187,7738,4286852,0,0,3.247778,2382.551704
0.993187,7748,4292392,0,0,3.249104,2384.657765
0.993187,7758,4297932,0,0,3.25103,2386.320316
0.993187,7768,4303472,0,0,3.251758,2388.861758
0.993187,7778,4309012,0,0,3.25299,2391.03119
0.993187,7788,4314552,0,0,3.254223,2393.198279
0.993187,7797,4319538,0,0,3.264025,2388.768314
0.993187,7807,4325078,0,0,3.265763,2390.559408
0.993187,7817,4330618,0,0,3.266483,2393.093859
0.993187,7827,4336158,0,0,3.267716,2395.250871
0.993187,7837,4341698,0,0,3.268943,2397.410801
0.993187,7847,4347238,0,0,3.270542,2399.296227
0.993187,7857,4352778,0,0,3.272251,2401.099507
0.993187,7867,4358318,0,0,3.273006,2403.600877
0.993187,7877,4363858,0,0,3.274238,2405.75086
0.993187,7887,4369398,0,0,3.275736,2407.703467
0.993187,7897,4374938,0,0,3.276959,2409.856429
0.993187,7907,4380478,0,0,3.278673,2411.646117
0.993187,7917,4386018,0,0,3.279424,2414.14367
0.993187,7927,4391558,0,0,3.297863,2403.677423
0.993187,7937,4397098,0,0,3.298557,2406.203477
0.993187,7947,4402638,0,0,3.29857,2409.22605
0.993187,7957,4408178,0,0,3.299368,2411.674063
0.993187,7967,4413718,0,0,3.299798,2414.389857
0.993187,7977,4419258,0,0,3.300087,2417.20867
0.993187,7987,4424798,0,0,3.301047,2419.535664
0.993187,7997,4430338,0,0,3.311333,2415.039197
0.993187,8007,4435878,0,0,3.39799,2356.392887
0.993187,8017,4441418,0,0,3.398004,2359.326036
0.993187,8027,4446958,0,0,3.398017,2362.259824
0.993187,8037,4452498,0,0,3.398655,2364.758878
0.993187,8047,4458038,0,0,3.398669,2367.691917
0.993187,8057,4463578,0,0,3.399304,2370.191301
0.993187,8067,4469118,0,0,3.400245,2372.475969
0.993187,8076,4474104,0,0,3.408773,2369.180641
0.993187,8086,4479644,0,0,3.408846,2372.063811
0.993187,8096,4485184,0,0,3.409487,2374.551101
0.993187,8106,4490724,0,0,3.410372,2376.867124
0.993187,8116,4496264,0,0,3.411253,2379.184107
0.993187,8126,4501804,0,0,3.411497,2381.945607
0.993187,8131,4504574,0,0,3.412633,2382.617969
0.993187,8141,4510114,0,0,3.413766,2384.756039
0.993187,8151,4515654,0,0,3.414817,2386.951017
0.993187,8161,4521194,0,0,3.415805,2389.187836
0.993187,8170,4526180,0,0,3.416134,2391.592284
0.993187,8180,4531720,0,0,3.417015,2393.902561
0.993187,8190,4537260,0,0,3.417833,2396.254941
0.993187,8200,4542800,0,0,3.418654,2398.604688
0.993187,8205,4545570,0,0,3.509219,2338.127292
0.993187,8214,4550556,0,0,3.514101,2337.440071
0.993187,8224,4556096,0,0,3.514797,2339.822046
0.993187,8234,4561636,0,0,3.515713,2342.056788
0.993187,8244,4567176,0,0,3.515883,2344.788104
0.993187,8254,4572716,0,0,3.516516,2347.209588
0.993187,8264,4578256,0,0,3.518867,2348.483021
0.993185,8274,4583796,0,0,3.51888,2351.31656
0.993185,8284,4589336,0,0,3.51948,2353.756652
0.993185,8294,4594876,0,0,3.519723,2356.435157
0.993185,8304,4600416,0,0,3.520548,2358.723628
0.993185,8314,4605956,0,0,3.521363,2361.017421
0.993185,8323,4610942,0,0,3.529579,2358.07181
0.993185,8333,4616482,0,0,3.534606,2357.546919
0.993185,8343,4622022,0,0,3.53514,2360.019504
0.993185,8353,4627562,0,0,3.535954,2362.304169
0.993185,8363,4633102,0,0,3.536784,2364.577422
0.993185,8373,4638642,0,0,3.540276,2365.069649
0.993185,8383,4644182,0,0,3.541421,2367.128784
0.993185,8393,4649722,0,0,3.541651,2369.798711
0.993185,8403,4655262,0,0,3.542459,2372.081241
0.993185,8413,4660802,0,0,3.546037,2372.507703
0.993185,8423,4666342,0,0,3.546802,2374.815208
0.993185,8433,4671882,0,0,3.548028,2376.813106
0.993185,8443,4677422,0,0,3.548438,2379.356728
0.993185,8453,4682962,0,0,3.549314,2381.587282
0.993185,8463,4688502,0,0,3.552707,2382.126915
0.993185,8473,4694042,0,0,3.552758,2384.90774
0.993185,8483,4699582,0,0,3.555124,2386.133337
0.993185,8493,4705122,0,0,3.555553,2388.657994
0.993185,8503,4710662,0,0,3.556464,2390.857755
0.993185,8513,4716202,0,0,3.557246,2393.143159
0.993185,8523,4721742,0,0,3.558013,2395.437832
0.993185,8533,4727282,0,0,3.559257,2397.41045
0.993185,8543,4732822,0,0,3.561023,2399.03004
0.993185,8553,4738362,0,0,3.561844,2401.284365
0.993185,8563,4743902,0,0,3.562732,2403.492774
0.993185,8573,4749442,0,0,3.563485,2405.790862
0.991637,8583,4754982,0,0,3.673218,2336.64323
0.991637,8593,4760522,0,0,3.673232,2339.35668
0.991637,8604,4766616,0,0,3.6739,2341.925545
0.991637,8614,4772156,0,0,3.674094,2344.523295
0.991637,8624,4777696,0,0,3.675202,2346.537603
0.991637,8634,4783236,0,0,3.675574,2349.020819
0.991637,8644,4788776,0,0,3.676268,2351.297806
0.991637,8654,4794316,0,0,3.68217,2350.244612
0.991637,8664,4799856,0,0,3.682956,2352.457896
0.991637,8674,4805396,0,0,3.684112,2354.434652
0.991637,8684,4810936,0,0,3.684386,2356.97375
0.991637,8694,4816476,0,0,3.685119,2359.218153
0.991637,8704,4822016,0,0,3.685915,2361.42149
0.991637,8714,4827556,0,0,3.688614,2362.404874
0.991637,8724,4833096,0,0,3.68967,2364.439194
0.991637,8734,4838636,0,0,3.691324,2366.088854
0.991637,8744,4844176,0,0,3.692086,2368.308723
0.991637,8753,4849162,0,0,3.692855,2370.252596
0.991637,8763,4854702,0,0,3.693475,2372.562419
0.991637,8773,4860242,0,0,3.694618,2374.535076
0.991637,8783,4865782,0,0,3.694964,2377.019143
0.991637,8793,4871322,0,0,3.696319,2378.853057
0.991637,8803,4876862,0,0,3.697416,2380.851728
0.991637,8813,4882402,0,0,3.697754,2383.338703
0.991637,8823,4887942,0,0,3.699127,2385.157236
0.991637,8833,4893482,0,0,3.699232,2387.79286
0.991637,8843,4899022,0,0,3.700011,2389.993193
0.991637,8853,4904562,0,0,3.701003,2392.054214
0.990724,8863,4910102,0,0,3.705068,2392.128763
0.990724,8881,4920074,0,0,3.706497,2396.062943
0.990724,8890,4925060,0,0,3.707353,2397.937522
0.990724,8900,4930600,0,0,3.708404,2399.954225
0.990724,8910,4936140,0,0,3.708833,2402.373098
0.990724,8920,4941680,0,0,3.710286,2404.127555
0.990724,8930,4947220,0,0,3.710318,2406.802041
0.990724,8940,4952760,0,0,3.711102,2408.988254
0.990724,8950,4958300,0,0,3.81548,2345.707783
0.990724,8960,4963840,0,0,3.815492,2348.320909
0.990724,8970,4969380,0,0,3.816366,2350.403379
0.990724,8979,4974366,0,0,3.816384,2352.750472
0.990724,8989,4979906,0,0,3.816576,2355.252307
0.990724,8999,4985446,0,0,3.817921,2357.042008
0.990724,9009,4990986,0,0,3.817948,2359.644289
0.990724,9019,4996526,0,0,3.819363,2361.38861
0.990724,9029,5002066,0,0,3.819376,2363.998732
0.990724,9039,5007606,0,0,3.820842,2365.708903
0.990724,9049,5013146,0,0,3.821878,2367.684039
0.990724,9059,5018686,0,0,3.82214,2370.137913
0.990724,9069,5024226,0,0,3.823573,2371.865051
0.990724,9080,5030320,0,0,3.823597,2374.726985
0.990724,9090,5035860,0,0,3.824233,2376.947038
0.990724,9100,5041400,0,0,3.826391,2378.220411
0.990724,9110,5046940,0,0,3.827022,2380.440933
0.990724,9120,5052480,0,0,3.828369,2382.215272
0.990724,9130,5058020,0,0,3.828715,2384.611868
0.990724,9140,5063560,0,0,3.829325,2386.843659
0.990724,9150,5069100,0,0,3.830571,2388.677864
0.990724,9160,5074640,0,0,3.830655,2391.236051
0.990724,9170,5080180,0,0,3.832141,2392.918412
0.990724,9180,5085720,0,0,3.83217,2395.509439
0.990724,9190,5091260,0,0,3.832915,2397.65277
0.990724,9200,5096800,0,0,3.834044,2399.554858
0.990724,9210,5102340,0,0,3.834255,2402.031027
0.990724,9220,5107880,0,0,3.938624,2340.91926
0.990724,9230,5113420,0,0,3.938639,2343.449281
0.990724,9240,5118960,0,0,3.938652,2345.980277
0.990724,9250,5124500,0,0,3.939461,2348.037241
0.990724,9260,5130040,0,0,3.939546,2350.524874
0.990724,9270,5135580,0,0,3.940698,2352.375335
0.990724,9280,5141120,0,0,3.941441,2354.469085
0.990724,9290,5146660,0,0,3.942995,2356.076858
0.990724,9300,5152200,0,0,3.944438,2357.750628
0.990724,9310,5157740,0,0,3.945299,2359.770219
0.990724,9320,5163280,0,0,3.946347,2361.677918
0.990724,9330,5168820,0,0,3.949625,2362.249857
0.990724,9340,5174360,0,0,3.950625,2364.182631
0.990724,9350,5179900,0,0,3.951443,2366.223927
0.990724,9360,5185440,0,0,3.955222,2366.491756
0.990724,9370,5190980,0,0,3.956504,2368.252313
0.990724,9380,5196520,0,0,3.956696,2370.664654
0.990724,9390,5202060,0,0,3.957386,2372.778099
0.990724,9400,5207600,0,0,3.958315,2374.747904
0.990724,9410,5213140,0,0,3.958856,2376.94938
0.990724,9420,5218680,0,0,3.96336,2376.771182
0.990724,9430,5224220,0,0,3.963409,2379.264809
0.990724,9440,5229760,0,0,3.963509,2381.727715
0.990724,9450,5235300,0,0,3.964313,2383.767645
0.990724,9460,5240840,0,0,3.966002,2385.273354
0.990724,9470,5246380,0,0,3.967212,2387.066523
0.990724,9480,5251920,0,0,3.967991,2389.118541
0.990724,9490,5257460,0,0,3.968686,2391.219457
0.990724,9500,5263000,0,0,3.969558,2393.213695
0.990724,9510,5268540,0,0,3.970112,2395.398653
0.990724,9520,5274080,0,0,3.971338,2397.177095
0.990724,9530,5279620,0,0,3.97186,2399.379677
0.990724,9540,5285160,0,0,3.972636,2401.427891
0.990724,9550,5290700,0,0,3.97351,2403.416466
0.990724,9560,5296240,0,0,3.974108,2405.570986
0.990724,9570,5301780,0,0,3.975822,2407.049283
0.990724,9580,5307320,0,0,3.975835,2409.556828
0.990724,9590,5312860,0,0,3.97667,2411.565584
0.990724,9600,5318400,0,0,3.978173,2413.167755
0.990724,9610,5323940,0,0,3.97894,2415.215817
0.990724,9620,5329480,0,0,4.090808,2351.613853
0.990724,9630,5335020,0,0,4.09082,2354.051086
0.990724,9640,5340560,0,0,4.090834,2356.487893
0.990724,9650,5346100,0,0,4.091633,2358.471772
0.990724,9660,5351640,0,0,4.091709,2360.871488
0.990724,9670,5357180,0,0,4.092917,2362.618172
0.990724,9680,5362720,0,0,4.093546,2364.698178
0.990724,9690,5368260,0,0,4.094282,2366.715111
0.990724,9700,5373800,0,0,4.095152,2368.654643
0.990724,9710,5379340,0,0,4.095814,2370.713129
0.990724,9720,5384880,0,0,4.097076,2372.42341
0.990724,9730,5390420,0,0,4.09729,2374.740216
0.990724,9740,5395960,0,0,4.098193,2376.656988
0.990724,9750,5401500,0,0,4.102671,2376.500769
0.990724,9760,5407040,0,0,4.103226,2378.615995
0.990724,9770,5412580,0,0,4.104068,2380.564682
0.990724,9780,5418120,0,0,4.10408,2382.994367
0.990724,9790,5423660,0,0,4.104106,2385.415862
0.990724,9800,5429200,0,0,4.104941,2387.366897
0.990724,9810,5434740,0,0,4.10564,2389.39595
0.990724,9820,5440280,0,0,4.106773,2391.171772
0.990724,9830,5445820,0,0,4.107014,2393.466292
0.990724,9840,5451360,0,0,4.107687,2395.508993
0.990724,9850,5456900,0,0,4.1085,2397.468382
0.990724,9860,5462440,0,0,4.109006,2399.60687
0.990724,9870,5467980,0,0,4.112982,2399.718585
0.990724,9880,5473520,0,0,4.116259,2400.237912
0.990724,9890,5479060,0,0,4.116521,2402.514231
0.990724,9900,5484600,0,0,4.117484,2404.381152
0.990724,9910,5490140,0,0,4.118131,2406.431228
0.990724,9920,5495680,0,0,4.213645,2354.256109
0.990724,9930,5501220,0,0,4.213659,2356.621884
0.990724,9940,5506760,0,0,4.213671,2358.988044
0.990724,9950,5512300,0,0,4.214473,2360.91189
0.990724,9960,5517840,0,0,4.215284,2362.830193
0.990724,9970,5523380,0,0,4.218089,2363.629805
0.990724,9980,5528920,0,0,4.218102,2365.993192
0.990724,9990,5534460,0,0,4.218125,2368.351076
0.990724,10000,5540000,0,0,4.219158,2370.141322
0.990724,10010,5545540,0,0,4.219381,2372.385849
0.990724,10020,5551080,0,0,4.220635,2374.05052
0.990724,10030,5556620,0,0,4.221267,2376.063609
0.990724,10040,5562160,0,0,4.222031,2378.002235
0.990724,10050,5567700,0,0,4.223058,2379.792093
0.990724,10060,5573240,0,0,4.223493,2381.914764
0.990724,10070,5578780,0,0,4.224792,2383.549026
0.990724,10080,5584320,0,0,4.224967,2385.817315
0.990724,10090,5589860,0,0,4.225993,2387.604569
0.990724,10100,5595400,0,0,4.232611,2386.233699
0.990724,10110,5600940,0,0,4.23332,2388.196634
0.990724,10120,5606480,0,0,4.234793,2389.727091
0.990724,10130,5612020,0,0,4.234807,2392.080535
0.990724,10140,5617560,0,0,4.23549,2394.056029
0.990724,10150,5623100,0,0,4.23661,2395.783592
0.990724,10160,5628640,0,0,4.237267,2397.77222
0.990724,10170,5634180,0,0,4.238627,2399.361758
0.990724,10180,5639720,0,0,4.238707,2401.675622
0.990724,10190,5645260,0,0,4.239428,2403.626125
0.990724,10200,5650800,0,0,4.240495,2405.379309
0.990724,10210,5656340,0,0,4.240901,2407.507141
0.990724,10220,5661880,0,0,4.327287,2361.756808
0.990724,10230,5667420,0,0,4.3273,2364.060561
0.990724,10237,5671298,0,0,4.327314,2365.670769
0.990724,10244,5675176,0,0,4.328746,2366.505436
0.990724,10254,5680716,0,0,4.328835,2368.766779
0.990724,10264,5686256,0,0,4.329759,2370.570544
0.990724,10274,5691796,0,0,4.329787,2372.864984
0.990724,10284,5697336,0,0,4.329816,2375.158872
0.990724,10294,5702876,0,0,4.330711,2376.97696
0.990724,10304,5708416,0,0,4.330746,2379.266664
0.990724,10314,5713956,0,0,4.331383,2381.225455
0.990724,10324,5719496,0,0,4.333115,2382.581528
0.990724,10334,5725036,0,0,4.333129,2384.881726
0.990724,10344,5730576,0,0,4.335253,2386.019654
0.990724,10354,5736116,0,0,4.335905,2387.967276
0.990724,10364,5741656,0,0,4.337538,2389.373615
0.990724,10374,5747196,0,0,4.337553,2391.670919
0.990724,10384,5752736,0,0,4.338208,2393.614818
0.990724,10394,5758276,0,0,4.339259,2395.339636
0.990724,10404,5763816,0,0,4.339535,2397.491635
0.990724,10414,5769356,0,0,4.341021,2398.974901
0.990724,10424,5774896,0,0,4.341362,2401.089533
0.990724,10434,5780436,0,0,4.342011,2403.034
0.990724,10444,5785976,0,0,4.343082,2404.743939
0.990724,10454,5791516,0,0,4.343349,2406.898335
0.990724,10464,5797056,0,0,4.345434,2408.044621
0.990724,10474,5802596,0,0,4.346265,2409.885226
0.990724,10484,5808136,0,0,4.347214,2411.659787
0.990724,10494,5813676,0,0,4.452126,2357.076007
0.990724,10504,5819216,0,0,4.452141,2359.314165
0.990724,10514,5824756,0,0,4.452982,2361.114192
0.990724,10524,5830296,0,0,4.452996,2363.352791
0.990724,10534,5835836,0,0,4.455571,2364.231367
0.990724,10544,5841376,0,0,4.456539,2365.96136
0.990724,10554,5846916,0,0,4.456562,2368.19309
0.990724,10564,5852456,0,0,4.457414,2369.983824
0.990724,10574,5857996,0,0,4.457427,2372.220553
0.990724,10584,5863536,0,0,4.459424,2373.400553
0.990724,10594,5869076,0,0,4.460338,2375.156515
0.990724,10604,5874616,0,0,4.460989,2377.051622
0.990724,10614,5880156,0,0,4.462304,2378.591678
0.990724,10624,5885696,0,0,4.462319,2380.824913
0.990724,10634,5891236,0,0,4.462984,2382.710588
0.990724,10644,5896776,0,0,4.463987,2384.415359
0.990724,10654,5902316,0,0,4.467226,2384.925216
0.990724,10664,5907856,0,0,4.468556,2386.453291
0.990724,10674,5913396,0,0,4.468575,2388.6807
0.990724,10684,5918936,0,0,4.469216,2390.576083
0.990724,10694,5924476,0,0,4.47027,2392.249154
0.990724,10704,5930016,0,0,4.470541,2394.34096
0.990724,10714,5935556,0,0,4.471685,2395.964613
0.990724,10724,5941096,0,0,4.472202,2397.924108
0.990724,10734,5946636,0,0,4.474179,2399.099222
0.990724,10744,5952176,0,0,4.475054,2400.86487
0.990724,10754,5957716,0,0,4.475828,2402.683964
0.990724,10764,5963256,0,0,4.566856,2356.98262
0.990724,10774,5968796,0,0,4.566869,2359.165659
0.990724,10784,5974336,0,0,4.566882,2361.348686
0.990724,10794,5979876,0,0,4.56953,2362.168286
0.990724,10804,5985416,0,0,4.570274,2363.971868
0.990724,10814,5990956,0,0,4.571558,2365.495528
0.990724,10824,5996496,0,0,4.571693,2367.612831
0.990724,10834,6002036,0,0,4.572431,2369.418009
0.990724,10844,6007576,0,0,4.57345,2371.076741
0.990724,10854,6013116,0,0,4.573915,2373.021672
0.990724,10864,6018656,0,0,4.575688,2374.287817
0.990724,10874,6024196,0,0,4.575703,2376.465603
0.990724,10884,6029736,0,0,4.576427,2378.274713
0.990724,10894,6035276,0,0,4.577441,2379.93238
0.990724,10904,6040816,0,0,4.57791,2381.872979
0.990724,10914,6046356,0,0,4.580359,2382.782669
0.990724,10924,6051896,0,0,4.580932,2384.667749
0.990724,10934,6057436,0,0,4.582018,2386.284997
0.990724,10944,6062976,0,0,4.583099,2387.903963
0.990724,10954,6068516,0,0,4.583496,2389.878644
0.990724,10964,6074056,0,0,4.584711,2391.426472
0.990724,10974,6079596,0,0,4.585279,2393.311172
0.990724,10984,6085136,0,0,4.586029,2395.100396
0.990724,10994,6090676,0,0,4.587107,2396.717737
0.990724,11004,6096216,0,0,4.587496,2398.694292
0.990724,11014,6101756,0,0,4.588902,2400.138547
0.990724,11024,6107296,0,0,4.589085,2402.221865
0.990724,11034,6112836,0,0,4.590032,2403.905006
0.990724,11044,6118376,0,0,4.68574,2356.938288
0.990724,11054,6123916,0,0,4.685753,2359.065701
0.990724,11064,6129456,0,0,4.68665,2360.748063
0.990724,11074,6134996,0,0,4.686662,2362.875653
0.990724,11084,6140536,0,0,4.686681,2364.999863
0.990724,11094,6146076,0,0,4.687512,2366.71374
0.990724,11104,6151616,0,0,4.687524,2368.841044
0.990724,11114,6157156,0,0,4.688562,2370.449419
0.990724,11124,6162696,0,0,4.68913,2372.295281
0.990724,11134,6168236,0,0,4.689787,2374.095073
0.990724,11144,6173776,0,0,4.690692,2375.768889
0.990724,11154,6179316,0,0,4.692641,2376.91336
0.990724,11164,6184856,0,0,4.693843,2378.434714
0.990724,11174,6190396,0,0,4.694254,2380.356719
0.990724,11184,6195936,0,0,4.694948,2382.135031
0.990724,11194,6201476,0,0,4.695835,2383.814536
0.990724,11204,6207016,0,0,4.696281,2385.717693
0.990724,11214,6212556,0,0,4.697366,2387.295348
0.990724,11224,6218096,0,0,4.697923,2389.141053
0.990724,11234,6223636,0,0,4.698587,2390.931602
0.990724,11244,6229176,0,0,4.699578,2392.555223
0.990724,11254,6234716,0,0,4.699923,2394.507538
0.990724,11264,6240256,0,0,4.701097,2396.036737
0.990724,11274,6245796,0,0,4.701261,2398.080104
0.990724,11284,6251336,0,0,4.706955,2397.303466
0.990724,11294,6256876,0,0,4.707851,2398.971454
0.990724,11304,6262416,0,0,4.709575,2400.216369
0.990724,11314,6267956,0,0,4.710654,2401.789513
0.990724,11324,6273496,0,0,4.711188,2403.639855
0.990724,11334,6279036,0,0,4.712339,2405.175048
0.990724,11344,6284576,0,0,4.71321,2406.852176
0.990724,11354,6290116,0,0,4.713657,2408.745653
0.990724,11364,6295656,0,0,4.797433,2368.766846
0.990724,11374,6301196,0,0,4.797446,2370.844696
0.990724,11384,6306736,0,0,4.797471,2372.916874
0.990724,11394,6312276,0,0,4.798342,2374.570339
0.990724,11404,6317816,0,0,4.798354,2376.648134
0.991296,11414,6323356,0,0,4.799485,2378.171604
0.991296,11424,6328896,0,0,4.799847,2380.075921
0.991296,11434,6334436,0,0,4.800524,2381.823083
0.991296,11444,6339976,0,0,4.801448,2383.447489
0.991296,11454,6345516,0,0,4.805371,2383.582729
0.991296,11464,6351056,0,0,4.809016,2383.855899
0.991296,11474,6356596,0,0,4.809029,2385.928703
0.991296,11484,6362136,0,0,4.809046,2387.999719
0.991296,11494,6367676,0,0,4.810046,2389.582158
0.991296,11504,6373216,0,0,4.812856,2390.26488
0.991296,11514,6378756,0,0,4.814577,2391.487182
0.991296,11524,6384296,0,0,4.82013,2390.807069
0.991296,11534,6389836,0,0,4.820428,2392.733525
0.991296,11544,6395376,0,0,4.821724,2394.164442
0.991296,11554,6400916,0,0,4.821769,2396.215995
0.991296,11564,6406456,0,0,4.822938,2397.708634
0.991296,11574,6411996,0,0,4.822952,2399.775178
0.991296,11584,6417536,0,0,4.822965,2401.841829
0.991296,11594,6423076,0,0,4.825613,2402.596183
0.991296,11604,6428616,0,0,4.826169,2404.391788
0.991296,11614,6434156,0,0,4.827524,2405.788051
0.991296,11624,6439696,0,0,4.827559,2407.841906
0.991296,11634,6445236,0,0,4.827822,2409.782195
0.991296,11644,6450776,0,0,4.91894,2367.17675
0.991296,11658,6458532,0,0,4.928062,2365.635611
0.991296,11668,6464072,0,0,4.928918,2367.253768
0.991296,11678,6469612,0,0,4.929915,2368.803313
0.991296,11688,6475152,0,0,4.930549,2370.526911
0.991296,11698,6480692,0,0,4.931893,2371.908664
0.991296,11708,6486232,0,0,4.932795,2373.502335
0.991296,11718,6491772,0,0,4.933632,2375.126299
0.991296,11728,6497312,0,0,4.93451,2376.730533
0.991296,11738,6502852,0,0,4.935291,2378.38073
0.991296,11748,6508392,0,0,4.936634,2379.759363
0.991296,11758,6513932,0,0,4.936946,2381.63424
0.991296,11768,6519472,0,0,4.940338,2382.023304
0.991296,11778,6525012,0,0,4.941319,2383.574108
0.991296,11788,6530552,0,0,4.94887,2381.957814
0.991296,11798,6536092,0,0,4.949767,2383.54637
0.991296,11808,6541632,0,0,4.949801,2385.550465
0.991296,11818,6547172,0,0,4.949814,2387.564653
0.991296,11828,6552712,0,0,4.95069,2389.1619
0.991296,11838,6558252,0,0,4.950891,2391.084978
0.991296,11848,6563792,0,0,4.952183,2392.480242
0.991296,11858,6569332,0,0,4.95251,2394.341283
0.991296,11868,6574872,0,0,4.953385,2395.937499
0.991296,11878,6580412,0,0,4.95432,2397.5035
0.991296,11888,6585952,0,0,4.956078,2398.670974
0.991296,11898,6591492,0,0,4.957293,2400.100315
0.991296,11908,6597032,0,0,4.962689,2399.505743
0.991296,11918,6602572,0,0,4.962969,2401.384992
0.991296,11928,6608112,0,0,4.963818,2402.988839
0.991296,11938,6613652,0,0,4.963831,2404.997063
0.991296,11948,6619192,0,0,4.964669,2406.605446
0.991296,11958,6624732,0,0,4.971696,2405.215377
0.991296,11968,6630272,0,0,4.971933,2407.111906
0.991296,11978,6635812,0,0,4.972764,2408.721007
0.991296,11988,6641352,0,0,4.972778,2410.725142
0.991296,11998,6646892,0,0,4.973387,2412.440338
0.38321,6,3324,0,0,0.001,6000.0
0.465563,16,8864,0,0,0.001,16000.0
0.542125,26,14404,0,0,0.001,26000.0
0.695446,36,19944,0,0,0.001628,22110.842583
0.683555,46,25484,0,0,0.001818,25300.024128
0.683555,56,31024,0,0,0.002795,20032.496716
0.683555,66,36564,0,0,0.003786,17433.343661
0.683555,76,42104,0,0,0.005418,14026.538062
0.724697,86,47644,0,0,0.008896,9667.143998
0.77046,96,53184,0,0,0.01017,9439.986496
0.77046,106,58724,0,0,0.01123,9438.608696
0.77046,116,64264,0,0,0.012563,9233.470556
0.926029,126,69804,0,0,0.013595,9267.879698
0.926029,136,75344,0,0,0.013885,9794.391209
0.926029,146,80884,0,0,0.014549,10035.371167
0.926029,156,86424,0,0,0.015706,9932.621237
0.926029,166,91964,0,0,0.022387,7414.929488
0.926029,176,97504,0,0,0.023164,7597.985776
0.926029,186,103044,0,0,0.023177,8025.146525
0.926029,196,108584,0,0,0.023504,8339.084052
0.940359,206,114124,0,0,0.02417,8522.821756
0.968419,216,119664,0,0,0.036267,5955.820688
0.968419,226,125204,0,0,0.036924,6120.699322
0.968419,236,130744,0,0,0.036937,6389.298908
0.968419,246,136284,0,0,0.037585,6545.119281
0.968419,256,141824,0,0,0.038226,6697.031915
0.968419,266,147364,0,0,0.038239,6956.248451
0.974429,276,152904,0,0,0.122535,2252.417855
0.974429,286,158444,0,0,0.122548,2333.777449
0.974429,296,163984,0,0,0.122561,2415.119634
0.974429,306,169524,0,0,0.127338,2403.059063
0.974429,316,175064,0,0,0.127923,2470.23117
0.974429,326,180604,0,0,0.133075,2449.750794
0.974429,336,186144,0,0,0.133088,2524.647748
0.974429,346,191684,0,0,0.133101,2599.525288
0.974429,356,197224,0,0,0.133739,2661.910764
0.974429,366,202764,0,0,0.134999,2711.140031
0.974429,376,208304,0,0,0.136128,2762.107293
0.974429,386,213844,0,0,0.136656,2824.604824
0.974429,396,219384,0,0,0.137483,2880.358598
0.974429,406,224924,0,0,0.143103,2837.114888
0.974429,416,230464,0,0,0.143882,2891.262178
0.974429,426,236004,0,0,0.145061,2936.700098
0.974429,436,241544,0,0,0.145603,2994.444999
0.974429,446,247084,0,0,0.146387,3046.711581
0.974429,456,252624,0,0,0.148475,3071.215661
0.974429,466,258164,0,0,0.148811,3131.481774
0.974429,476,263704,0,0,0.149917,3175.092604
0.974429,486,269244,0,0,0.15042,3230.949273
0.974429,496,274784,0,0,0.151303,3278.199307
0.974429,506,280324,0,0,0.152144,3325.802804
0.974429,516,285864,0,0,0.154402,3341.920082
0.974429,526,291404,0,0,0.155572,3381.062138
0.974429,536,296944,0,0,0.157378,3405.813659
0.974429,546,302484,0,0,0.158201,3451.316473
0.974429,556,308024,0,0,0.233801,2378.091908
0.974429,566,313564,0,0,0.233814,2420.725107
0.974429,576,319104,0,0,0.234433,2456.987653
0.974429,586,324644,0,0,0.243312,2408.433856
0.974429,596,330184,0,0,0.244087,2441.750133
0.974429,606,335724,0,0,0.244807,2475.416951
0.974429,616,341264,0,0,0.244862,2515.704354
0.974429,626,346804,0,0,0.245906,2545.684535
0.974429,636,352344,0,0,0.246195,2583.322288
0.974429,646,357884,0,0,0.247365,2611.525501
0.974429,656,363424,0,0,0.249323,2631.126235
0.974429,666,368964,0,0,0.259064,2570.788991
0.974429,676,374504,0,0,0.260318,2596.821099
0.974429,686,380044,0,0,0.261373,2624.603585
0.974429,696,385584,0,0,0.264592,2630.46095
0.974429,706,391124,0,0,0.265564,2658.488446
0.974429,716,396664,0,0,0.272539,2627.147901
0.974429,726,402204,0,0,0.275603,2634.223331
0.974429,736,407744,0,0,0.275616,2670.382654
0.974429,746,413284,0,0,0.275629,2706.54094
0.974429,756,418824,0,0,0.27623,2736.846405
0.974429,766,424364,0,0,0.276611,2769.228597
0.974429,776,429904,0,0,0.287172,2702.214807
0.974429,786,435444,0,0,0.287252,2736.269317
0.974429,796,440984,0,0,0.287304,2770.585196
0.974429,806,446524,0,0,0.287905,2799.530148
0.974429,816,452064,0,0,0.28847,2828.721408
0.974429,826,457604,0,0,0.289456,2853.625253
0.974429,836,463144,0,0,0.290108,2881.683416
0.974429,846,468684,0,0,0.290776,2909.453547
0.974429,856,474224,0,0,0.291433,2937.214107
0.974429,866,479764,0,0,0.292103,2964.709545
0.974429,876,485304,0,0,0.293096,2988.778733
0.974429,886,490844,0,0,0.293425,3019.510093
0.974429,896,496384,0,0,0.294929,3038.021492
0.974429,906,501924,0,0,0.296733,3053.248441
0.974429,916,507464,0,0,0.297663,3077.305818
0.974429,926,513004,0,0,0.306082,3025.335336
0.974429,936,518544,0,0,0.311842,3001.51575
0.974369,946,524084,0,0,0.396948,2383.181665
0.974369,956,529624,0,0,0.396973,2408.22343
0.974369,966,535164,0,0,0.397638,2429.343323
0.974369,976,540704,0,0,0.397997,2452.281861
0.974369,986,546244,0,0,0.398798,2472.431198
0.974369,996,551784,0,0,0.399332,2494.166455
0.974369,1006,557324,0,0,0.400498,2511.871767
0.974369,1016,562864,0,0,0.402002,2527.348507
0.974369,1026,568404,0,0,0.402671,2547.986709
0.974369,1036,573944,0,0,0.403666,2566.476588
0.974369,1046,579484,0,0,0.404336,2586.959063
0.974369,1056,585024,0,0,0.405493,2604.234114
0.974369,1066,590564,0,0,0.405663,2627.799966
0.974369,1076,596104,0,0,0.406334,2648.068345
0.974369,1086,601644,0,0,0.411872,2636.740561
0.974369,1096,607184,0,0,0.412531,2656.767616
0.974369,1106,612724,0,0,0.413684,2673.535877
0.974369,1116,618264,0,0,0.413857,2696.582159
0.974369,1126,623804,0,0,0.414523,2716.377515
0.974369,1136,629344,0,0,0.418482,2714.572725
0.974369,1146,634884,0,0,0.420789,2723.452115
0.974369,1156,640424,0,0,0.421957,2739.617092
0.974369,1166,645964,0,0,0.422413,2760.329432
0.974369,1176,651504,0,0,0.423081,2779.606963
0.974369,1186,657044,0,0,0.424276,2795.347878
0.974369,1196,662584,0,0,0.424713,2816.021556
0.976525,1206,668124,0,0,0.508453,2371.900038
0.976525,1216,673664,0,0,0.508467,2391.503614
0.976525,1226,679204,0,0,0.50848,2411.109534
0.976525,1236,684744,0,0,0.509122,2427.707107
0.976525,1246,690284,0,0,0.509135,2447.28801
0.976525,1256,695824,0,0,0.511257,2456.691546
0.976525,1266,701364,0,0,0.511878,2473.24436
0.976525,1276,706904,0,0,0.512807,2488.267245
0.976525,1286,712444,0,0,0.513601,2503.890053
0.976525,1296,717984,0,0,0.51414,2520.712401
0.976525,1306,723524,0,0,0.515615,2532.897674
0.976525,1316,729064,0,0,0.515772,2551.515674
0.976525,1326,734604,0,0,0.516438,2567.590312
0.976525,1336,740144,0,0,0.517231,2582.985227
0.976525,1346,745684,0,0,0.520597,2585.492103
0.976525,1356,751224,0,0,0.521753,2598.931737
0.976525,1366,756764,0,0,0.521913,2617.296586
0.976525,1376,762304,0,0,0.522544,2633.269139
0.976525,1386,767844,0,0,0.524388,2643.083103
0.976525,1396,773384,0,0,0.525341,2657.321454
0.976525,1406,778924,0,0,0.526733,2669.284456
0.976525,1416,784464,0,0,0.526883,2687.504254
0.976525,1426,790004,0,0,0.528538,2698.007309
0.976525,1436,795544,0,0,0.529432,2712.339252
0.976525,1446,801084,0,0,0.530164,2727.457901
0.976525,1456,806624,0,0,0.531671,2738.534202
0.976525,1466,812164,0,0,0.531739,2756.989228
0.976525,1476,817704,0,0,0.532445,2772.118789
0.976525,1486,823244,0,0,0.533243,2786.721064
0.976525,1496,828784,0,0,0.533772,2802.697331
0.976525,1506,834324,0,0,0.534933,2815.306622
0.976525,1516,839864,0,0,0.536142,2827.607262
0.976525,1526,845404,0,0,0.537136,2840.994564
0.976525,1536,850944,0,0,0.633437,2424.866558
0.976525,1546,856484,0,0,0.63345,2440.603845
0.976525,1556,862024,0,0,0.63407,2453.986196
0.976525,1566,867564,0,0,0.634083,2469.707169
0.976525,1576,873104,0,0,0.634922,2482.193623
0.976525,1586,878644,0,0,0.635738,2494.736936
0.976525,1596,884184,0,0,0.636346,2508.069108
0.976525,1606,889724,0,0,0.637527,2519.10998
0.976525,1616,895264,0,0,0.63782,2533.628262
0.976525,1626,900804,0,0,0.638559,2546.357874
0.976525,1636,906344,0,0,0.639637,2557.698816
0.976525,1646,911884,0,0,0.641515,2565.800248
0.976525,1656,917424,0,0,0.642792,2576.259204
0.976525,1666,922964,0,0,0.643347,2589.584113
0.976525,1676,928504,0,0,0.644091,2602.118186
0.976525,1686,934044,0,0,0.644964,2614.098507
0.976525,1696,939584,0,0,0.645572,2627.128756
0.976525,1706,945124,0,0,0.646755,2637.784095
0.976525,1716,950664,0,0,0.647354,2650.790242
0.976525,1726,956204,0,0,0.648086,2663.227482
0.976525,1736,961744,0,0,0.648936,2675.147123
0.976525,1746,967284,0,0,0.649521,2688.136303
0.976525,1756,972824,0,0,0.650748,2698.434116
0.976525,1766,978364,0,0,0.651003,2712.736605
0.976525,1776,983904,0,0,0.664853,2671.268712
0.976525,1786,989444,0,0,0.667419,2675.98033
0.976525,1796,994984,0,0,0.668464,2686.755766
0.976525,1806,1000524,0,0,0.751145,2404.328992
0.976525,1816,1006064,0,0,0.751159,2417.595957
0.976525,1826,1011604,0,0,0.751173,2430.86396
0.976525,1836,1017144,0,0,0.754215,2434.317581
0.976525,1846,1022684,0,0,0.755056,2444.852082
0.976525,1856,1028224,0,0,0.757025,2451.703921
0.976525,1866,1033764,0,0,0.758353,2460.59477
0.976525,1876,1039304,0,0,0.759348,2470.540015
0.976525,1886,1044844,0,0,0.759986,2481.623353
0.976525,1896,1050384,0,0,0.760347,2493.597898
0.976525,1907,1056478,0,0,0.761904,2502.939999
0.976525,1917,1062018,0,0,0.762667,2513.547262
0.976525,1927,1067558,0,0,0.770325,2501.54096
0.976525,1937,1073098,0,0,0.771434,2510.909585
0.976525,1947,1078638,0,0,0.772541,2520.255216
0.976525,1957,1084178,0,0,0.773979,2528.492543
0.976525,1967,1089718,0,0,0.777083,2531.2614
0.976525,1977,1095258,0,0,0.778196,2540.49077
0.976525,1987,1100798,0,0,0.779296,2549.735896
0.976525,1997,1106338,0,0,0.780404,2558.929935
0.976525,2007,1111878,0,0,0.782309,2565.481474
0.976525,2016,1116864,0,0,0.794434,2537.655514
0.976525,2026,1122404,0,0,0.794457,2550.169619
0.976525,2036,1127944,0,0,0.795121,2560.616707
0.976525,2046,1133484,0,0,0.795134,2573.151745
0.976525,2056,1139024,0,0,0.795399,2584.867147
0.976525,2066,1144564,0,0,0.796724,2593.119334
0.976525,2076,1150104,0,0,0.796747,2605.593542
0.976525,2086,1155644,0,0,0.798467,2612.504914
0.976525,2096,1161184,0,0,0.80041,2618.657052
0.976525,2106,1166724,0,0,0.8018,2626.590131
0.976525,2116,1172264,0,0,0.802902,2635.439997
0.976525,2124,1176696,0,0,0.804631,2639.719342
0.976525,2134,1182236,0,0,0.806043,2647.500167
0.976525,2144,1187776,0,0,0.907946,2361.373009
0.976525,2154,1193316,0,0,0.907973,2372.318351
0.976525,2164,1198856,0,0,0.921788,2347.610225
0.976525,2174,1204396,0,0,0.942427,2306.808999
0.976525,2184,1209936,0,0,0.943741,2314.193466
0.976525,2194,1215476,0,0,0.944082,2323.951207
0.976525,2204,1221016,0,0,0.944729,2332.943935
0.976525,2214,1226556,0,0,0.945069,2342.685314
0.976525,2224,1232096,0,0,0.945845,2351.337505
0.976525,2234,1237636,0,0,0.946484,2360.315563
0.976525,2244,1243176,0,0,0.960083,2337.296741
0.976525,2254,1248716,0,0,0.960768,2346.038709
0.976525,2264,1254256,0,0,0.960782,2356.413713
0.976525,2274,1259796,0,0,0.964049,2358.800434
0.976525,2284,1265336,0,0,0.965153,2366.464814
0.976525,2294,1270876,0,0,0.966258,2374.107588
0.976525,2304,1276416,0,0,0.975249,2362.474035
0.972691,2314,1281956,0,0,1.001836,2309.758591
0.972691,2324,1287496,0,0,1.00186,2319.686161
0.972691,2334,1293036,0,0,1.002544,2328.076435
0.972691,2344,1298576,0,0,1.008757,2323.650969
0.972691,2354,1304116,0,0,1.009484,2331.884287
0.972691,2364,1309656,0,0,1.009498,2341.757706
0.972691,2374,1315196,0,0,1.010401,2349.562179
0.972691,2384,1320736,0,0,1.016567,2345.147403
0.972691,2394,1326276,0,0,1.017562,2352.682949
0.972691,2404,1331816,0,0,1.022041,2352.155937
0.972691,2414,1337356,0,0,1.024502,2356.266114
0.972691,2424,1342896,0,0,1.026825,2360.675556
0.972691,2434,1348436,0,0,1.028799,2365.866407
0.972691,2444,1353976,0,0,1.035337,2360.584651
0.972691,2454,1359516,0,0,1.03606,2368.589565
0.972691,2466,1366164,0,0,1.03995,2371.267004
0.972691,2476,1371704,0,0,1.040916,2378.673156
0.972691,2486,1377244,0,0,1.042266,2385.18736
0.972691,2496,1382784,0,0,1.042753,2393.664834
0.972691,2506,1388324,0,0,1.043712,2401.045728
0.972691,2516,1393864,0,0,1.04467,2408.416362
0.972691,2526,1399404,0,0,1.045656,2415.708496
0.972691,2536,1404944,0,0,1.047593,2420.787192
0.972691,2546,1410484,0,0,1.048454,2428.337787
0.972691,2556,1416024,0,0,1.049099,2436.37643
0.972691,2566,1421564,0,0,1.049779,2444.323029
0.972691,2576,1427104,0,0,1.050429,2452.331691
0.972691,2584,1431536,0,0,1.051557,2457.308951
0.972691,2594,1437076,0,0,1.052112,2465.517298
0.972691,2604,1442616,0,0,1.052504,2474.100835
0.972691,2614,1448156,0,0,1.055609,2476.296262
0.972691,2624,1453696,0,0,1.055674,2485.616207
0.972691,2634,1459236,0,0,1.056341,2493.513143
0.972691,2644,1464776,0,0,1.059583,2495.320832
0.972691,2654,1470316,0,0,1.059656,2504.586056
0.972691,2664,1475856,0,0,1.060297,2512.504108
0.972691,2674,1481396,0,0,1.06031,2521.904807
0.972336,2684,1486936,0,0,1.152625,2328.597596
0.972336,2694,1492476,0,0,1.152638,2337.246371
0.972336,2704,1498016,0,0,1.152652,2345.894945
0.972336,2714,1503556,0,0,1.153656,2352.521017
0.972336,2724,1509096,0,0,1.153823,2360.847581
0.972336,2734,1514636,0,0,1.154505,2368.114444
0.972336,2744,1520176,0,0,1.154519,2376.748187
0.972336,2754,1525716,0,0,1.154609,2385.223122
0.972336,2764,1531256,0,0,1.155277,2392.500766
0.972336,2774,1536796,0,0,1.156192,2399.255354
0.972336,2784,1542336,0,0,1.157269,2405.662686
0.972336,2794,1547876,0,0,1.157566,2413.684623
0.972336,2804,1553416,0,0,1.158229,2420.938244
0.972336,2814,1558956,0,0,1.158901,2428.163093
0.972336,2824,1564496,0,0,1.159555,2435.416121
0.972336,2834,1570036,0,0,1.160633,2441.771317
0.972336,2844,1575576,0,0,1.171523,2427.609982
0.972336,2854,1581116,0,0,1.171671,2435.837048
0.972336,2864,1586656,0,0,1.17257,2442.497626
0.972336,2874,1592196,0,0,1.173301,2449.498859
0.972336,2884,1597736,0,0,1.174377,2455.769741
0.972336,2894,1603276,0,0,1.174683,2463.644186
0.972336,2904,1608816,0,0,1.175293,2470.873286
0.972336,2914,1614356,0,0,1.176064,2477.756282
0.972336,2924,1619896,0,0,1.176682,2484.952457
0.972336,2934,1625436,0,0,1.177965,2490.736299
0.972336,2944,1630976,0,0,1.178735,2497.592721
0.972336,2954,1636516,0,0,1.179302,2504.872587
0.972336,2964,1642056,0,0,1.180041,2511.776974
0.972336,2974,1647596,0,0,1.183368,2513.165374
0.972336,2984,1653136,0,0,1.274015,2342.202153
0.972336,2994,1658676,0,0,1.274028,2350.027168
0.972336,3004,1664216,0,0,1.274041,2357.852463
0.972336,3014,1669756,0,0,1.275,2363.921834
0.972336,3024,1675296,0,0,1.278778,2364.757464
0.972336,3034,1680836,0,0,1.279389,2371.444229
0.972336,3044,1686376,0,0,1.279402,2379.23696
0.972336,3054,1691916,0,0,1.279414,2387.030872
0.972336,3064,1697456,0,0,1.280295,2393.197747
0.972336,3074,1702996,0,0,1.280853,2399.963088
0.972336,3084,1708536,0,0,1.281892,2405.818337
0.972336,3094,1714076,0,0,1.282501,2412.474683
0.972336,3104,1719616,0,0,1.283168,2419.012347
0.972336,3114,1725156,0,0,1.283876,2425.467088
0.972336,3124,1730696,0,0,1.284495,2432.083535
0.972336,3134,1736236,0,0,1.2858,2437.392648
0.972336,3144,1741776,0,0,1.286144,2444.517193
0.972336,3154,1747316,0,0,1.286808,2451.025624
0.972336,3164,1752856,0,0,1.287468,2457.536437
0.972336,3174,1758396,0,0,1.288136,2464.025527
0.972336,3184,1763936,0,0,1.289121,2469.900657
0.972336,3194,1769476,0,0,1.293265,2469.718828
0.972336,3204,1775016,0,0,1.293571,2476.865354
0.972336,3214,1780556,0,0,1.29456,2482.697366
0.972336,3224,1786096,0,0,1.295219,2489.153992
0.972336,3234,1791636,0,0,1.296218,2494.951311
0.972336,3244,1797176,0,0,1.297901,2499.42084
0.972336,3254,1802716,0,0,1.297938,2507.054207
0.972336,3264,1808256,0,0,1.298537,2513.597964
0.972336,3274,1813796,0,0,1.298928,2520.539508
0.972336,3284,1819336,0,0,1.387439,2366.950886
0.972336,3294,1824876,0,0,1.387453,2374.134748
0.972336,3304,1830416,0,0,1.387466,2381.319694
0.972336,3314,1835956,0,0,1.388278,2387.129532
0.972336,3324,1841496,0,0,1.391246,2389.225879
0.972336,3334,1847036,0,0,1.397793,2385.188965
0.972336,3344,1852576,0,0,1.397991,2392.003646
0.972336,3354,1858116,0,0,1.398023,2399.102758
0.972336,3364,1863656,0,0,1.398729,2405.040018
0.972336,3374,1869196,0,0,1.398743,2412.166339
0.972336,3384,1874736,0,0,1.399395,2418.188703
0.972336,3394,1880276,0,0,1.39948,2425.186317
0.972336,3404,1885816,0,0,1.400056,2431.331517
0.972336,3414,1891356,0,0,1.400803,2437.172966
0.972336,3424,1896896,0,0,1.401422,2443.233449
0.972336,3434,1902436,0,0,1.403267,2447.146298
0.972336,3444,1907976,0,0,1.40435,2452.379614
0.972336,3454,1913516,0,0,1.404935,2458.476931
0.972336,3464,1919056,0,0,1.405861,2463.970234
0.972336,3474,1924596,0,0,1.406494,2469.970767
0.972336,3484,1930136,0,0,1.407514,2475.285627
0.972336,3494,1935676,0,0,1.407799,2481.889226
0.972336,3504,1941216,0,0,1.410484,2484.254339
0.972336,3514,1946756,0,0,1.411239,2490.010712
0.972336,3524,1952296,0,0,1.411841,2496.032348
0.972336,3534,1957836,0,0,1.412882,2501.271138
0.972336,3544,1963376,0,0,1.413181,2507.817352
0.972336,3554,1968916,0,0,1.413879,2513.652729
0.972336,3564,1974456,0,0,1.517991,2347.839536
0.972336,3574,1979996,0,0,1.518005,2354.406481
0.972336,3584,1985536,0,0,1.518656,2359.981433
0.972336,3594,1991076,0,0,1.520611,2363.524277
0.972336,3604,1996616,0,0,1.52063,2370.070854
0.972336,3614,2002156,0,0,1.521287,2375.620544
0.972336,3624,2007696,0,0,1.5213,2382.173767
0.972336,3634,2013236,0,0,1.522007,2387.637617
0.972336,3644,2018776,0,0,1.522606,2393.264645
0.972336,3654,2024316,0,0,1.523284,2398.765215
0.972336,3664,2029856,0,0,1.523935,2404.301895
0.972336,3674,2035396,0,0,1.524599,2409.813871
0.972336,3684,2040936,0,0,1.525584,2414.813355
0.972336,3694,2046476,0,0,1.525926,2420.825702
0.972336,3704,2052016,0,0,1.526937,2425.77094
0.972336,3714,2057556,0,0,1.527608,2431.252127
0.972336,3724,2063096,0,0,1.532706,2429.690055
0.972336,3734,2068636,0,0,1.533558,2434.860803
0.972336,3744,2074176,0,0,1.533571,2441.360712
0.972336,3754,2079716,0,0,1.535381,2444.995992
0.972336,3764,2085256,0,0,1.536369,2449.932139
0.972336,3774,2090796,0,0,1.536382,2456.420407
0.972336,3784,2096336,0,0,1.537775,2460.698786
0.972336,3794,2101876,0,0,1.538459,2466.104351
0.972336,3804,2107416,0,0,1.539119,2471.543012
0.972336,3814,2112956,0,0,1.545665,2467.54629
0.972336,3824,2118496,0,0,1.545686,2473.982797
0.972336,3834,2124036,0,0,1.546386,2479.329982
0.972336,3844,2129576,0,0,1.546399,2485.774446
0.972336,3854,2135116,0,0,1.546965,2491.330368
0.972336,3864,2140656,0,0,1.633853,2364.961211
0.972336,3874,2146196,0,0,1.633869,2371.058876
0.972336,3884,2151736,0,0,1.634533,2376.213983
0.972336,3894,2157276,0,0,1.637191,2378.464352
0.972336,3904,2162816,0,0,1.639098,2381.797204
0.972336,3914,2168356,0,0,1.639752,2386.946795
0.972336,3924,2173896,0,0,1.639765,2393.026143
0.972336,3934,2179436,0,0,1.640406,2398.186598
0.972336,3944,2184976,0,0,1.642782,2400.805503
0.972336,3954,2190516,0,0,1.642825,2406.829863
0.972336,3964,2196056,0,0,1.643476,2411.960276
0.972336,3974,2201596,0,0,1.64349,2418.025646
0.972336,3984,2207136,0,0,1.644128,2423.169578
0.972336,3994,2212676,0,0,1.64414,2429.232808
0.972336,4004,2218216,0,0,1.6471,2430.938564
0.972336,4014,2223756,0,0,1.647768,2436.022869
0.972336,4024,2229296,0,0,1.647828,2442.002644
0.972336,4034,2234836,0,0,1.648685,2446.798187
0.972336,4044,2240376,0,0,1.648698,2452.844472
0.972336,4054,2245916,0,0,1.649281,2458.04148
0.972336,4064,2251456,0,0,1.649943,2463.115223
0.972336,4074,2256996,0,0,1.650018,2469.064009
0.972336,4084,2262536,0,0,1.650859,2473.864145
0.972336,4094,2268076,0,0,1.650872,2479.901901
0.972336,4104,2273616,0,0,1.651108,2485.603567
0.972336,4114,2279156,0,0,1.65184,2490.556388
0.972336,4124,2284696,0,0,1.652142,2496.153406
0.972336,4134,2290236,0,0,1.758344,2351.075234
0.972336,4144,2295776,0,0,1.758358,2356.743548
0.972336,4154,2301316,0,0,1.758372,2362.412733
0.972336,4164,2306856,0,0,1.819783,2288.184345
0.972336,4174,2312396,0,0,1.820215,2293.135718
0.972336,4184,2317936,0,0,1.825849,2291.536334
0.972336,4194,2323476,0,0,1.826484,2296.215367
0.972336,4204,2329016,0,0,1.826497,2301.673543
0.972336,4214,2334556,0,0,1.827141,2306.33596
0.972336,4224,2340096,0,0,1.829849,2308.38779
0.972336,4234,2345636,0,0,1.830273,2313.316512
0.972336,4244,2351176,0,0,1.83092,2317.95979
0.972336,4254,2356716,0,0,1.83174,2322.381517
0.972336,4264,2362256,0,0,1.832567,2326.790507
0.972336,4274,2367796,0,0,1.832766,2331.994606
0.972336,4283,2372782,0,0,1.877745,2280.927784
0.972336,4293,2378322,0,0,1.879019,2284.702499
0.972336,4303,2383862,0,0,1.879638,2289.270066
0.972336,4313,2389402,0,0,1.880892,2293.061487
0.972336,4323,2394942,0,0,1.881868,2297.18512
0.972336,4333,2400482,0,0,1.910846,2267.582575
0.972336,4343,2406022,0,0,1.911596,2271.923211
0.972336,4353,2411562,0,0,1.916117,2271.781716
0.972336,4363,2417102,0,0,1.917026,2275.921655
0.972336,4373,2422642,0,0,1.917039,2281.122183
0.972336,4383,2428182,0,0,1.917052,2286.323206
0.972336,4393,2433722,0,0,1.91769,2290.776878
0.972336,4403,2439262,0,0,1.918328,2295.227586
0.972336,4413,2444802,0,0,1.926939,2290.160703
0.972336,4423,2450342,0,0,1.927566,2294.603883
0.972336,4433,2455882,0,0,1.927621,2299.72635
0.972336,4443,2461422,0,0,1.92826,2304.15032
0.972336,4453,2466962,0,0,1.929481,2307.874466
0.972336,4463,2472502,0,0,1.931122,2311.091324
0.972336,4473,2478042,0,0,1.933119,2313.877711
0.972336,4483,2483582,0,0,1.933975,2318.023496
0.972336,4493,2489122,0,0,1.995018,2252.110538
0.972336,4503,2494662,0,0,2.014444,2235.356661
0.972336,4513,2500202,0,0,2.016853,2237.644649
0.972336,4523,2505742,0,0,2.017763,2241.591683
0.972336,4533,2511282,0,0,2.018757,2245.441014
0.972336,4543,2516822,0,0,2.022136,2246.634017
0.972336,4553,2522362,0,0,2.027745,2245.351618
0.972336,4563,2527902,0,0,2.031417,2246.215181
0.972336,4573,2533442,0,0,2.034723,2247.480848
0.972336,4583,2538982,0,0,2.048308,2237.456851
0.972336,4593,2544522,0,0,2.049388,2241.156425
0.972336,4603,2550062,0,0,2.049404,2246.019207
0.972336,4613,2555602,0,0,2.051971,2248.082499
0.972336,4623,2561142,0,0,2.06815,2235.331304
0.972336,4633,2566682,0,0,2.068991,2239.255812
0.972336,4643,2572222,0,0,2.069692,2243.328813
0.972336,4653,2577762,0,0,2.070142,2247.671607
0.972336,4663,2583302,0,0,2.071843,2250.65352
0.972336,4673,2588842,0,0,2.076286,2250.652988
0.972336,4683,2594382,0,0,2.077898,2253.720096
0.972336,4693,2599922,0,0,2.079859,2256.40268
0.972336,4703,2605462,0,0,2.081527,2259.398736
0.972336,4713,2611002,0,0,2.083279,2262.299115
0.972336,4724,2617096,0,0,2.111828,2236.924251
0.972336,4732,2621528,0,0,2.12472,2227.116634
0.972336,4742,2627068,0,0,2.125614,2230.884393
0.972336,4752,2632608,0,0,2.125629,2235.573619
0.972336,4762,2638148,0,0,2.125643,2240.263535
0.972336,4772,2643688,0,0,2.127387,2243.127569
0.972336,4782,2649228,0,0,2.127408,2247.805499
0.972336,4792,2654768,0,0,2.133151,2246.441943
0.972336,4802,2660308,0,0,2.133719,2250.530932
0.972336,4812,2665848,0,0,2.133883,2255.044478
0.972336,4822,2671388,0,0,2.137258,2256.161811
0.972336,4832,2676928,0,0,2.159218,2237.846898
0.972336,4842,2682468,0,0,2.160683,2240.957907
0.972336,4852,2688008,0,0,2.160697,2245.571453
0.972336,4862,2693548,0,0,2.162927,2247.879932
0.972336,4872,2699088,0,0,2.165664,2249.656253
0.972336,4882,2704628,0,0,2.170419,2249.334795
0.972336,4892,2710168,0,0,2.172945,2251.322243
0.972336,4902,2715708,0,0,2.175325,2253.455972
0.972336,4912,2721248,0,0,2.178014,2255.265782
0.972336,4922,2726788,0,0,2.180582,2257.195755
0.972336,4932,2732328,0,0,2.190297,2251.749045
0.972336,4942,2737868,0,0,2.197847,2248.56452
0.972336,4952,2743408,0,0,2.200648,2250.24622
0.972336,4962,2748948,0,0,2.210914,2244.320296
0.972336,4972,2754488,0,0,2.213624,2246.090089
0.972336,4982,2760028,0,0,2.216226,2247.965583
0.972336,4992,2765568,0,0,2.218953,2249.709768
0.972336,5002,2771108,0,0,2.221944,2251.181511
0.972336,5012,2776648,0,0,2.227209,2250.350251
0.972336,5022,2782188,0,0,2.234807,2247.173902
0.972336,5032,2787728,0,0,2.237525,2248.913673
0.972336,5042,2793268,0,0,2.243689,2247.191714
0.972336,5052,2798808,0,0,2.246319,2249.01314
0.972336,5062,2804348,0,0,2.249192,2250.585512
0.972336,5072,2809888,0,0,2.252564,2251.655905
0.972336,5082,2815428,0,0,2.255423,2253.23556
0.972336,5092,2820968,0,0,2.261938,2251.1673
0.972336,5102,2826508,0,0,2.264502,2253.033952
0.972336,5112,2832048,0,0,2.267182,2254.781375
0.972336,5122,2837588,0,0,2.271548,2254.849727
0.972336,5132,2843128,0,0,2.274287,2256.530929
0.972336,5142,2848668,0,0,2.278942,2256.310058
0.972336,5152,2854208,0,0,2.281939,2257.728798
0.972336,5162,2859748,0,0,2.284495,2259.580467
0.972336,5172,2865288,0,0,2.287,2261.477741
0.972336,5182,2870828,0,0,2.29397,2258.965791
0.972336,5192,2876368,0,0,2.296883,2260.454373
0.972336,5202,2881908,0,0,2.299606,2262.127028
0.972336,5212,2887448,0,0,2.302722,2263.407816
0.972336,5222,2892988,0,0,2.308158,2262.410424
0.972336,5232,2898528,0,0,2.3147,2260.335756
0.972336,5242,2904068,0,0,2.321,2258.509399
0.972336,5259,2913486,0,0,2.334461,2252.768667
0.972336,5276,2922904,0,0,2.353534,2241.734757
0.972336,5286,2928444,0,0,2.364665,2235.412202
0.972336,5296,2933984,0,0,2.371223,2233.446872
0.972336,5306,2939524,0,0,2.377337,2231.908637
0.972336,5316,2945064,0,0,2.394609,2219.986669
0.972336,5326,2950604,0,0,2.398086,2220.937578
0.972336,5335,2955590,0,0,2.400416,2222.531081
0.972336,5345,2961130,0,0,2.403999,2223.378545
0.972336,5355,2966670,0,0,2.406631,2225.102675
0.972336,5365,2972210,0,0,2.408651,2227.388197
0.972336,5375,2977750,0,0,2.410326,2229.988362
0.972336,5385,2983290,0,0,2.411876,2232.702102
0.972336,5395,2988830,0,0,2.415059,2233.900013
0.972336,5405,2994370,0,0,2.416285,2236.904966
0.972336,5415,2999910,0,0,2.417935,2239.514615
0.972336,5425,3005450,0,0,2.418579,2243.052762
0.972336,5435,3010990,0,0,2.419671,2246.173082
0.972336,5445,3016530,0,0,2.420685,2249.363251
0.972336,5455,3022070,0,0,2.426034,2248.526029
0.972336,5465,3027610,0,0,2.426807,2251.929837
0.972336,5475,3033150,0,0,2.426821,2256.037622
0.972336,5485,3038690,0,0,2.430371,2256.857038
0.972336,5495,3044230,0,0,2.431397,2260.017852
0.972336,5505,3049770,0,0,2.43141,2264.11806
0.972336,5515,3055310,0,0,2.43205,2267.634754
0.972336,5525,3060850,0,0,2.439389,2264.910985
0.972336,5535,3066390,0,0,2.439807,2268.622346
0.972336,5545,3071930,0,0,2.440886,2271.716293
0.972336,5555,3077470,0,0,2.440911,2275.790048
0.972336,5565,3083010,0,0,2.441886,2278.975994
0.972336,5575,3088550,0,0,2.4419,2283.05826
0.972336,5585,3094090,0,0,2.442113,2286.954034
0.972336,5595,3099630,0,0,2.443258,2289.974839
0.972336,5605,3105170,0,0,2.44384,2293.522093
0.972336,5615,3110710,0,0,2.445518,2296.036837
0.972336,5625,3116250,0,0,2.445545,2300.101059
0.972336,5635,3121790,0,0,2.445559,2304.17665
0.972336,5645,3127330,0,0,2.44655,2307.330608
0.972336,5655,3132870,0,0,2.446566,2311.403355
0.972336,5665,3138410,0,0,2.447744,2314.376115
0.972336,5675,3143950,0,0,2.447786,2318.421991
0.972336,5685,3149490,0,0,2.447801,2322.492612
0.972336,5695,3155030,0,0,2.448685,2325.738166
0.972336,5705,3160570,0,0,2.448774,2329.736927
0.972336,5715,3166110,0,0,2.450076,2332.581059
0.972336,5725,3171650,0,0,2.450118,2336.621865
0.972336,5735,3177190,0,0,2.450142,2340.680296
0.972336,5745,3182730,0,0,2.452816,2342.205392
0.972336,5755,3188270,0,0,2.452844,2346.255883
0.972336,5765,3193810,0,0,2.453588,2349.620221
0.972336,5775,3199350,0,0,2.456918,2350.506023
0.972336,5785,3204890,0,0,2.457445,2354.071086
0.972336,5795,3210430,0,0,2.548242,2274.116528
0.972336,5805,3215970,0,0,2.548256,2278.028865
0.972336,5815,3221510,0,0,2.548941,2281.339249
0.972336,5825,3227050,0,0,2.551014,2283.40557
0.972336,5835,3232590,0,0,2.551442,2286.942347
0.972336,5845,3238130,0,0,2.552325,2290.06885
0.972336,5855,3243670,0,0,2.552348,2293.966275
0.972336,5865,3249210,0,0,2.553111,2297.197779
0.972336,5875,3254750,0,0,2.553164,2301.066222
0.972336,5885,3260290,0,0,2.553759,2304.446024
0.972336,5895,3265830,0,0,2.554622,2307.581728
0.972336,5905,3271370,0,0,2.554816,2311.321259
0.972336,5915,3276910,0,0,2.556084,2314.086347
0.972336,5925,3282450,0,0,2.556097,2317.986906
0.972336,5935,3287990,0,0,2.556915,2321.156509
0.972336,5945,3293530,0,0,2.558762,2323.388918
0.972336,5955,3299070,0,0,2.559172,2326.92435
0.972336,5965,3304610,0,0,2.560952,2329.211563
0.972336,5975,3310150,0,0,2.560966,2333.104196
0.972336,5985,3315690,0,0,2.561379,2336.631987
0.972336,5995,3321230,0,0,2.562359,2339.640846
0.972336,6005,3326770,0,0,2.562892,2343.056458
0.972336,6015,3332310,0,0,2.563958,2345.982331
0.972336,6025,3337850,0,0,2.568956,2345.311013
0.972336,6035,3343390,0,0,2.569003,2349.160477
0.972336,6045,3348930,0,0,2.570023,2352.118755
0.972336,6055,3354470,0,0,2.57005,2355.985291
0.972336,6065,3360010,0,0,2.570753,2359.230625
0.972336,6075,3365550,0,0,2.572357,2361.646932
0.972336,6085,3371090,0,0,2.572586,2365.323956
0.98564,6095,3376630,0,0,2.659964,2291.384527
0.98564,6105,3382170,0,0,2.659979,2295.131222
0.98564,6115,3387710,0,0,2.660735,2298.237029
0.98564,6125,3393250,0,0,2.66584,2297.587535
0.98564,6135,3398790,0,0,2.666764,2300.541218
0.98564,6145,3404330,0,0,2.667785,2303.408657
0.98564,6155,3409870,0,0,2.679631,2296.957851
0.98564,6165,3415410,0,0,2.681063,2299.461126
0.98564,6175,3420950,0,0,2.681491,2302.823405
0.98564,6185,3426490,0,0,2.681949,2306.158369
0.98564,6195,3432030,0,0,2.683057,2308.933164
0.98564,6205,3437570,0,0,2.683791,2312.027885
0.98564,6215,3443110,0,0,2.686895,2313.079148
0.98564,6225,3448650,0,0,2.687552,2316.234275
0.98564,6235,3454190,0,0,2.688178,2319.414601
0.98564,6245,3459730,0,0,2.689079,2322.356837
0.98564,6255,3465270,0,0,2.691379,2324.087125
0.98564,6265,3470810,0,0,2.69469,2324.942973
0.98564,6275,3476350,0,0,2.694704,2328.641819
0.98564,6285,3481890,0,0,2.695296,2331.840526
0.98564,6295,3487430,0,0,2.695942,2334.991158
0.98564,6305,3492970,0,0,2.696518,2338.200853
0.98564,6315,3498510,0,0,2.697528,2341.03192
0.98564,6325,3504050,0,0,2.697756,2344.541122
0.98564,6335,3509590,0,0,2.69953,2346.704896
0.98564,6345,3515130,0,0,2.704839,2345.79582
0.98564,6355,3520670,0,0,2.705421,2348.987277
0.98564,6365,3526210,0,0,2.706423,2351.812875
0.98564,6375,3531750,0,0,2.706612,2355.343249
0.98564,6385,3537290,0,0,2.710106,2355.996498
0.98564,6395,3542830,0,0,2.727913,2344.282648
0.98564,6405,3548370,0,0,2.72853,2347.41749
0.98564,6416,3554464,0,0,2.729781,2350.371567
0.98564,6426,3560004,0,0,2.730626,2353.306645
0.98564,6436,3565544,0,0,2.731872,2355.893411
0.98564,6446,3571084,0,0,2.732835,2358.722671
0.98564,6456,3576624,0,0,2.748758,2348.697054
0.98564,6466,3582164,0,0,2.752301,2349.306814
0.98564,6476,3587704,0,0,2.752756,2352.551305
0.98564,6486,3593244,0,0,2.753261,2355.752089
0.98564,6496,3598784,0,0,2.753902,2358.834882
0.98564,6506,3604324,0,0,2.754182,2362.22559
0.98564,6516,3609864,0,0,2.754822,2365.307483
0.98564,6526,3615404,0,0,2.774029,2352.535075
0.98564,6536,3620944,0,0,2.774041,2356.129613
0.98564,6546,3626484,0,0,2.774681,2359.190245
0.98564,6556,3632024,0,0,2.774694,2362.783096
0.98564,6566,3637564,0,0,2.86248,2293.814831
0.98564,6576,3643104,0,0,2.862494,2297.29759
0.98564,6586,3648644,0,0,2.862507,2300.780507
0.98564,6596,3654184,0,0,2.864405,2302.74706
0.98564,6606,3659724,0,0,2.864803,2305.91785
0.98564,6616,3665264,0,0,2.865734,2308.658015
0.98564,6626,3670804,0,0,2.867235,2310.937236
0.98564,6636,3676344,0,0,2.870279,2311.970502
0.98564,6646,3681884,0,0,2.871071,2314.815732
0.98564,6656,3687424,0,0,2.871085,2318.287588
0.98564,6666,3692964,0,0,2.872088,2320.959368
0.98564,6676,3698504,0,0,2.872102,2324.429964
0.98564,6686,3704044,0,0,2.872143,2327.878883
0.98564,6696,3709584,0,0,2.873111,2330.574759
0.98564,6706,3715124,0,0,2.875638,2332.00423
0.98564,6716,3720664,0,0,2.876754,2334.575669
0.98564,6726,3726204,0,0,2.881273,2334.385197
0.98564,6736,3731744,0,0,2.881501,2337.670767
0.98564,6746,3737284,0,0,2.884212,2338.940397
0.98564,6756,3742824,0,0,2.884671,2342.035061
0.98564,6766,3748364,0,0,2.885952,2344.460535
0.98564,6776,3753904,0,0,2.885967,2347.912988
0.98564,6786,3759444,0,0,2.88598,2351.367347
0.98564,6796,3764984,0,0,2.886919,2354.066334
0.98564,6806,3770524,0,0,2.887376,2357.157834
0.98564,6816,3776064,0,0,2.888569,2359.646
0.98564,6826,3781604,0,0,2.888584,2363.095244
0.98564,6836,3787144,0,0,2.888762,2366.41183
0.98564,6846,3792684,0,0,2.987835,2291.290873
0.98564,6864,3802656,0,0,2.994508,2292.196043
0.98564,6874,3808196,0,0,2.995425,2294.832782
0.98564,6884,3813736,0,0,2.996358,2297.455841
0.98564,6894,3819276,0,0,2.997281,2300.084586
0.98564,6904,3824816,0,0,2.998569,2302.431401
0.98564,6914,3830356,0,0,3.000442,2304.327324
0.98564,6924,3835896,0,0,3.001079,2307.169941
0.98564,6934,3841436,0,0,3.002013,2309.783493
0.98564,6944,3846976,0,0,3.002273,2312.914001
0.98564,6954,3852516,0,0,3.003438,2315.346248
0.98564,6964,3858056,0,0,3.003462,2318.657544
0.98564,6974,3863596,0,0,3.007732,2318.690694
0.98564,6984,3869136,0,0,3.00868,2321.283855
0.98564,6994,3874676,0,0,3.008703,2324.58952
0.98564,7004,3880216,0,0,3.009847,2327.028272
0.98564,7014,3885756,0,0,3.009864,2330.337778
0.98564,7024,3891296,0,0,3.010047,2333.518412
0.98564,7034,3896836,0,0,3.010876,2336.196849
0.98564,7044,3902376,0,0,3.011487,2339.043611
0.98564,7054,3907916,0,0,3.013414,2340.866612
0.98564,7064,3913456,0,0,3.013427,2344.174535
0.98564,7074,3918996,0,0,3.01346,2347.467571
0.98564,7084,3924536,0,0,3.014589,2349.905872
0.98564,7094,3930076,0,0,3.014603,2353.211721
0.98564,7104,3935616,0,0,3.016964,2354.685073
0.98564,7114,3941156,0,0,3.017238,2357.785761
0.98564,7124,3946696,0,0,3.018129,2360.40248
0.98564,7134,3952236,0,0,3.019248,2362.839638
0.98564,7144,3957776,0,0,3.019321,2366.094734
0.98564,7154,3963316,0,0,3.020514,2368.470866
0.98564,7164,3968856,0,0,3.020964,2371.428531
0.98564,7174,3974396,0,0,3.021558,2374.271967
0.98564,7184,3979936,0,0,3.022407,2376.913457
0.98564,7194,3985476,0,0,3.022825,2379.892603
0.98564,7204,3991016,0,0,3.024353,2381.997054
0.98564,7214,3996556,0,0,3.024368,2385.291699
0.98564,7224,4002096,0,0,3.02509,2388.028141
0.994492,7234,4007636,0,0,3.148444,2297.642771
0.994492,7244,4013176,0,0,3.148458,2300.808489
0.994492,7254,4018716,0,0,3.149347,2303.334404
0.994492,7264,4024256,0,0,3.149361,2306.499713
0.994492,7274,4029796,0,0,3.149544,2309.540333
0.994492,7284,4035336,0,0,3.154486,2309.09238
0.994492,7294,4040876,0,0,3.154678,2312.121618
0.994492,7304,4046416,0,0,3.155459,2314.718768
0.994492,7314,4051956,0,0,3.155472,2317.878247
0.994492,7324,4057496,0,0,3.155485,2321.03805
0.993187,7334,4063036,0,0,3.159187,2321.483461
0.993187,7344,4068576,0,0,3.161854,2322.687695
0.993187,7354,4074116,0,0,3.162581,2325.315961
0.993187,7364,4079656,0,0,3.162594,2328.468281
0.993187,7374,4085196,0,0,3.162606,2331.621102
0.993187,7384,4090736,0,0,3.16953,2329.683188
0.993187,7394,4096276,0,0,3.170379,2332.213159
0.993187,7404,4101816,0,0,3.171197,2334.764945
0.993187,7414,4107356,0,0,3.171652,2337.58283
0.993187,7424,4112896,0,0,3.172567,2340.060632
0.993187,7434,4118436,0,0,3.173492,2342.529614
0.993187,7444,4123976,0,0,3.177654,2342.609061
0.993187,7454,4129516,0,0,3.178662,2345.011787
0.993187,7464,4135056,0,0,3.178675,2348.148253
0.993187,7474,4140596,0,0,3.178688,2351.284519
0.993187,7484,4146136,0,0,3.18746,2347.951073
0.993187,7494,4151676,0,0,3.18791,2350.756744
0.993187,7504,4157216,0,0,3.188826,2353.217254
0.993187,7514,4162756,0,0,3.188855,2356.331535
0.993187,7524,4168296,0,0,3.188868,2359.458107
0.993187,7534,4173836,0,0,3.273671,2301.39165
0.993187,7544,4179376,0,0,3.273684,2304.43743
0.993187,7554,4184916,0,0,3.274394,2306.992078
0.993187,7564,4190456,0,0,3.278868,2306.893581
0.993187,7574,4195996,0,0,3.279422,2309.55313
0.993187,7584,4201536,0,0,3.280508,2311.837208
0.993187,7594,4207076,0,0,3.280537,2314.86516
0.993187,7604,4212616,0,0,3.281802,2317.01961
0.993187,7614,4218156,0,0,3.281831,2320.04649
0.993187,7624,4223696,0,0,3.287121,2319.355136
0.993187,7634,4229236,0,0,3.289104,2320.99719
0.993187,7644,4234776,0,0,3.28912,2324.026077
0.993187,7654,4240316,0,0,3.28984,2326.556927
0.993187,7664,4245856,0,0,3.290265,2329.295437
0.993187,7674,4251396,0,0,3.29114,2331.715128
0.993187,7684,4256936,0,0,3.292176,2334.01825
0.993187,7694,4262476,0,0,3.295083,2334.99426
0.993187,7704,4268016,0,0,3.297512,2336.307188
0.993187,7714,4273556,0,0,3.297556,2339.307979
0.993187,7724,4279096,0,0,3.297618,2342.296666
0.993187,7734,4284636,0,0,3.29849,2344.709212
0.993187,7744,4290176,0,0,3.298503,2347.731569
0.993187,7754,4295716,0,0,3.299344,2350.163939
0.993187,7764,4301256,0,0,3.299358,2353.185152
0.993187,7774,4306796,0,0,3.300371,2355.49247
0.993187,7786,4313444,0,0,3.303948,2356.574842
0.993187,7793,4317322,0,0,3.305422,2357.641767
0.993187,7803,4322862,0,0,3.305448,2360.64837
0.993187,7813,4328402,0,0,3.306413,2362.983568
0.993187,7823,4333942,0,0,3.306427,2365.99844
0.993187,7833,4339482,0,0,3.307248,2368.434167
0.993187,7841,4343914,0,0,3.43485,2282.777694
0.993187,7851,4349454,0,0,3.440653,2281.834393
0.993187,7861,4354994,0,0,3.44208,2283.79319
0.993187,7871,4360534,0,0,3.442438,2286.460691
0.993187,7881,4366074,0,0,3.44348,2288.67276
0.993187,7891,4371614,0,0,3.447232,2289.083104
0.993187,7901,4377154,0,0,3.447456,2291.834984
0.993187,7911,4382694,0,0,3.44846,2294.067429
0.993187,7921,4388234,0,0,3.44848,2296.954252
0.993187,7931,4393774,0,0,3.448561,2299.799543
0.993187,7941,4399314,0,0,3.458405,2296.145335
0.993187,7951,4404854,0,0,3.458633,2298.885015
0.993187,7961,4410394,0,0,3.460421,2300.587227
0.993187,7971,4415934,0,0,3.460435,2303.467368
0.993187,7981,4421474,0,0,3.461025,2305.964115
0.993187,7991,4427014,0,0,3.462271,2308.022699
0.993187,8001,4432554,0,0,3.46299,2310.431288
0.993187,8011,4438094,0,0,3.464843,2312.081809
0.993187,8021,4443634,0,0,3.464872,2314.94819
0.993187,8031,4449174,0,0,3.465483,2317.425756
0.993187,8041,4454714,0,0,3.466716,2319.486189
0.993187,8051,4460254,0,0,3.467141,2322.08634
0.993187,8061,4465794,0,0,3.469532,2323.368419
0.993187,8071,4471334,0,0,3.470657,2325.496382
0.993187,8081,4476874,0,0,3.471571,2327.764758
0.993187,8091,4482414,0,0,3.472757,2329.849098
0.993187,8101,4487954,0,0,3.472786,2332.709437
0.993187,8111,4493494,0,0,3.474741,2334.275031
0.993187,8121,4499034,0,0,3.474755,2337.143001
0.993187,8131,4504574,0,0,3.474886,2339.932758
0.993187,8141,4510114,0,0,3.475981,2342.072643
0.993187,8151,4515654,0,0,3.475995,2344.939878
0.993187,8161,4521194,0,0,3.47736,2346.895339
0.993187,8171,4526734,0,0,3.477662,2349.567139
0.993187,8181,4532274,0,0,3.478201,2352.077883
0.993187,8191,4537814,0,0,3.590432,2281.341272
0.993187,8201,4543354,0,0,3.590445,2284.117959
0.993187,8211,4548894,0,0,3.591147,2286.456296
0.993187,8219,4553326,0,0,3.606562,2278.901688
0.993187,8229,4558866,0,0,3.607058,2281.360719
0.993187,8239,4564406,0,0,3.607851,2283.630875
0.993187,8249,4569946,0,0,3.608094,2286.248352
0.993187,8259,4575486,0,0,3.609689,2288.008445
0.993185,8269,4581026,0,0,3.609703,2290.769991
0.993185,8279,4586566,0,0,3.609716,2293.532273
0.993185,8289,4592106,0,0,3.611111,2295.415199
0.993185,8299,4597646,0,0,3.612177,2297.506226
0.993185,8309,4603186,0,0,3.613799,2299.242219
0.993185,8319,4608726,0,0,3.614265,2301.712819
0.993185,8329,4614266,0,0,3.615719,2303.553004
0.993185,8339,4619806,0,0,3.616925,2305.549451
0.993185,8349,4625346,0,0,3.622959,2304.469823
0.993185,8359,4630886,0,0,3.624718,2306.110465
0.993185,8369,4636426,0,0,3.625189,2308.569553
0.993185,8379,4641966,0,0,3.626287,2310.628086
0.993185,8389,4647506,0,0,3.627498,2312.613475
0.993185,8399,4653046,0,0,3.628854,2314.504928
0.991637,8409,4658586,0,0,3.636446,2312.422321
0.991637,8419,4664126,0,0,3.636487,2315.146758
0.991637,8429,4669666,0,0,3.636513,2317.8801
0.991637,8439,4675206,0,0,3.63725,2320.159647
0.991637,8449,4680746,0,0,3.637761,2322.582263
0.991637,8459,4686286,0,0,3.640735,2323.432153
0.991637,8469,4691826,0,0,3.641125,2325.929662
0.991637,8479,4697366,0,0,3.644493,2326.52412
0.991637,8489,4702906,0,0,3.645801,2328.432188
0.991637,8499,4708446,0,0,3.6467,2330.600482
0.991637,8509,4713986,0,0,3.648505,2332.188133
0.991637,8519,4719526,0,0,3.649282,2334.43198
0.991637,8529,4725066,0,0,3.650388,2336.464263
0.991637,8539,4730606,0,0,3.656818,2335.090137
0.991637,8549,4736146,0,0,3.657356,2337.481246
0.991637,8559,4741686,0,0,3.741654,2287.490798
0.991637,8569,4747226,0,0,3.741671,2290.153343
0.991637,8579,4752766,0,0,3.741685,2292.817473
0.991637,8589,4758306,0,0,3.742455,2295.017426
0.991637,8599,4763846,0,0,3.743017,2297.344801
0.991637,8609,4769386,0,0,3.744801,2298.920822
0.991637,8619,4774926,0,0,3.757336,2293.91241
0.991637,8629,4780466,0,0,3.757546,2296.445783
0.991637,8639,4786006,0,0,3.759858,2297.693223
0.991637,8649,4791546,0,0,3.760954,2299.682533
0.991637,8659,4797086,0,0,3.763462,2300.807035
0.991637,8669,4802626,0,0,3.763848,2303.227932
0.991637,8679,4808166,0,0,3.772448,2300.62824
0.991637,8689,4813706,0,0,3.77316,2302.844021
0.991637,8699,4819246,0,0,3.773174,2305.486161
0.991637,8709,4824786,0,0,3.773813,2307.745503
0.991637,8719,4830326,0,0,3.775801,2309.178935
0.991637,8729,4835866,0,0,3.776908,2311.149658
0.991637,8739,4841406,0,0,3.778172,2313.023033
0.991637,8749,4846946,0,0,3.779627,2314.778921
0.991637,8759,4852486,0,0,3.781469,2316.295387
0.991637,8769,4858026,0,0,3.781976,2318.629067
0.991637,8779,4863566,0,0,3.782931,2320.68741
0.991637,8788,4868552,0,0,3.806825,2308.485609
0.991637,8798,4874092,0,0,3.808499,2310.096675
0.991637,8808,4879632,0,0,3.80863,2312.64261
0.991637,8818,4885172,0,0,3.809697,2314.619969
0.991637,8828,4890712,0,0,3.809838,2317.158713
0.991637,8838,4896252,0,0,3.839126,2302.086541
0.991637,8848,4901792,0,0,3.850927,2297.628813
0.990724,8858,4907332,0,0,3.853098,2298.929379
0.990724,8868,4912872,0,0,3.854088,2300.933552
0.990724,8878,4918412,0,0,3.854132,2303.501695
0.990724,8888,4923952,0,0,3.854148,2306.086898
0.990724,8898,4929492,0,0,3.855093,2308.115237
0.990724,8908,4935032,0,0,3.86447,2305.102637
0.990724,8918,4940572,0,0,3.865946,2306.809362
0.990724,8928,4946112,0,0,3.877586,2302.463648
0.990724,8938,4951652,0,0,3.877936,2304.834533
0.990724,8948,4957192,0,0,3.878848,2306.870732
0.990724,8958,4962732,0,0,3.878871,2309.434764
0.990724,8968,4968272,0,0,3.87978,2311.471237
0.990724,8978,4973812,0,0,3.879794,2314.04017
0.990724,8988,4979352,0,0,3.880204,2316.373221
0.990724,8998,4984892,0,0,3.891791,2312.045844
0.990724,9008,4990432,0,0,3.892904,2313.953773
0.990724,9018,4995972,0,0,3.894502,2315.571958
0.990724,9028,5001512,0,0,3.896081,2317.200301
0.990724,9038,5007052,0,0,3.900532,2317.120098
0.990724,9048,5012592,0,0,3.901645,2319.021598
0.990724,9058,5018132,0,0,3.907802,2317.927139
0.990724,9068,5023672,0,0,3.909267,2319.616612
0.990724,9078,5029212,0,0,3.90928,2322.166847
0.990724,9088,5034752,0,0,3.909293,2324.717065
0.990724,9098,5040292,0,0,3.910137,2326.772872
0.990724,9108,5045832,0,0,3.910853,2328.903465
0.990724,9118,5051372,0,0,3.912458,2330.504143
0.990724,9128,5056912,0,0,3.913084,2332.687079
0.990724,9138,5062452,0,0,3.91419,2334.582886
0.990724,9148,5067992,0,0,3.915298,2336.4762
0.990724,9158,5073532,0,0,3.918657,2337.025263
0.990724,9168,5079072,0,0,4.025912,2277.247961
0.990724,9178,5084612,0,0,4.025926,2279.72377
0.990724,9188,5090152,0,0,4.02594,2282.199696
0.990724,9198,5095692,0,0,4.055759,2267.886392
0.990724,9208,5101232,0,0,4.056764,2269.789348
0.990724,9218,5106772,0,0,4.079657,2259.503636
0.990724,9228,5112312,0,0,4.081285,2261.052585
0.990724,9238,5117852,0,0,4.082772,2262.678123
0.990724,9248,5123392,0,0,4.083816,2264.548619
0.990724,9258,5128932,0,0,4.08383,2266.989765
0.990724,9268,5134472,0,0,4.08469,2268.960251
0.990724,9278,5140012,0,0,4.094774,2265.815042
0.990724,9288,5145552,0,0,4.096763,2267.155859
0.990724,9298,5151092,0,0,4.09854,2268.612952
0.990724,9308,5156632,0,0,4.099203,2270.685505
0.990724,9318,5162172,0,0,4.099899,2272.739016
0.990724,9328,5167712,0,0,4.113619,2267.589896
0.990724,9338,5173252,0,0,4.114971,2269.274844
0.990724,9348,5178792,0,0,4.121358,2268.184202
0.990724,9358,5184332,0,0,4.122564,2269.946393
0.990724,9368,5189872,0,0,4.124021,2271.569261
0.990724,9378,5195412,0,0,4.124035,2273.986586
0.990724,9388,5200952,0,0,4.124564,2276.119273
0.990724,9398,5206492,0,0,4.125669,2277.933326
0.990724,9408,5212032,0,0,4.127039,2279.600615
0.990724,9418,5217572,0,0,4.128422,2281.259289
0.990724,9428,5223112,0,0,4.129248,2283.224637
0.990724,9438,5228652,0,0,4.130352,2285.035523
0.990724,9448,5234192,0,0,4.131463,2286.841087
0.990724,9458,5239732,0,0,4.141561,2283.679845
0.990724,9468,5245272,0,0,4.143331,2285.117912
0.990724,9478,5250812,0,0,4.144002,2287.16108
0.990724,9488,5256352,0,0,4.145111,2288.961576
0.990724,9498,5261892,0,0,4.146224,2290.758738
0.990724,9508,5267432,0,0,4.147332,2292.557966
0.990724,9518,5272972,0,0,4.148729,2294.196692
0.990724,9528,5278512,0,0,4.149994,2295.906727
0.990724,9538,5284052,0,0,4.152345,2297.015333
0.990724,9548,5289592,0,0,4.153024,2299.047789
0.990724,9557,5294578,0,0,4.153762,2300.805815
0.990724,9562,5297348,0,0,4.153785,2301.996595
0.990724,9574,5303996,0,0,4.157328,2302.921685
0.990724,9584,5309536,0,0,4.158436,2304.712868
0.990724,9591,5313414,0,0,4.181629,2293.603792
0.990724,9601,5318954,0,0,4.181641,2295.988528
0.990724,9611,5324494,0,0,4.183102,2297.577442
0.990724,9621,5330034,0,0,4.184527,2299.184635
0.990724,9631,5335574,0,0,4.18563,2300.967658
0.990724,9641,5341114,0,0,4.187009,2302.598162
0.990724,9651,5346654,0,0,4.18785,2304.523802
0.990724,9661,5352194,0,0,4.188959,2306.300723
0.990724,9671,5357734,0,0,4.19031,2307.943934
0.990724,9681,5363274,0,0,4.191419,2309.718907
0.990724,9691,5368814,0,0,4.193123,2311.165023
0.990724,9701,5374354,0,0,4.193971,2313.082193
0.990724,9711,5379894,0,0,4.195081,2314.853731
0.990724,9721,5385434,0,0,4.19619,2316.625386
0.990724,9731,5390974,0,0,4.197755,2318.143942
0.990724,9741,5396514,0,0,4.199118,2319.772922
0.990724,9751,5402054,0,0,4.209916,2316.19817
0.990724,9761,5407594,0,0,4.21103,2317.960473
0.990724,9771,5413134,0,0,4.21241,2319.574926
0.990724,9781,5418674,0,0,4.213517,2321.338447
0.990724,9791,5424214,0,0,4.214885,2322.957674
0.990724,9801,5429754,0,0,4.215726,2324.866257
0.990724,9811,5435294,0,0,4.21684,2326.623975
0.990724,9821,5440834,0,0,4.219978,2327.263266
0.990724,9831,5446374,0,0,4.21999,2329.626365
0.990724,9841,5451914,0,0,4.220983,2331.447554
0.990724,9851,5457454,0,0,4.221849,2333.337985
0.990724,9861,5462994,0,0,4.223262,2334.924954
0.990724,9871,5468534,0,0,4.224348,2336.692184
0.990724,9881,5474074,0,0,4.225461,2338.443068
0.990724,9891,5479614,0,0,4.226844,2340.043605
0.990724,9901,5485154,0,0,4.229145,2341.134987
0.990724,9911,5490694,0,0,4.233345,2341.174633
0.990724,9921,5496234,0,0,4.333095,2289.587553
0.990724,9931,5501774,0,0,4.333108,2291.888436
0.990724,9941,5507314,0,0,4.333724,2293.869858
0.990724,9951,5512854,0,0,4.343551,2290.982696
0.990724,9961,5518394,0,0,4.343777,2293.165633
0.990724,9971,5523934,0,0,4.344387,2295.145408
0.990724,9981,5529474,0,0,4.3444,2297.440547
0.990724,9991,5535014,0,0,4.344998,2299.425873
0.990724,10001,5540554,0,0,4.34501,2301.721055
0.990724,10011,5546094,0,0,4.345892,2303.554865
0.990724,10021,5551634,0,0,4.346718,2305.41752
0.990724,10031,5557174,0,0,4.34755,2307.276557
0.990724,10041,5562714,0,0,4.348725,2308.952834
0.990724,10051,5568254,0,0,4.349156,2311.023029
0.990724,10061,5573794,0,0,4.351594,2312.02624
0.990724,10071,5579334,0,0,4.352672,2313.751259
0.990724,10081,5584874,0,0,4.353493,2315.611741
0.990724,10091,5590414,0,0,4.354716,2317.257981
0.990724,10101,5595954,0,0,4.355214,2319.288954
0.990724,10111,5601494,0,0,4.356282,2321.016078
0.990724,10121,5607034,0,0,4.357101,2322.874666
0.990724,10131,5612574,0,0,4.357983,2324.69936
0.990724,10141,5618114,0,0,4.35918,2326.354716
0.990724,10151,5623654,0,0,4.359644,2328.400906
0.990724,10161,5629194,0,0,4.36049,2330.24253
0.990724,10171,5634734,0,0,4.36126,2332.124109
0.990724,10181,5640274,0,0,4.364299,2332.791558
0.990724,10191,5645814,0,0,4.365657,2334.356371
0.990724,10201,5651354,0,0,4.373124,2332.657575
0.990724,10211,5656894,0,0,4.373866,2334.548056
0.990724,10221,5662434,0,0,4.37465,2336.415357
0.990724,10231,5667974,0,0,4.375337,2338.334356
0.990724,10241,5673514,0,0,4.376533,2339.980309
0.990724,10251,5679054,0,0,4.376545,2342.258333
0.990724,10261,5684594,0,0,4.376742,2344.437874
0.990724,10271,5690134,0,0,4.377509,2346.311504
0.990724,10281,5695674,0,0,4.378202,2348.22399
0.990724,10291,5701214,0,0,4.379303,2349.917211
0.990724,10301,5706754,0,0,4.379675,2352.00118
0.990724,10311,5712294,0,0,4.380411,2353.888759
0.990724,10321,5717834,0,0,4.48986,2298.735221
0.990724,10331,5723374,0,0,4.489873,2300.955742
0.990724,10341,5728914,0,0,4.490556,2302.832633
0.990724,10351,5734454,0,0,4.490583,2305.046067
0.990724,10361,5739994,0,0,4.491624,2306.737993
0.990724,10371,5745534,0,0,4.492447,2308.541354
0.990724,10381,5751074,0,0,4.493063,2310.450345
0.990724,10391,5756614,0,0,4.494267,2312.056433
0.990724,10401,5762154,0,0,4.494529,2314.146572
0.990724,10411,5767694,0,0,4.495278,2315.98598
0.990724,10421,5773234,0,0,4.496074,2317.799949
0.990724,10431,5778774,0,0,4.502802,2316.557733
0.990724,10441,5784314,0,0,4.507117,2316.558317
0.990724,10451,5789854,0,0,4.507161,2318.754461
0.990724,10461,5795394,0,0,4.507201,2320.952649
0.990724,10471,5800934,0,0,4.507881,2322.821016
0.990724,10481,5806474,0,0,4.507895,2325.032098
0.990724,10491,5812014,0,0,4.509055,2326.651645
0.990724,10501,5817554,0,0,4.509786,2328.491672
0.990724,10511,5823094,0,0,4.514258,2328.400172
0.990724,10521,5828634,0,0,4.515053,2330.205433
0.990724,10531,5834174,0,0,4.515737,2332.06682
0.990724,10541,5839714,0,0,4.516927,2333.66635
0.990724,10551,5845254,0,0,4.517215,2335.731067
0.990724,10561,5850794,0,0,4.517946,2337.566424
0.990724,10571,5856334,0,0,4.519023,2339.222592
0.990724,10581,5861874,0,0,4.519747,2341.060108
0.990724,10596,5870184,0,0,4.61371,2296.63345
0.990724,10610,5877940,0,0,4.617874,2297.593897
0.990724,10620,5883480,0,0,4.618541,2299.42734
0.990724,10630,5889020,0,0,4.619647,2301.041485
0.990724,10640,5894560,0,0,4.619875,2303.092401
0.990724,10650,5900100,0,0,4.620545,2304.922711
0.990724,10660,5905640,0,0,4.62127,2306.725118
0.990724,10670,5911180,0,0,4.621871,2308.589122
0.990724,10680,5916720,0,0,4.623213,2310.081728
0.990724,10690,5922260,0,0,4.623517,2312.092822
0.990724,10700,5927800,0,0,4.625216,2313.405229
0.990724,10710,5933340,0,0,4.626226,2315.062142
0.990724,10720,5938880,0,0,4.627221,2316.725494
0.990724,10730,5944420,0,0,4.628243,2318.374157
0.990724,10740,5949960,0,0,4.628552,2320.380011
0.990724,10750,5955500,0,0,4.629499,2322.065421
0.990724,10760,5961040,0,0,4.630233,2323.857231
0.990724,10770,5966580,0,0,4.630846,2325.708821
0.990724,10780,5972120,0,0,4.631854,2327.361997
0.990724,10790,5977660,0,0,4.63211,2329.392185
0.990724,10800,5983200,0,0,4.63279,2331.208819
0.990724,10810,5988740,0,0,4.633516,2333.001511
0.990724,10820,5994280,0,0,4.634433,2334.69779
0.990724,10830,5999820,0,0,4.635504,2336.315409
0.990724,10840,6005360,0,0,4.635774,2338.336769
0.990724,10850,6010900,0,0,4.636396,2340.179898
0.990724,10860,6016440,0,0,4.72651,2297.678506
0.990724,10870,6021980,0,0,4.726525,2299.786808
0.990724,10880,6027520,0,0,4.727379,2301.486914
0.990724,10890,6033060,0,0,4.727392,2303.595745
0.990724,10900,6038600,0,0,4.727911,2305.457836
0.990724,10910,6044140,0,0,4.729066,2307.009395
0.990724,10920,6049680,0,0,4.729245,2309.036436
0.990724,10930,6055220,0,0,4.730513,2310.531718
0.990724,10940,6060760,0,0,4.730577,2312.614417
0.990724,10950,6066300,0,0,4.731524,2314.264922
0.990724,10960,6071840,0,0,4.732603,2315.850248
0.990724,10970,6077380,0,0,4.732902,2317.816941
0.990724,10980,6082920,0,0,4.734277,2319.25569
0.990724,10990,6088460,0,0,4.73429,2321.361632
0.990724,11000,6094000,0,0,4.734888,2323.180574
0.990724,11010,6099540,0,0,4.735875,2324.807918
0.990724,11020,6105080,0,0,4.739981,2324.903865
0.990724,11031,6111174,0,0,4.740838,2326.804036
0.990724,11041,6116714,0,0,4.740857,2328.903647
0.990724,11051,6122254,0,0,4.740879,2331.002185
0.990724,11061,6127794,0,0,4.741777,2332.669592
0.990724,11071,6133334,0,0,4.742031,2334.653488
0.990724,11081,6138874,0,0,4.74332,2336.127679
0.990724,11091,6144414,0,0,4.743341,2338.225094
0.990724,11101,6149954,0,0,4.743989,2340.013744
0.990724,11111,6155494,0,0,4.744946,2341.649408
0.990724,11121,6161034,0,0,4.745312,2343.575921
0.990724,11131,6166574,0,0,4.746469,2345.111575
0.990724,11141,6172114,0,0,4.754827,2343.09248
0.990724,11151,6177654,0,0,4.756814,2344.215871
0.990724,11161,6183194,0,0,4.856516,2298.149367
0.990724,11171,6188734,0,0,4.856529,2300.202471
0.990724,11181,6194274,0,0,4.857367,2301.864346
0.990724,11191,6199814,0,0,4.857389,2303.91267
0.990724,11201,6205354,0,0,4.857439,2305.947621
0.990724,11211,6210894,0,0,4.858834,2307.343796
0.990724,11221,6216434,0,0,4.859024,2309.311364
0.990724,11231,6221974,0,0,4.860112,2310.852118
0.990724,11241,6227514,0,0,4.861531,2312.234666
0.990724,11251,6233054,0,0,4.86249,2313.835122
0.990724,11261,6238594,0,0,4.863399,2315.458784
0.990724,11271,6244134,0,0,4.863839,2317.305251
0.990724,11281,6249674,0,0,4.865036,2318.790534
0.990724,11291,6255214,0,0,4.865066,2320.832027
0.990724,11301,6260754,0,0,4.869723,2320.666066
0.990724,11311,6266294,0,0,4.870579,2322.311278
0.990724,11321,6271834,0,0,4.870796,2324.260546
0.990724,11331,6277374,0,0,4.872117,2325.683045
0.990724,11341,6282914,0,0,4.87213,2327.72939
0.990724,11351,6288454,0,0,4.872143,2329.775724
0.990724,11361,6293994,0,0,4.87489,2330.514196
0.990724,11371,6299534,0,0,4.875367,2332.337159
0.990724,11381,6305074,0,0,4.876697,2333.751915
0.990724,11391,6310614,0,0,4.876712,2335.795061
0.990724,11401,6316154,0,0,4.877032,2337.692249
0.991296,11411,6321694,0,0,4.877996,2339.280098
0.991296,11421,6327234,0,0,4.87813,2341.265809
0.991296,11431,6332774,0,0,4.96824,2300.814765
0.991296,11441,6338314,0,0,4.968256,2302.820036
0.991296,11451,6343854,0,0,4.96827,2304.826288
0.991296,11461,6349394,0,0,4.969118,2306.445586
0.991296,11471,6354934,0,0,4.969131,2308.452035
0.991296,11481,6360474,0,0,4.971689,2309.275808
0.991296,11491,6366014,0,0,4.971985,2311.149433
0.991296,11501,6371554,0,0,4.972538,2312.903171
0.991296,11511,6377094,0,0,4.973398,2314.514044
0.991296,11521,6382634,0,0,4.983346,2311.900374
0.991296,11531,6388174,0,0,4.984492,2313.375135
0.991296,11541,6393714,0,0,4.984668,2315.299738
0.991296,11551,6399254,0,0,4.989388,2315.113381
0.991296,11561,6404794,0,0,4.990325,2316.682793
0.991296,11571,6410334,0,0,4.990351,2318.674707
0.991296,11581,6415874,0,0,4.991465,2320.160582
0.991296,11591,6421414,0,0,4.991478,2322.157902
0.991296,11601,6426954,0,0,4.992089,2323.876933
0.991296,11611,6432494,0,0,4.992972,2325.468838
0.516334,14,7756,0,0,0.00134,10450.303613
0.609453,24,13296,0,0,0.018591,1290.919182
0.710639,34,18836,0,0,0.018606,1827.396089
0.699085,44,24376,0,0,0.019302,2279.513043
0.699085,54,29916,0,0,0.019315,2795.753965
0.699085,64,35456,0,0,0.021428,2986.797695
0.699085,74,40996,0,0,0.025134,2944.264699
0.699085,84,46536,0,0,0.051567,1628.946294
0.77046,94,52076,0,0,0.052729,1782.703894
0.77046,104,57616,0,0,0.053957,1927.452758
0.77046,114,63156,0,0,0.055445,2056.102102
0.926029,124,68696,0,0,0.056415,2198.012408
0.926029,134,74236,0,0,0.059988,2233.779276
0.926029,144,79776,0,0,0.060921,2363.709489
0.926029,154,85316,0,0,0.061836,2490.468063
0.926029,164,90856,0,0,0.063131,2597.788639
0.926029,174,96396,0,0,0.078255,2223.508628
0.926029,184,101936,0,0,0.079365,2318.38795
0.926029,194,107476,0,0,0.080471,2410.8195
0.940359,204,113016,0,0,0.081702,2496.8718
0.968419,214,118556,0,0,0.083444,2564.597905
0.968419,224,124096,0,0,0.083562,2680.639959
0.968419,234,129636,0,0,0.084545,2767.75238
0.968419,244,135176,0,0,0.08561,2850.137231
0.968419,254,140716,0,0,0.086387,2940.268086
0.968419,264,146256,0,0,0.091744,2877.559111
0.974429,274,151796,0,0,0.091769,2985.742854
0.974429,284,157336,0,0,0.092708,3063.393896
0.974429,294,162876,0,0,0.093947,3129.434186
0.974429,304,168416,0,0,0.093966,3235.212488
0.974429,314,173956,0,0,0.097011,3236.759278
0.974429,324,179496,0,0,0.097055,3338.31476
0.974429,334,185036,0,0,0.097453,3427.297414
0.974429,344,190576,0,0,0.098588,3489.251955
0.974429,354,196116,0,0,0.098713,3586.165326
0.974429,364,201656,0,0,0.099979,3640.749971
0.974429,374,207196,0,0,0.100266,3730.069876
0.974429,384,212736,0,0,0.100867,3807.00112
0.974429,394,218276,0,0,0.101553,3879.758033
0.974429,404,223816,0,0,0.102064,3958.286282
0.974429,414,229356,0,0,0.205194,2017.605233
0.974429,424,234896,0,0,0.205207,2066.205216
0.974429,434,240436,0,0,0.20522,2114.80379
0.974429,440,243760,0,0,0.205842,2137.564107
0.974429,450,249300,0,0,0.206235,2181.980114
0.974429,460,254840,0,0,0.207008,2222.132459
0.974429,470,260380,0,0,0.207021,2270.306332
0.974429,480,265920,0,0,0.207439,2313.931198
0.974429,490,271460,0,0,0.208068,2354.997829
0.974429,500,277000,0,0,0.208096,2402.739635
0.974429,510,282540,0,0,0.208885,2441.538135
0.974429,520,288080,0,0,0.209041,2487.554552
0.974429,530,293620,0,0,0.209372,2531.379027
0.974429,540,299160,0,0,0.210001,2571.416427
0.974429,550,304700,0,0,0.210027,2618.708211
0.974429,560,310240,0,0,0.210845,2655.973585
0.974429,570,315780,0,0,0.210962,2701.904616
0.974429,580,321320,0,0,0.211349,2744.282111
0.974429,590,326860,0,0,0.21198,2783.286331
0.974429,600,332400,0,0,0.211992,2830.298327
0.974429,610,337940,0,0,0.212739,2867.363419
0.974429,620,343480,0,0,0.212751,2914.206078
0.974429,630,349020,0,0,0.213262,2954.108355
0.974429,640,354560,0,0,0.214498,2983.716838
0.974429,650,360100,0,0,0.215051,3022.533041
0.974429,660,365640,0,0,0.216172,3053.117913
0.974429,670,371180,0,0,0.216185,3099.20295
0.974429,680,376720,0,0,0.216699,3137.998372
0.974429,690,382260,0,0,0.330228,2089.464889
0.974429,700,387800,0,0,0.330241,2119.662819
0.974429,710,393340,0,0,0.330895,2145.694562
0.974429,720,398880,0,0,0.332937,2162.568186
0.974429,730,404420,0,0,0.333205,2190.84044
0.974429,740,409960,0,0,0.333892,2216.283213
0.974429,750,415500,0,0,0.333905,2246.149584
0.974429,760,421040,0,0,0.335852,2262.903744
0.974429,770,426580,0,0,0.335914,2292.252453
0.974429,780,432120,0,0,0.336238,2319.784384
0.974429,790,437660,0,0,0.339647,2325.943915
0.974429,800,443200,0,0,0.339717,2354.9019
0.974429,810,448740,0,0,0.3404,2379.555269
0.974429,820,454280,0,0,0.340413,2408.838013
0.974429,830,459820,0,0,0.340426,2438.120168
0.974429,840,465360,0,0,0.343242,2447.250058
0.974429,850,470900,0,0,0.343297,2475.993583
0.974429,860,476440,0,0,0.343955,2500.32852
0.974429,870,481980,0,0,0.343969,2529.30042
0.974429,880,487520,0,0,0.343981,2558.278857
0.974429,890,493060,0,0,0.344588,2582.794216
0.974429,900,498600,0,0,0.345493,2604.976189
0.974429,910,504140,0,0,0.346528,2626.04821
0.974429,920,509680,0,0,0.346544,2654.78533
0.974429,930,515220,0,0,0.346699,2682.442123
0.974429,940,520760,0,0,0.347339,2706.286769
0.974429,950,526300,0,0,0.348865,2723.11614
0.976525,960,531840,0,0,0.451663,2125.477306
0.976525,970,537380,0,0,0.451676,2147.556479
0.976525,980,542920,0,0,0.451689,2169.633248
0.976525,990,548460,0,0,0.452309,2188.768545
0.976525,1000,554000,0,0,0.453637,2204.405127
0.976525,1010,559540,0,0,0.454939,2220.079564
0.976525,1020,565080,0,0,0.455019,2241.664648
0.976525,1030,570620,0,0,0.455791,2259.810056
0.976525,1040,576160,0,0,0.456433,2278.536664
0.976525,1050,581700,0,0,0.456616,2299.524381
0.976525,1060,587240,0,0,0.457598,2316.441424
0.976525,1070,592780,0,0,0.457875,2336.883486
0.976525,1080,598320,0,0,0.458251,2356.78823
0.976525,1090,603860,0,0,0.45895,2374.986161
0.976525,1100,609400,0,0,0.459222,2395.357702
0.976525,1110,614940,0,0,0.460129,2412.366848
0.976525,1120,620480,0,0,0.460142,2434.031778
0.976525,1130,626020,0,0,0.463668,2437.090545
0.976525,1140,631560,0,0,0.468142,2435.160874
0.976525,1150,637100,0,0,0.468555,2454.354483
0.976525,1160,642640,0,0,0.470534,2465.286171
0.976525,1170,648180,0,0,0.470813,2485.062882
0.976525,1180,653720,0,0,0.473724,2490.902462
0.976525,1190,659260,0,0,0.474387,2508.500811
0.976525,1200,664800,0,0,0.4744,2529.509458
0.976525,1210,670340,0,0,0.475087,2546.899769
0.976525,1220,675880,0,0,0.475101,2567.876362
0.976525,1230,681420,0,0,0.475114,2588.853075
0.976525,1240,686960,0,0,0.475768,2606.313137
0.976525,1250,692500,0,0,0.478364,2613.071638
0.976525,1260,698040,0,0,0.562747,2239.015868
0.976525,1270,703580,0,0,0.562762,2256.728469
0.976525,1280,709120,0,0,0.562775,2274.44306
0.976525,1290,714660,0,0,0.563431,2289.542815
0.976525,1300,720200,0,0,0.565361,2299.415678
0.976525,1310,725740,0,0,0.566181,2313.747951
0.976525,1320,731280,0,0,0.569725,2316.90907
0.976525,1330,736820,0,0,0.570183,2332.583317
0.976525,1340,742360,0,0,0.570833,2347.445778
0.976525,1350,747900,0,0,0.570959,2364.442603
0.976525,1360,753440,0,0,0.571882,2378.112928
0.976525,1370,758980,0,0,0.571929,2395.403317
0.976525,1380,764520,0,0,0.572484,2410.549657
0.976525,1390,770060,0,0,0.573173,2425.098608
0.976525,1400,775600,0,0,0.573358,2441.755162
0.976525,1410,781140,0,0,0.574226,2455.478599
0.976525,1420,786680,0,0,0.575489,2467.468653
0.976525,1430,792220,0,0,0.575838,2483.336944
0.976525,1440,797760,0,0,0.577774,2492.323782
0.976525,1450,803300,0,0,0.579308,2502.987209
0.976525,1460,808840,0,0,0.5805,2515.072667
0.976525,1470,814380,0,0,0.580513,2532.243031
0.976525,1480,819920,0,0,0.580788,2548.260376
0.976525,1490,825460,0,0,0.584434,2549.476117
0.976525,1500,831000,0,0,0.584789,2565.027563
0.976525,1510,836540,0,0,0.585672,2578.235349
0.976525,1520,842080,0,0,0.585685,2595.251649
0.976525,1530,847620,0,0,0.586074,2610.590267
0.976525,1540,853160,0,0,0.59154,2603.374861
0.976525,1550,858700,0,0,0.591599,2620.019062
0.976525,1560,864240,0,0,0.683129,2283.61024
0.976525,1570,869780,0,0,0.683143,2298.202246
0.976525,1580,875320,0,0,0.683156,2312.796082
0.976525,1590,880860,0,0,0.683796,2325.255142
0.976525,1600,886400,0,0,0.683809,2339.835334
0.976525,1610,891940,0,0,0.684674,2351.48398
0.976525,1620,897480,0,0,0.684688,2366.042507
0.976525,1630,903020,0,0,0.6847,2380.604602
0.976525,1640,908560,0,0,0.685384,2392.819918
0.976525,1650,914100,0,0,0.685772,2406.048531
0.976525,1660,919640,0,0,0.686618,2417.648439
0.976525,1670,925180,0,0,0.686631,2432.166137
0.976525,1680,930720,0,0,0.686866,2445.890911
0.976525,1690,936260,0,0,0.687593,2457.849398
0.976525,1700,941800,0,0,0.687606,2472.34745
0.976525,1710,947340,0,0,0.690804,2475.37821
0.976525,1720,952880,0,0,0.69243,2484.006389
0.976525,1730,958420,0,0,0.692988,2496.435158
0.976525,1740,963960,0,0,0.693716,2508.230856
0.976525,1750,969500,0,0,0.69596,2514.512166
0.976525,1760,975040,0,0,0.696823,2525.748571
0.976525,1770,980580,0,0,0.696836,2540.050747
0.976525,1780,986120,0,0,0.697009,2553.770463
0.976525,1790,991660,0,0,0.697647,2565.768907
0.976525,1800,997200,0,0,0.69766,2580.054316
0.976525,1810,1002740,0,0,0.699615,2587.135442
0.976525,1820,1008280,0,0,0.699631,2601.370498
0.976525,1830,1013820,0,0,0.699648,2615.601349
0.976525,1840,1019360,0,0,0.796817,2309.186803
0.976525,1850,1024900,0,0,0.796831,2321.69644
0.976525,1860,1030440,0,0,0.797489,2332.32148
0.976525,1870,1035980,0,0,0.799679,2338.439573
0.976525,1880,1041520,0,0,0.800093,2349.727033
0.976525,1890,1047060,0,0,0.800821,2360.078478
0.976525,1900,1052600,0,0,0.800925,2372.258442
0.976525,1910,1058140,0,0,0.801807,2382.118189
0.976525,1920,1063680,0,0,0.801998,2394.021943
0.976525,1930,1069220,0,0,0.823761,2342.913285
0.976525,1940,1074760,0,0,0.824448,2353.088592
0.976525,1950,1080300,0,0,0.824501,2365.067447
0.976525,1960,1085840,0,0,0.825356,2374.733509
0.976525,1970,1091380,0,0,0.826007,2384.968001
0.976525,1980,1096920,0,0,0.826028,2397.014245
0.976525,1990,1102460,0,0,0.836426,2379.169689
0.976525,2000,1108000,0,0,0.837348,2388.4946
0.976525,2010,1113540,0,0,0.8375,2400.001093
0.976525,2020,1119080,0,0,0.838321,2409.578277
0.976525,2030,1124620,0,0,0.838991,2419.571871
0.976525,2040,1130160,0,0,0.839165,2430.988717
0.976525,2050,1135700,0,0,0.853153,2402.851567
0.976525,2060,1141240,0,0,0.856835,2404.195816
0.976525,2070,1146780,0,0,0.856849,2415.828353
0.976525,2080,1152320,0,0,0.856862,2427.461872
0.976525,2090,1157860,0,0,0.857499,2437.321633
0.976525,2100,1163400,0,0,0.858005,2447.538731
0.976525,2110,1168940,0,0,0.859253,2455.620856
0.976525,2120,1174480,0,0,0.859268,2467.21711
0.976525,2130,1180020,0,0,0.859717,2477.559099
0.976525,2140,1185560,0,0,0.96432,2219.181032
0.976525,2150,1191100,0,0,0.964335,2229.515207
0.976525,2160,1196640,0,0,0.964998,2238.347698
0.976525,2170,1202180,0,0,0.965108,2248.452659
0.976525,2180,1207720,0,0,0.965942,2256.865061
0.976525,2190,1213260,0,0,0.966785,2265.239494
0.976525,2200,1218800,0,0,0.967323,2274.317733
0.976525,2210,1224340,0,0,0.968641,2281.547494
0.976525,2220,1229880,0,0,0.968933,2291.18097
0.976525,2230,1235420,0,0,0.970221,2298.44587
0.976525,2240,1240960,0,0,0.976278,2294.428835
0.976525,2250,1246500,0,0,0.976598,2303.916191
0.976525,2260,1252040,0,0,0.977521,2311.970363
0.976525,2270,1257580,0,0,0.977535,2322.168603
0.976525,2280,1263120,0,0,0.977798,2331.769424
0.976525,2290,1268660,0,0,0.978611,2340.052517
0.976525,2300,1274200,0,0,0.980355,2346.088859
0.976525,2310,1279740,0,0,0.981049,2354.621732
0.976525,2320,1285280,0,0,0.981176,2364.50977
0.976525,2330,1290820,0,0,0.98161,2373.650729
0.976525,2340,1296360,0,0,0.982698,2381.20018
0.976525,2350,1301900,0,0,0.982739,2391.27472
0.976525,2360,1307440,0,0,0.989109,2385.986251
0.976525,2370,1312980,0,0,0.989122,2396.064019
0.976525,2380,1318520,0,0,0.989135,2406.142095
0.976525,2390,1324060,0,0,0.989843,2414.525169
0.976525,2400,1329600,0,0,0.989856,2424.595665
0.972336,2410,1335140,0,0,1.081544,2228.296495
0.972336,2420,1340680,0,0,1.081558,2237.512944
0.972336,2430,1346220,0,0,1.081572,2246.730139
0.972336,2440,1351760,0,0,1.082226,2254.613167
0.972336,2450,1357300,0,0,1.082294,2263.709758
0.972336,2460,1362840,0,0,1.090199,2256.469773
0.972336,2470,1368380,0,0,1.090212,2265.615163
0.972336,2480,1373920,0,0,1.090636,2273.902039
0.972336,2490,1379460,0,0,1.091366,2281.544303
0.972336,2500,1385000,0,0,1.094183,2284.809829
0.972336,2510,1390540,0,0,1.09484,2292.572327
0.972336,2520,1396080,0,0,1.094853,2301.678012
0.972336,2530,1401620,0,0,1.094866,2310.784482
0.972336,2540,1407160,0,0,1.095502,2318.570963
0.972336,2550,1412700,0,0,1.095641,2327.405412
0.972336,2560,1418240,0,0,1.096908,2333.832723
0.972336,2570,1423780,0,0,1.096921,2342.921248
0.972336,2580,1429320,0,0,1.097195,2351.450938
0.972336,2590,1434860,0,0,1.10168,2350.954819
0.972336,2600,1440400,0,0,1.101692,2360.005306
0.972336,2610,1445940,0,0,1.10725,2357.190277
0.972336,2620,1451480,0,0,1.107264,2366.192107
0.972336,2630,1457020,0,0,1.107278,2375.194734
0.972336,2640,1462560,0,0,1.114708,2368.333851
0.972336,2650,1468100,0,0,1.114748,2377.218885
0.972336,2660,1473640,0,0,1.115547,2384.479544
0.972336,2670,1479180,0,0,1.115567,2393.401296
0.972336,2680,1484720,0,0,1.115583,2402.33146
0.972336,2690,1490260,0,0,1.18418,2271.614529
0.972336,2700,1495800,0,0,1.184193,2280.033027
0.972336,2710,1501340,0,0,1.184849,2287.210776
0.972336,2720,1506880,0,0,1.184863,2295.623876
0.972336,2730,1512420,0,0,1.184876,2304.038634
0.972336,2740,1517960,0,0,1.185516,2311.230576
0.972336,2750,1523500,0,0,1.185528,2319.640999
0.972336,2760,1529040,0,0,1.1864,2326.366067
0.972336,2770,1534580,0,0,1.18697,2333.673612
0.972336,2780,1540120,0,0,1.19173,2332.742178
0.972336,2790,1545660,0,0,1.192779,2339.075728
0.972336,2800,1551200,0,0,1.193023,2346.979596
0.972336,2810,1556740,0,0,1.195025,2351.415776
0.972336,2820,1562280,0,0,1.195039,2359.756498
0.972336,2830,1567820,0,0,1.197634,2362.991462
0.972336,2840,1573360,0,0,1.198303,2370.017356
0.972336,2850,1578900,0,0,1.198317,2378.335041
0.972336,2860,1584440,0,0,1.198958,2385.404344
0.972336,2870,1589980,0,0,1.199021,2393.619736
0.972336,2880,1595520,0,0,1.202986,2394.043768
0.972336,2890,1601060,0,0,1.203624,2401.082521
0.972336,2900,1606600,0,0,1.203637,2409.364516
0.972336,2910,1612140,0,0,1.20527,2414.397625
0.972336,2920,1617680,0,0,1.205365,2422.501885
0.972336,2930,1623220,0,0,1.205616,2430.292421
0.972336,2940,1628760,0,0,1.206368,2437.066395
0.972336,2950,1634300,0,0,1.207206,2443.658656
0.972336,2960,1639840,0,0,1.208087,2450.153765
0.972336,2970,1645380,0,0,1.208101,2458.404142
0.972336,2980,1650920,0,0,1.208165,2466.551142
0.972336,2990,1656460,0,0,1.208913,2473.295591
0.972336,3000,1662000,0,0,1.209145,2481.09138
0.972336,3010,1667540,0,0,1.297681,2319.521694
0.972336,3020,1673080,0,0,1.297695,2327.202947
0.972336,3030,1678620,0,0,1.297708,2334.885323
0.972336,3040,1684160,0,0,1.298349,2341.435335
0.972336,3050,1689700,0,0,1.298362,2349.113699
0.972336,3060,1695240,0,0,1.299829,2354.154941
0.972336,3070,1700780,0,0,1.300397,2360.816785
0.972336,3080,1706320,0,0,1.301055,2367.309689
0.972336,3090,1711860,0,0,1.301749,2373.729949
0.972336,3100,1717400,0,0,1.301987,2380.976277
0.972336,3110,1722940,0,0,1.302931,2386.926837
0.972336,3120,1728480,0,0,1.302944,2394.577743
0.972336,3130,1734020,0,0,1.303229,2401.726176
0.972336,3140,1739560,0,0,1.303994,2407.98621
0.972336,3150,1745100,0,0,1.307819,2408.589505
0.972336,3160,1750640,0,0,1.307834,2416.20807
0.972336,3170,1756180,0,0,1.307848,2423.829112
0.972336,3180,1761720,0,0,1.308542,2430.18519
0.972336,3190,1767260,0,0,1.309191,2436.619721
0.972336,3200,1772800,0,0,1.309209,2444.223308
0.972336,3210,1778340,0,0,1.31515,2440.786623
0.972336,3220,1783880,0,0,1.41767,2271.333284
0.972336,3230,1789420,0,0,1.417683,2278.36604
0.972336,3240,1794960,0,0,1.418296,2284.430916
0.972336,3250,1800500,0,0,1.423314,2283.403994
0.972336,3260,1806040,0,0,1.429175,2281.036802
0.972336,3270,1811580,0,0,1.429187,2288.013618
0.972336,3280,1817120,0,0,1.4292,2294.99031
0.972336,3290,1822660,0,0,1.429798,2301.024905
0.972336,3300,1828200,0,0,1.430036,2307.634488
0.972336,3310,1833740,0,0,1.431601,2312.09743
0.972336,3320,1839280,0,0,1.431681,2318.951697
0.972336,3330,1844820,0,0,1.433397,2323.152148
0.972336,3340,1850360,0,0,1.434009,2329.135267
0.972336,3350,1855900,0,0,1.434021,2336.088141
0.972336,3360,1861440,0,0,1.43463,2342.067817
0.972336,3370,1866980,0,0,1.434643,2349.017177
0.972336,3380,1872520,0,0,1.434655,2355.967586
0.972336,3390,1878060,0,0,1.435298,2361.878913
0.972336,3400,1883600,0,0,1.43531,2368.82604
0.972336,3410,1889140,0,0,1.436121,2374.452151
0.972336,3420,1894680,0,0,1.438478,2377.513305
0.972336,3430,1900220,0,0,1.438525,2384.386849
0.972336,3440,1905760,0,0,1.439134,2390.325808
0.972336,3450,1911300,0,0,1.439147,2397.253778
0.972336,3460,1916840,0,0,1.439747,2403.19945
0.972336,3470,1922380,0,0,1.43976,2410.123561
0.972336,3480,1927920,0,0,1.439773,2417.048349
0.972336,3490,1933460,0,0,1.44037,2422.988398
0.972336,3500,1939000,0,0,1.440382,2429.910546
0.972336,3510,1944540,0,0,1.530015,2294.095526
0.972336,3520,1950080,0,0,1.530029,2300.610618
0.972336,3530,1955620,0,0,1.530041,2307.127389
0.972336,3540,1961160,0,0,1.530691,2312.680423
0.972336,3550,1966700,0,0,1.534414,2313.586736
0.972336,3560,1972240,0,0,1.535427,2318.573489
0.972336,3570,1977780,0,0,1.535441,2325.064674
0.972336,3580,1983320,0,0,1.536329,2330.230363
0.972336,3590,1988860,0,0,1.537966,2334.251481
0.972336,3600,1994400,0,0,1.538041,2340.639276
0.972336,3610,1999940,0,0,1.538968,2345.727655
0.972336,3620,2005480,0,0,1.539035,2352.123485
0.972336,3630,2011020,0,0,1.539395,2358.068732
0.972336,3640,2016560,0,0,1.540141,2363.420542
0.972336,3650,2022100,0,0,1.540157,2369.888876
0.972336,3660,2027640,0,0,1.541081,2374.955988
0.972336,3670,2033180,0,0,1.541099,2381.417307
0.972336,3680,2038720,0,0,1.541551,2387.206695
0.972336,3690,2044260,0,0,1.542311,2392.513645
0.972336,3700,2049800,0,0,1.542326,2398.974058
0.972336,3710,2055340,0,0,1.543301,2403.938259
0.972336,3720,2060880,0,0,1.543567,2410.002749
0.972336,3730,2066420,0,0,1.544245,2415.419826
0.972336,3740,2071960,0,0,1.545014,2420.690189
0.972336,3750,2077500,0,0,1.545029,2427.139026
0.972336,3760,2083040,0,0,1.545938,2432.180685
0.972336,3770,2088580,0,0,1.545951,2438.627813
0.972336,3780,2094120,0,0,1.546374,2444.427555
0.972336,3790,2099660,0,0,1.645692,2302.982087
0.972336,3800,2105200,0,0,1.645706,2309.039824
0.972336,3810,2110740,0,0,1.646356,2314.201975
0.972336,3820,2116280,0,0,1.64637,2320.255835
0.972336,3830,2121820,0,0,1.646383,2326.311275
0.972336,3840,2127360,0,0,1.64729,2331.10106
0.972336,3850,2132900,0,0,1.647707,2336.579817
0.972336,3860,2138440,0,0,1.648892,2340.966377
0.972336,3870,2143980,0,0,1.649033,2346.829492
0.972336,3880,2149520,0,0,1.649949,2351.588411
0.972336,3890,2155060,0,0,1.650857,2356.351583
0.972336,3900,2160600,0,0,1.651628,2361.306175
0.972336,3910,2166140,0,0,1.652807,2365.67178
0.972336,3920,2171680,0,0,1.654303,2369.578581
0.972336,3930,2177220,0,0,1.654937,2374.713054
0.972336,3940,2182760,0,0,1.655899,2379.371761
0.972336,3950,2188300,0,0,1.658522,2381.638064
0.972336,3960,2193840,0,0,1.659202,2386.68902
0.972336,3970,2199380,0,0,1.660855,2390.334676
0.972336,3980,2204920,0,0,1.66103,2396.103888
0.972336,3990,2210460,0,0,1.665174,2396.146664
0.972336,4000,2216000,0,0,1.665611,2401.521082
0.972336,4010,2221540,0,0,1.666882,2405.689818
0.972336,4020,2227080,0,0,1.666937,2411.609019
0.972336,4030,2232620,0,0,1.667604,2416.640925
0.972336,4040,2238160,0,0,1.668544,2421.2726
0.972336,4050,2243700,0,0,1.670497,2424.428265
0.972336,4060,2249240,0,0,1.67171,2428.650882
0.972336,4070,2254780,0,0,1.671825,2434.465429
0.972336,4080,2260320,0,0,1.672491,2439.474903
0.972336,4090,2265860,0,0,1.756709,2328.217323
0.972336,4100,2271400,0,0,1.756723,2333.890781
0.972336,4110,2276940,0,0,1.757392,2338.692884
0.972336,4120,2282480,0,0,1.757781,2343.864186
0.972336,4130,2288020,0,0,1.758524,2348.560258
0.972336,4140,2293560,0,0,1.759423,2353.044766
0.972336,4150,2299100,0,0,1.759953,2358.017486
0.972336,4160,2304640,0,0,1.761529,2361.584459
0.972336,4170,2310180,0,0,1.761751,2366.963408
0.972336,4180,2315720,0,0,1.762491,2371.643333
0.972336,4190,2321260,0,0,1.763385,2376.112097
0.972336,4200,2326800,0,0,1.767159,2376.695533
0.972336,4210,2332340,0,0,1.768471,2380.588163
0.972336,4221,2338434,0,0,1.768766,2386.409607
0.972336,4231,2343974,0,0,1.769503,2391.067357
0.972336,4241,2349514,0,0,1.770278,2395.669283
0.972336,4251,2355054,0,0,1.772634,2398.126784
0.972336,4261,2360594,0,0,1.773817,2402.164288
0.972336,4271,2366134,0,0,1.774414,2406.991421
0.972336,4281,2371674,0,0,1.775144,2411.635202
0.972336,4291,2377214,0,0,1.775921,2416.211261
0.972336,4301,2382754,0,0,1.776626,2420.881428
0.972336,4311,2388294,0,0,1.778102,2424.49544
0.972336,4321,2393834,0,0,1.778402,2429.70892
0.972336,4331,2399374,0,0,1.779295,2434.109857
0.972336,4341,2404914,0,0,1.780016,2438.742525
0.972336,4351,2410454,0,0,1.780617,2443.535351
0.972336,4361,2415994,0,0,1.781795,2447.532136
0.972336,4371,2421534,0,0,1.78426,2449.755688
0.972336,4381,2427074,0,0,1.786142,2452.772032
0.972336,4391,2432614,0,0,1.866429,2352.620854
0.972336,4401,2438154,0,0,1.866441,2357.963016
0.972336,4411,2443694,0,0,1.867052,2362.547918
0.972336,4421,2449234,0,0,1.869035,2365.391759
0.972336,4431,2454774,0,0,1.874379,2363.982451
0.972336,4441,2460314,0,0,1.875053,2368.466474
0.972336,4451,2465854,0,0,1.875066,2373.782755
0.972336,4461,2471394,0,0,1.875703,2378.308775
0.972336,4471,2476934,0,0,1.875715,2383.62375
0.972336,4481,2482474,0,0,1.876227,2388.304189
0.972336,4491,2488014,0,0,1.877442,2392.085002
0.972336,4501,2493554,0,0,1.878182,2396.465845
0.972336,4511,2499094,0,0,1.879402,2400.231053
0.972336,4521,2504634,0,0,1.879801,2405.042376
0.972336,4531,2510174,0,0,1.886959,2401.218251
0.972336,4541,2515714,0,0,1.887649,2405.638141
0.972336,4551,2521254,0,0,1.887662,2410.918988
0.972336,4561,2526794,0,0,1.89958,2401.056471
0.972336,4571,2532334,0,0,1.899602,2406.293609
0.972336,4581,2537874,0,0,1.902501,2407.883264
0.972336,4591,2543414,0,0,1.903176,2412.283077
0.972336,4601,2548954,0,0,1.903192,2417.518069
0.972336,4611,2554494,0,0,1.903834,2421.954722
0.972336,4621,2560034,0,0,1.903848,2427.189651
0.972336,4631,2565574,0,0,1.904336,2431.818177
0.972336,4641,2571114,0,0,1.905435,2435.664798
0.972336,4651,2576654,0,0,1.906244,2439.876787
0.972336,4661,2582194,0,0,1.907693,2443.265359
0.972336,4671,2587734,0,0,1.907854,2448.300448
0.972336,4681,2593274,0,0,1.910381,2450.296157
0.972336,4691,2598814,0,0,1.911026,2454.702036
0.972336,4701,2604354,0,0,1.911609,2459.185298
0.972336,4711,2609894,0,0,1.912742,2462.956451
0.972336,4721,2615434,0,0,1.912929,2467.943679
0.972336,4730,2620420,0,0,1.920105,2463.406974
0.972336,4740,2625960,0,0,2.030328,2334.598113
0.972336,4750,2631500,0,0,2.030342,2339.507217
0.972336,4760,2637040,0,0,2.030355,2344.417629
0.972336,4770,2642580,0,0,2.031011,2348.583909
0.972336,4780,2648120,0,0,2.031132,2353.367778
0.972336,4790,2653660,0,0,2.032304,2356.93135
0.972336,4800,2659200,0,0,2.032562,2361.552113
0.972336,4810,2664740,0,0,2.036173,2362.274596
0.972336,4820,2670280,0,0,2.037111,2366.095856
0.972336,4830,2675820,0,0,2.038692,2369.165838
0.972336,4840,2681360,0,0,2.040292,2372.209994
0.972336,4850,2686900,0,0,2.041676,2375.49957
0.972336,4860,2692440,0,0,2.042417,2379.533881
0.972336,4870,2697980,0,0,2.04338,2383.305787
0.972336,4880,2703520,0,0,2.043897,2387.595675
0.972336,4890,2709060,0,0,2.045126,2391.051047
0.972336,4900,2714600,0,0,2.045375,2395.648592
0.972336,4910,2720140,0,0,2.046491,2399.228278
0.972336,4920,2725680,0,0,2.047313,2403.149634
0.972336,4930,2731220,0,0,2.047966,2407.266803
0.972336,4940,2736760,0,0,2.049193,2410.704642
0.972336,4950,2742300,0,0,2.049442,2415.291234
0.972336,4960,2747840,0,0,2.051355,2417.914429
0.972336,4970,2753380,0,0,2.052417,2421.535429
0.972336,4980,2758920,0,0,2.053337,2425.32023
0.972336,4990,2764460,0,0,2.054524,2428.785926
0.972336,5000,2770000,0,0,2.054797,2433.330475
0.972336,5010,2775540,0,0,2.055526,2437.332321
0.972336,5020,2781080,0,0,2.147625,2337.465579
0.972336,5030,2786620,0,0,2.147653,2342.091464
0.972336,5040,2792160,0,0,2.14851,2345.811511
0.972336,5050,2797700,0,0,2.148545,2350.42834
0.972336,5060,2803240,0,0,2.148749,2354.85897
0.972336,5070,2808780,0,0,2.149942,2358.203499
0.972336,5080,2814320,0,0,2.152606,2359.92997
0.972336,5090,2819860,0,0,2.153261,2363.856292
0.972336,5100,2825400,0,0,2.156532,2364.90831
0.972336,5110,2830940,0,0,2.156579,2369.492993
0.972336,5120,2836480,0,0,2.159619,2370.788711
0.972336,5130,2842020,0,0,2.1597,2375.329474
0.972336,5140,2847560,0,0,2.160351,2379.243223
0.972336,5150,2853100,0,0,2.160364,2383.857895
0.972336,5160,2858640,0,0,2.160377,2388.47172
0.972336,5170,2864180,0,0,2.160987,2392.425423
0.972336,5180,2869720,0,0,2.165668,2391.871951
0.972336,5190,2875260,0,0,2.166374,2395.708519
0.972336,5200,2880800,0,0,2.166387,2400.310263
0.972336,5210,2886340,0,0,2.166399,2404.911952
0.972336,5220,2891880,0,0,2.167906,2407.853161
0.972336,5230,2897420,0,0,2.16862,2411.672347
0.972336,5240,2902960,0,0,2.170008,2414.737173
0.972336,5250,2908500,0,0,2.1703,2419.020139
0.972336,5260,2914040,0,0,2.17104,2422.802442
0.972336,5270,2919580,0,0,2.171908,2426.437529
0.972336,5278,2924012,0,0,2.177231,2424.179989
0.972336,5288,2929552,0,0,2.177342,2428.649578
0.972336,5298,2935092,0,0,2.266992,2337.017661
0.972336,5308,2940632,0,0,2.267004,2341.415742
0.972336,5318,2946172,0,0,2.267615,2345.194953
0.972336,5328,2951712,0,0,2.267628,2349.591285
0.972336,5338,2957252,0,0,2.268166,2353.443694
0.972336,5348,2962792,0,0,2.269654,2356.306502
0.972336,5358,2968332,0,0,2.271222,2359.082596
0.972336,5368,2973872,0,0,2.272199,2362.469468
0.972336,5378,2979412,0,0,2.272212,2366.857081
0.972336,5388,2984952,0,0,2.272348,2371.11527
0.972336,5398,2990492,0,0,2.273046,2374.787441
0.972336,5408,2996032,0,0,2.27309,2379.140409
0.972336,5418,3001572,0,0,2.274357,2382.211929
0.972336,5428,3007112,0,0,2.27437,2386.595266
0.972336,5438,3012652,0,0,2.274578,2390.773547
0.972336,5448,3018192,0,0,2.27939,2390.113293
0.972336,5458,3023732,0,0,2.279402,2394.487408
0.972336,5468,3029272,0,0,2.280001,2398.244139
0.972336,5478,3034812,0,0,2.292835,2389.182451
0.972336,5488,3040352,0,0,2.292951,2393.422164
0.972336,5498,3045892,0,0,2.293659,2397.042858
0.972336,5508,3051432,0,0,2.293672,2401.389473
0.972336,5518,3056972,0,0,2.29428,2405.112039
0.972336,5528,3062512,0,0,2.294292,2409.457935
0.972336,5538,3068052,0,0,2.298893,2408.985319
0.972336,5548,3073592,0,0,2.299573,2412.621379
0.972336,5558,3079132,0,0,2.299586,2416.956981
0.972336,5568,3084672,0,0,2.377977,2341.485931
0.972336,5578,3090212,0,0,2.377991,2345.67731
0.972336,5588,3095752,0,0,2.378005,2349.868875
0.972336,5598,3101292,0,0,2.381197,2350.918491
0.972336,5608,3106832,0,0,2.381618,2354.701933
0.972336,5618,3112372,0,0,2.384867,2355.686732
0.972336,5628,3117912,0,0,2.388918,2355.878344
0.972336,5638,3123452,0,0,2.388938,2360.044083
0.972336,5648,3128992,0,0,2.38958,2363.595737
0.972336,5658,3134532,0,0,2.389593,2367.767344
0.972336,5668,3140072,0,0,2.390232,2371.318318
0.972336,5678,3145612,0,0,2.390245,2375.488981
0.972336,5688,3151152,0,0,2.403671,2366.380398
0.972336,5698,3156692,0,0,2.40434,2369.881573
0.972336,5708,3162232,0,0,2.404472,2373.909601
0.972336,5718,3167772,0,0,2.405471,2377.081395
0.972336,5728,3173312,0,0,2.411711,2375.077771
0.972336,5738,3178852,0,0,2.411734,2379.20092
0.972336,5748,3184392,0,0,2.416044,2379.095279
0.972336,5758,3189932,0,0,2.419017,2380.305409
0.972336,5768,3195472,0,0,2.419705,2383.761507
0.972336,5778,3201012,0,0,2.419719,2387.880595
0.972336,5788,3206552,0,0,2.419732,2392.000344
0.972336,5798,3212092,0,0,2.420368,2395.503065
0.972336,5808,3217632,0,0,2.420381,2399.62214
0.972336,5818,3223172,0,0,2.421563,2402.580335
0.972336,5828,3228712,0,0,2.421577,2406.696392
0.972336,5838,3234252,0,0,2.421798,2410.605683
0.972336,5848,3239792,0,0,2.422594,2413.941825
0.972336,5858,3245332,0,0,2.422607,2418.056544
0.972336,5868,3250872,0,0,2.423562,2421.230005
0.972336,5878,3256412,0,0,2.423574,2425.34328
0.972336,5888,3261952,0,0,2.425521,2427.51956
0.972336,5898,3267492,0,0,2.426317,2430.844559
0.972336,5908,3273032,0,0,2.426501,2434.78133
0.972336,5918,3278572,0,0,2.427457,2437.942163
0.972336,5928,3284112,0,0,2.42747,2442.048509
0.972336,5938,3289652,0,0,2.428059,2445.574738
0.972336,5948,3295192,0,0,2.428859,2448.886258
0.972336,5958,3300732,0,0,2.428889,2452.973078
0.972336,5968,3306272,0,0,2.539617,2349.960587
0.972336,5978,3311812,0,0,2.53963,2353.885813
0.972336,5988,3317352,0,0,2.539644,2357.810998
0.972336,5998,3322892,0,0,2.540328,2361.112399
0.972336,6000,3324000,0,0,2.574717,2330.353159
0.972336,6010,3329540,0,0,2.574785,2334.175264
0.972336,6020,3335080,0,0,2.574922,2337.935253
0.972336,6030,3340620,0,0,2.575606,2341.196281
0.972336,6040,3346160,0,0,2.57562,2345.066706
0.972336,6050,3351700,0,0,2.57626,2348.365161
0.972336,6060,3357240,0,0,2.576274,2352.234566
0.972336,6070,3362780,0,0,2.576789,2355.644823
0.972336,6080,3368320,0,0,2.577426,2358.942862
0.972336,6090,3373860,0,0,2.577439,2362.810462
0.972336,6100,3379400,0,0,2.578077,2366.104368
0.972336,6110,3384940,0,0,2.581907,2366.468073
0.972336,6120,3390480,0,0,2.582714,2369.600714
0.972336,6128,3394912,0,0,2.589297,2366.665277
0.972336,6138,3400452,0,0,2.589311,2370.515106
0.972336,6148,3405992,0,0,2.589949,2373.792233
0.972336,6158,3411532,0,0,2.589962,2377.641276
0.972336,6168,3417072,0,0,2.5903,2381.19173
0.972336,6178,3422612,0,0,2.59111,2384.306787
0.972336,6188,3428152,0,0,2.591697,2387.624809
0.972336,6198,3433692,0,0,2.592715,2390.544692
0.972336,6208,3439232,0,0,2.592802,2394.320629
0.972336,6218,3444772,0,0,2.593298,2397.719082
0.972336,6228,3450312,0,0,2.594101,2400.831778
0.972336,6238,3455852,0,0,2.595584,2403.312561
0.972336,6248,3461392,0,0,2.597825,2405.088826
0.972336,6258,3466932,0,0,2.597839,2408.925598
0.972336,6268,3472472,0,0,2.598024,2412.602467
0.972336,6278,3478012,0,0,2.598765,2415.762968
0.972336,6288,3483552,0,0,2.599374,2419.043696
0.972336,6298,3489092,0,0,2.600404,2421.931117
0.972336,6308,3494632,0,0,2.600442,2425.741755
0.972336,6318,3500172,0,0,2.600989,2429.075698
0.98564,6328,3505712,0,0,2.691121,2351.436149
0.98564,6338,3511252,0,0,2.691134,2355.140805
0.98564,6348,3516792,0,0,2.691777,2358.293015
0.98564,6358,3522332,0,0,2.692083,2361.740274
0.98564,6368,3527872,0,0,2.701118,2357.541912
0.98564,6378,3533412,0,0,2.701759,2360.683984
0.98564,6388,3538952,0,0,2.701772,2364.373801
0.98564,6398,3544492,0,0,2.702408,2367.517879
0.98564,6408,3550032,0,0,2.70456,2369.331968
0.98564,6418,3555572,0,0,2.705664,2372.061051
0.98564,6428,3561112,0,0,2.706773,2374.783306
0.98564,6438,3566652,0,0,2.707881,2377.504795
0.98564,6448,3572192,0,0,2.709393,2379.869037
0.98564,6458,3577732,0,0,2.711776,2381.464701
0.98564,6468,3583272,0,0,2.712884,2384.178653
0.98564,6478,3588812,0,0,2.714002,2386.881164
0.98564,6488,3594352,0,0,2.715102,2389.597187
0.98564,6498,3599892,0,0,2.71665,2391.916297
0.98564,6508,3605432,0,0,2.717833,2394.554952
0.98564,6518,3610972,0,0,2.724605,2392.273302
0.98564,6528,3616512,0,0,2.726112,2394.619457
0.98564,6538,3622052,0,0,2.72839,2396.284798
0.98564,6548,3627592,0,0,2.730115,2398.433821
0.98564,6558,3633132,0,0,2.73105,2401.274013
0.98564,6568,3638672,0,0,2.732161,2403.957853
0.98564,6578,3644212,0,0,2.733425,2406.504956
0.98564,6588,3649752,0,0,2.734356,2409.342521
0.98564,6598,3655292,0,0,2.736111,2411.45194
0.98564,6608,3660832,0,0,2.736893,2414.416694
0.98564,6618,3666372,0,0,2.738,2417.092843
0.98564,6628,3671912,0,0,2.739226,2419.661522
0.98564,6638,3677452,0,0,2.74021,2422.442447
0.98564,6649,3683546,0,0,2.74768,2419.859499
0.98564,6659,3689086,0,0,2.748369,2422.891559
0.98564,6669,3694626,0,0,2.748383,2426.518083
0.98564,6679,3700166,0,0,2.749022,2429.591318
0.98564,6687,3704598,0,0,2.757146,2425.333708
0.98564,6697,3710138,0,0,2.758253,2427.985824
0.98564,6707,3715678,0,0,2.857193,2347.409004
0.98564,6717,3721218,0,0,2.857206,2350.898154
0.98564,6727,3726758,0,0,2.857969,2353.769763
0.98564,6737,3732298,0,0,2.857982,2357.257936
0.98564,6747,3737838,0,0,2.861149,2358.143666
0.98564,6756,3742824,0,0,2.862316,2360.326678
0.98564,6766,3748364,0,0,2.863272,2363.031063
0.98564,6776,3753904,0,0,2.864961,2365.12806
0.98564,6786,3759444,0,0,2.86575,2367.966439
0.98564,6796,3764984,0,0,2.866851,2370.54497
0.98564,6806,3770524,0,0,2.868016,2373.06865
0.98564,6816,3776064,0,0,2.869375,2375.43
0.98564,6826,3781604,0,0,2.87109,2377.494513
0.98564,6836,3787144,0,0,2.871588,2380.56435
0.98564,6846,3792684,0,0,2.872696,2383.127471
0.98564,6856,3798224,0,0,2.873862,2385.639927
0.98564,6866,3803764,0,0,2.87519,2388.016278
0.98564,6876,3809304,0,0,2.877171,2389.847296
0.98564,6886,3814844,0,0,2.878549,2392.177564
0.98564,6896,3820384,0,0,2.887234,2388.445157
0.98564,6906,3825924,0,0,2.888127,2391.16921
0.98564,6916,3831464,0,0,2.88814,2394.620592
0.98564,6926,3837004,0,0,2.888899,2397.453074
0.98564,6936,3842544,0,0,2.888913,2400.903306
0.98564,6946,3848084,0,0,2.889851,2403.584052
0.98564,6956,3853624,0,0,2.894248,2403.38748
0.98564,6966,3859164,0,0,2.895224,2406.031174
0.98564,6976,3864704,0,0,2.898041,2407.1433
0.98564,6986,3870244,0,0,2.89901,2409.788216
0.98564,6996,3875784,0,0,2.900117,2412.316336
0.98564,7006,3881324,0,0,2.90373,2412.758436
0.98564,7016,3886864,0,0,2.903745,2416.190379
0.98564,7026,3892404,0,0,2.90508,2418.521971
0.98564,7036,3897944,0,0,2.905298,2421.782754
0.98564,7046,3903484,0,0,2.906396,2424.308193
0.98564,7056,3909024,0,0,2.909168,2425.436119
0.98564,7066,3914564,0,0,2.910269,2427.953838
0.98564,7076,3920104,0,0,3.012453,2348.916439
0.98564,7086,3925644,0,0,3.012467,2352.225196
0.98564,7096,3931184,0,0,3.01248,2355.534481
0.98564,7106,3936724,0,0,3.013293,2358.217757
0.98564,7116,3942264,0,0,3.01362,2361.279681
0.98564,7126,3947804,0,0,3.015262,2363.310286
0.98564,7136,3953344,0,0,3.015832,2366.179403
0.98564,7146,3958884,0,0,3.017229,2368.398226
0.98564,7156,3964424,0,0,3.018354,2370.828652
0.98564,7166,3969964,0,0,3.020477,2372.4731
0.98564,7176,3975504,0,0,3.025856,2371.560485
0.98564,7186,3981044,0,0,3.026762,2374.153913
0.98564,7196,3986584,0,0,3.02787,2376.588023
0.98564,7206,3992124,0,0,3.028983,2379.016232
0.98564,7216,3997664,0,0,3.030454,2381.161433
0.98564,7226,4003204,0,0,3.032242,2383.054944
0.98564,7236,4008744,0,0,3.032673,2386.014203
0.98564,7246,4014284,0,0,3.033777,2388.442243
0.98564,7256,4019824,0,0,3.034905,2390.849359
0.98564,7266,4025364,0,0,3.040308,2389.889072
0.98564,7276,4030904,0,0,3.041905,2391.922413
0.98564,7286,4036444,0,0,3.04253,2394.717882
0.98564,7296,4041984,0,0,3.046471,2394.901886
0.98564,7306,4047524,0,0,3.04746,2397.406677
0.98564,7316,4053064,0,0,3.048571,2399.812622
0.98564,7326,4058604,0,0,3.050052,2401.926507
0.98564,7336,4064144,0,0,3.050787,2404.625264
0.98564,7346,4069684,0,0,3.052212,2406.77946
0.994492,7356,4075224,0,0,3.123751,2354.861247
0.994492,7366,4080764,0,0,3.123764,2358.052988
0.994492,7376,4086304,0,0,3.124376,2360.791178
0.994492,7386,4091844,0,0,3.129527,2360.101353
0.994492,7396,4097384,0,0,3.130635,2362.459635
0.994492,7406,4102924,0,0,3.131734,2364.823808
0.994492,7416,4108464,0,0,3.133161,2366.938641
0.994492,7426,4114004,0,0,3.134647,2369.006682
0.994492,7436,4119544,0,0,3.13466,2372.187091
0.994492,7446,4125084,0,0,3.134707,2375.341277
0.994492,7456,4130624,0,0,3.135833,2377.6778
0.994492,7466,4136164,0,0,3.139087,2378.398228
0.994492,7476,4141704,0,0,3.140805,2380.281484
0.994492,7486,4147244,0,0,3.141312,2383.080969
0.994492,7496,4152784,0,0,3.142419,2385.423202
0.994492,7506,4158324,0,0,3.15365,2380.099036
0.994492,7516,4163864,0,0,3.154762,2382.430454
0.994492,7526,4169404,0,0,3.156494,2384.290999
0.994492,7536,4174944,0,0,3.157282,2386.863405
0.993187,7546,4180484,0,0,3.158389,2389.192829
0.993187,7556,4186024,0,0,3.159352,2391.629627
0.993187,7566,4191564,0,0,3.159365,2394.785255
0.993187,7576,4197104,0,0,3.160644,2396.979996
0.993187,7586,4202644,0,0,3.16226,2398.917007
0.993187,7596,4208184,0,0,3.176186,2391.547714
0.993187,7605,4213170,0,0,3.177989,2393.022932
0.993187,7615,4218710,0,0,3.178299,2395.935545
0.993187,7625,4224250,0,0,3.179339,2398.296948
0.993187,7635,4229790,0,0,3.18014,2400.837685
0.993187,7645,4235330,0,0,3.180158,2403.968864
0.993187,7655,4240870,0,0,3.181752,2405.907211
0.993187,7665,4246410,0,0,3.183982,2407.362574
0.993187,7675,4251950,0,0,3.184228,2410.317575
0.993187,7685,4257490,0,0,3.185089,2412.805696
0.993187,7695,4263030,0,0,3.185101,2415.935922
0.993187,7713,4273002,0,0,3.186089,2420.836119
0.993187,7723,4278542,0,0,3.187795,2422.677983
0.993187,7733,4284082,0,0,3.292754,2348.490265
0.993187,7743,4289622,0,0,3.292767,2351.517872
0.993187,7753,4295162,0,0,3.293583,2353.971574
0.993187,7763,4300702,0,0,3.293596,2356.998227
0.993187,7773,4306242,0,0,3.294062,2359.700819
0.993187,7783,4311782,0,0,3.295299,2361.849201
0.993187,7793,4317322,0,0,3.295392,2364.817441
0.993187,7803,4322862,0,0,3.296642,2366.954305
0.993187,7813,4328402,0,0,3.298159,2368.897056
0.993187,7823,4333942,0,0,3.299134,2371.228488
0.993187,7833,4339482,0,0,3.303393,2371.198593
0.993187,7843,4345022,0,0,3.304011,2373.781538
0.993187,7853,4350562,0,0,3.305451,2375.772514
0.993187,7863,4356102,0,0,3.305465,2378.788211
0.993187,7873,4361642,0,0,3.306007,2381.422731
0.993187,7883,4367182,0,0,3.307327,2383.496116
0.993187,7893,4372722,0,0,3.309217,2385.156557
0.993187,7903,4378262,0,0,3.309245,2388.157773
0.993187,7913,4383802,0,0,3.311524,2389.534306
0.993187,7923,4389342,0,0,3.312237,2392.038958
0.993187,7933,4394882,0,0,3.312985,2394.517544
0.993187,7943,4400422,0,0,3.405479,2332.417879
0.993187,7953,4405962,0,0,3.405495,2335.343369
0.993187,7963,4411502,0,0,3.405509,2338.270305
0.993187,7973,4417042,0,0,3.406097,2340.802599
0.993187,7983,4422582,0,0,3.406108,2343.730472
0.993187,7993,4428122,0,0,3.407301,2345.845195
0.993187,8003,4433662,0,0,3.407431,2348.690502
0.993187,8013,4439202,0,0,3.408093,2351.168415
0.993187,8023,4444742,0,0,3.408922,2353.529643
0.993187,8033,4450282,0,0,3.409852,2355.821032
0.993187,8043,4455822,0,0,3.410981,2357.972389
0.993187,8053,4461362,0,0,3.411184,2360.764167
0.993187,8063,4466902,0,0,3.411863,2363.225122
0.993187,8073,4472442,0,0,3.412693,2365.58048
0.993187,8083,4477982,0,0,3.413179,2368.173372
0.993187,8093,4483522,0,0,3.415407,2369.556416
0.993187,8103,4489062,0,0,3.41599,2372.07963
0.993187,8113,4494602,0,0,3.416785,2374.454678
0.993187,8123,4500142,0,0,3.417612,2376.805906
0.993187,8133,4505682,0,0,3.418104,2379.389488
0.993187,8143,4511222,0,0,3.419322,2381.466424
0.993187,8153,4516762,0,0,3.419441,2384.307855
0.993187,8163,4522302,0,0,3.422513,2385.089381
0.993187,8173,4527842,0,0,3.423366,2387.416313
0.993187,8183,4533382,0,0,3.423831,2390.013001
0.993187,8193,4538922,0,0,3.425169,2391.998766
0.993187,8203,4544462,0,0,3.425203,2394.894658
0.993187,8213,4550002,0,0,3.425868,2397.348619
0.993187,8223,4555542,0,0,3.528273,2330.601899
0.993187,8233,4561082,0,0,3.528286,2333.42779
0.993187,8243,4566622,0,0,3.528887,2335.863949
0.993187,8253,4572162,0,0,3.5289,2338.689171
0.993187,8263,4577702,0,0,3.52931,2341.250531
0.993185,8273,4583242,0,0,3.530185,2343.503255
0.993185,8283,4588782,0,0,3.530643,2346.031754
0.993185,8293,4594322,0,0,3.531882,2348.040067
0.993185,8303,4599862,0,0,3.531977,2350.807943
0.993185,8313,4605402,0,0,3.532966,2352.980538
0.993185,8323,4610942,0,0,3.536376,2353.539013
0.993185,8333,4616482,0,0,3.536869,2356.03844
0.993185,8343,4622022,0,0,3.538132,2358.023983
0.993185,8353,4627562,0,0,3.5382,2360.805154
0.993185,8363,4633102,0,0,3.538856,2363.193217
0.993185,8373,4638642,0,0,3.539761,2365.413732
0.993185,8383,4644182,0,0,3.540569,2367.698321
0.993185,8393,4649722,0,0,3.541731,2369.74495
0.993185,8403,4655262,0,0,3.541898,2372.456634
0.993185,8413,4660802,0,0,3.54252,2374.86338
0.993185,8423,4666342,0,0,3.543425,2377.078938
0.993185,8433,4671882,0,0,3.543895,2379.58517
0.993185,8443,4677422,0,0,3.54539,2381.402562
0.993185,8453,4682962,0,0,3.547559,2382.765148
0.993185,8463,4688502,0,0,3.548275,2385.102945
0.993185,8473,4694042,0,0,3.54916,2387.325449
0.993185,8483,4699582,0,0,3.549566,2389.869614
0.993185,8493,4705122,0,0,3.551009,2391.7143
0.993185,8503,4710662,0,0,3.551267,2394.356458
0.993185,8513,4716202,0,0,3.552134,2396.587813
0.991637,8523,4721742,0,0,3.63566,2344.278815
0.991637,8533,4727282,0,0,3.635672,2347.021344
0.991637,8543,4732822,0,0,3.636254,2349.395634
0.991637,8553,4738362,0,0,3.641689,2348.635288
0.991637,8563,4743902,0,0,3.641824,2351.2946
0.991637,8573,4749442,0,0,3.642467,2353.624295
0.991637,8583,4754982,0,0,3.64338,2355.779725
0.991637,8593,4760522,0,0,3.644709,2357.663994
0.991637,8603,4766062,0,0,3.644948,2360.252838
0.991637,8613,4771602,0,0,3.645632,2362.553306
0.991637,8623,4777142,0,0,3.647726,2363.938636
0.991637,8633,4782682,0,0,3.64796,2366.528176
0.991637,8643,4788222,0,0,3.648538,2368.894143
0.991637,8653,4793762,0,0,3.64855,2371.626908
0.991637,8663,4799302,0,0,3.6487,2374.269979
0.991637,8673,4804842,0,0,3.649439,2376.529745
0.991637,8683,4810382,0,0,3.651711,2377.789799
0.991637,8693,4815922,0,0,3.652562,2379.973509
0.991637,8703,4821462,0,0,3.652575,2382.702759
0.991637,8713,4827002,0,0,3.652587,2385.432613
0.991637,8723,4832542,0,0,3.661459,2382.38381
0.991637,8733,4838082,0,0,3.662018,2384.750974
0.991637,8743,4843622,0,0,3.663106,2386.772341
0.991637,8753,4849162,0,0,3.663118,2389.494489
0.991637,8763,4854702,0,0,3.663657,2391.87226
0.991637,8773,4860242,0,0,3.680728,2383.4959
0.991637,8783,4865782,0,0,3.680772,2386.184469
0.991637,8793,4871322,0,0,3.681771,2388.252647
0.991637,8803,4876862,0,0,3.681822,2390.935752
0.991637,8813,4882402,0,0,3.682434,2393.253974
0.991637,8823,4887942,0,0,3.683226,2395.454659
0.991637,8833,4893482,0,0,3.683504,2397.988679
0.991637,8843,4899022,0,0,3.684974,2399.745746
0.991637,8853,4904562,0,0,3.686055,2401.754757
0.990724,8863,4910102,0,0,3.686617,2404.101015
0.990724,8873,4915642,0,0,3.687738,2406.082032
0.990724,8883,4921182,0,0,3.688032,2408.601718
0.990724,8893,4926722,0,0,3.789716,2346.614128
0.990724,8903,4932262,0,0,3.789732,2349.242798
0.990724,8913,4937802,0,0,3.789745,2351.873518
0.990724,8923,4943342,0,0,3.790363,2354.12819
0.990724,8932,4948328,0,0,3.806978,2346.21778
0.990724,8942,4953868,0,0,3.808103,2348.15072
0.990724,8953,4959962,0,0,3.809373,2350.255601
0.990724,8963,4965502,0,0,3.810401,2352.246036
0.990724,8973,4971042,0,0,3.811188,2354.383851
0.990724,8983,4976582,0,0,3.82139,2350.715369
0.990724,8993,4982122,0,0,3.832451,2346.54034
0.990724,9003,4987662,0,0,3.836029,2346.958096
0.990724,9013,4993202,0,0,3.839265,2347.584985
0.990724,9023,4998742,0,0,3.843379,2347.67374
0.990724,9033,5004282,0,0,3.844377,2349.665765
0.990724,9043,5009822,0,0,3.846645,2350.879576
0.990724,9053,5015362,0,0,3.846921,2353.310775
0.990724,9063,5020902,0,0,3.847847,2355.34314
0.990724,9073,5026442,0,0,3.848882,2357.308085
0.990724,9083,5031982,0,0,3.851837,2358.09568
0.990724,9093,5037522,0,0,3.852998,2359.980305
0.990724,9103,5043062,0,0,3.853011,2362.567646
0.990724,9113,5048602,0,0,3.853024,2365.154969
0.990724,9122,5053588,0,0,3.854248,2366.739216
0.990724,9132,5059128,0,0,3.854923,2368.91876
0.990724,9142,5064668,0,0,3.856737,2370.397776
0.990724,9152,5070208,0,0,3.856751,2372.98184
0.990724,9162,5075748,0,0,3.857198,2375.299669
0.990724,9172,5081288,0,0,3.858354,2377.179582
0.990724,9182,5086828,0,0,3.858816,2379.486554
0.990724,9192,5092368,0,0,3.954304,2324.555736
0.990724,9202,5097908,0,0,3.954317,2327.07691
0.990724,9212,5103448,0,0,3.95433,2329.597926
0.990724,9222,5108988,0,0,3.95665,2330.759737
0.990724,9232,5114528,0,0,3.957268,2332.922331
0.990724,9242,5120068,0,0,3.958524,2334.7086
0.990724,9252,5125608,0,0,3.960077,2336.318321
0.990724,9262,5131148,0,0,3.964739,2336.093477
0.990724,9272,5136688,0,0,3.965391,2338.231146
0.990724,9282,5142228,0,0,3.965404,2340.745366
0.990724,9292,5147768,0,0,3.966007,2342.910925
0.990724,9302,5153308,0,0,3.966018,2345.425304
0.990724,9312,5158848,0,0,3.968758,2346.325775
0.990724,9322,5164388,0,0,3.969553,2348.375108
0.990724,9332,5169928,0,0,3.970084,2350.580157
0.990724,9342,5175468,0,0,3.9712,2352.437557
0.990724,9352,5181008,0,0,3.971756,2354.625884
0.990724,9362,5186548,0,0,3.972316,2356.811335
0.990724,9375,5193750,0,0,3.988289,2350.631994
0.990724,9382,5197628,0,0,3.988302,2352.379257
0.990724,9391,5202614,0,0,3.988749,2354.372104
0.990724,9401,5208154,0,0,3.989515,2356.426745
0.990724,9411,5213694,0,0,3.990073,2358.603625
0.990724,9421,5219234,0,0,3.991205,2360.440031
0.990724,9431,5224774,0,0,3.991743,2362.62686
0.990724,9441,5230314,0,0,3.992267,2364.821714
0.990724,9449,5234746,0,0,3.9931,2366.331683
0.990724,9459,5240286,0,0,3.993464,2368.620613
0.990724,9469,5245826,0,0,3.994597,2370.452054
0.990724,9479,5251366,0,0,3.99479,2372.840437
0.990724,9489,5256906,0,0,3.995511,2374.915499
0.990724,9499,5262446,0,0,3.997242,2376.388535
0.990724,9509,5267986,0,0,3.998183,2378.330066
0.990724,9519,5273526,0,0,3.999338,2380.143683
0.990724,9529,5279066,0,0,3.999825,2382.354512
0.990724,9539,5284606,0,0,4.000471,2384.469444
0.990724,9558,5295132,0,0,4.099088,2331.738073
0.990724,9568,5300672,0,0,4.099702,2333.828369
0.990724,9578,5306212,0,0,4.102264,2334.808333
0.990724,9588,5311752,0,0,4.102921,2336.871702
0.990724,9598,5317292,0,0,4.103765,2338.827739
0.990724,9608,5322832,0,0,4.104254,2340.985715
0.990724,9618,5328372,0,0,4.105375,2342.782299
0.990724,9628,5333912,0,0,4.105581,2345.100461
0.990724,9636,5338344,0,0,4.106483,2346.533255
0.990724,9646,5343884,0,0,4.10724,2348.535506
0.990724,9656,5349424,0,0,4.107807,2350.645886
0.990724,9666,5354964,0,0,4.108929,2352.438008
0.990724,9676,5360504,0,0,4.109135,2354.753408
0.990724,9686,5366044,0,0,4.109806,2356.802345
0.990724,9696,5371584,0,0,4.111176,2358.44898
0.990724,9705,5376570,0,0,4.113486,2359.312592
0.990724,9715,5382110,0,0,4.114959,2360.898507
0.990724,9725,5387650,0,0,4.115125,2363.233092
0.990724,9735,5393190,0,0,4.116169,2365.063119
0.990724,9745,5398730,0,0,4.116966,2367.034222
0.990724,9755,5404270,0,0,4.117499,2369.156689
0.990724,9765,5409810,0,0,4.118641,2370.927475
0.990724,9775,5415350,0,0,4.121707,2371.590239
0.990724,9785,5420890,0,0,4.122325,2373.660253
0.990724,9795,5426430,0,0,4.123104,2375.637604
0.990724,9805,5431970,0,0,4.123653,2377.745902
0.990724,9815,5437510,0,0,4.215269,2328.439726
0.990724,9825,5443050,0,0,4.215283,2330.804275
0.990724,9835,5448590,0,0,4.215297,2333.168941
0.990724,9845,5454130,0,0,4.215919,2335.196526
0.990724,9855,5459670,0,0,4.216001,2337.523146
0.990724,9865,5465210,0,0,4.217162,2339.250958
0.990724,9875,5470750,0,0,4.218756,2340.737169
0.990724,9885,5476290,0,0,4.219615,2342.63053
0.990724,9895,5481830,0,0,4.220587,2344.460873
0.990724,9905,5487370,0,0,4.224408,2344.707416
0.990724,9915,5492910,0,0,4.225512,2346.461195
0.990724,9925,5498450,0,0,4.225713,2348.716187
0.990724,9935,5503990,0,0,4.226384,2350.709433
0.990724,9945,5509530,0,0,4.22714,2352.654276
0.990724,9955,5515070,0,0,4.227707,2354.70412
0.990724,9965,5520610,0,0,4.228834,2356.441696
0.990724,9975,5526150,0,0,4.229276,2358.559482
0.990724,9985,5531690,0,0,4.229937,2360.555475
0.990724,9995,5537230,0,0,4.230788,2362.444069
0.990724,10005,5542770,0,0,4.231272,2364.537332
0.990724,10015,5548310,0,0,4.232428,2366.254033
0.990724,10025,5553850,0,0,4.232633,2368.501868
0.990724,10035,5559390,0,0,4.234451,2369.8466
0.990724,10045,5564930,0,0,4.235428,2371.661221
0.990724,10055,5570470,0,0,4.2361,2373.645727
0.990724,10065,5576010,0,0,4.237248,2375.362264
0.990724,10075,5581550,0,0,4.237761,2377.434944
0.990724,10085,5587090,0,0,4.238419,2379.425206
0.990724,10095,5592630,0,0,4.239267,2381.307972
0.990724,10105,5598170,0,0,4.239756,2383.392082
0.990724,10115,5603710,0,0,4.330586,2335.711377
0.990724,10125,5609250,0,0,4.330599,2338.013711
0.990724,10135,5614790,0,0,4.330611,2340.31616
0.990724,10145,5620330,0,0,4.332294,2341.715633
0.990724,10155,5625870,0,0,4.336788,2341.594651
0.990724,10165,5631410,0,0,4.337657,2343.431041
0.990724,10175,5636950,0,0,4.33767,2345.729471
0.990724,10185,5642490,0,0,4.337683,2348.027887
0.990724,10195,5648030,0,0,4.338279,2350.010218
0.990724,10205,5653570,0,0,4.338467,2352.213285
0.990724,10215,5659110,0,0,4.339637,2353.883623
0.990724,10225,5664650,0,0,4.339764,2356.11884
0.990724,10235,5670190,0,0,4.340428,2358.062582
0.990724,10245,5675730,0,0,4.341279,2359.903468
0.990724,10255,5681270,0,0,4.343281,2361.118355
0.990724,10265,5686810,0,0,4.344359,2362.834108
0.990724,10275,5692350,0,0,4.344763,2364.915955
0.990724,10285,5697890,0,0,4.345425,2366.857027
0.990724,10295,5703430,0,0,4.346372,2368.641969
0.990724,10305,5708970,0,0,4.347035,2370.581235
0.990724,10315,5714510,0,0,4.348191,2372.250885
0.990724,10325,5720050,0,0,4.3484,2374.436381
0.990724,10335,5725590,0,0,4.349072,2376.369299
0.990724,10345,5731130,0,0,4.349838,2378.249739
0.990724,10355,5736670,0,0,4.350435,2380.221607
0.990724,10365,5742210,0,0,4.352281,2381.509782
0.990724,10375,5747750,0,0,4.35761,2380.892285
0.990724,10385,5753290,0,0,4.357761,2383.104325
0.990724,10395,5758830,0,0,4.35837,2385.06581
0.990724,10405,5764370,0,0,4.358581,2387.244934
0.990724,10415,5769910,0,0,4.454993,2337.826089
0.990724,10425,5775450,0,0,4.455007,2340.063623
0.990724,10435,5780990,0,0,4.45502,2342.301519
0.990724,10445,5786530,0,0,4.455635,2344.222378
0.990724,10455,5792070,0,0,4.455648,2346.460198
0.990724,10465,5797610,0,0,4.456248,2348.388127
0.990724,10475,5803150,0,0,4.460619,2348.3288
0.990724,10485,5808690,0,0,4.460791,2350.479809
0.990724,10495,5814230,0,0,4.461572,2352.309939
0.990724,10505,5819770,0,0,4.46253,2354.045979
0.990724,10515,5825310,0,0,4.464027,2355.496292
0.990724,10525,5830850,0,0,4.464322,2357.581042
0.990724,10535,5836390,0,0,4.468279,2357.730828
0.990724,10545,5841930,0,0,4.468879,2359.652423
0.990724,10555,5847470,0,0,4.468891,2361.883569
0.990724,10565,5853010,0,0,4.469489,2363.804723
0.990724,10575,5858550,0,0,4.470297,2365.614582
0.990724,10585,5864090,0,0,4.471045,2367.455474
0.990724,10595,5869630,0,0,4.47698,2366.550429
0.990724,10605,5875170,0,0,4.477567,2368.473794
0.990724,10615,5880710,0,0,4.478778,2370.065929
0.990724,10625,5886250,0,0,4.479041,2372.15965
0.990724,10635,5891790,0,0,4.479515,2374.141037
0.990724,10645,5897330,0,0,4.482188,2374.956293
0.990724,10655,5902870,0,0,4.482397,2377.07633
0.990724,10665,5908410,0,0,4.483581,2378.679098
0.990724,10675,5913950,0,0,4.483876,2380.752982
0.990724,10685,5919490,0,0,4.484614,2382.590969
0.990724,10695,5925030,0,0,4.485483,2384.358644
0.990724,10705,5930570,0,0,4.486421,2386.088988
0.990724,10715,5936110,0,0,4.57142,2343.910791
0.990724,10725,5941650,0,0,4.571434,2346.091198
0.990724,10735,5947190,0,0,4.571447,2348.27196
0.990724,10745,5952730,0,0,4.572096,2350.125698
0.990724,10755,5958270,0,0,4.580232,2348.134135
0.990724,10765,5963810,0,0,4.581567,2349.632998
0.990724,10775,5969350,0,0,4.586766,2349.149704
0.990724,10785,5974890,0,0,4.586802,2351.311556
0.990724,10795,5980430,0,0,4.58746,2353.154256
0.990724,10805,5985970,0,0,4.587474,2355.32689
0.990724,10815,5991510,0,0,4.588114,2357.177809
0.990724,10825,5997050,0,0,4.589417,2358.687521
0.990724,10835,6002590,0,0,4.590524,2360.297138
0.990724,10845,6008130,0,0,4.591316,2362.067632
0.990724,10855,6013670,0,0,4.591974,2363.906857
0.990724,10865,6019210,0,0,4.593203,2365.451576
0.990724,10874,6024196,0,0,4.601933,2362.920225
0.990724,10884,6029736,0,0,4.602452,2364.826503
0.990724,10894,6035276,0,0,4.605367,2365.50073
0.990724,10904,6040816,0,0,4.605381,2367.665123
0.990724,10914,6046356,0,0,4.605394,2369.829871
0.990724,10924,6051896,0,0,4.606035,2371.671205
0.990724,10932,6056328,0,0,4.606048,2373.4013
0.990724,10942,6061868,0,0,4.610407,2373.326078
0.990724,10952,6067408,0,0,4.610421,2375.488205
0.990724,10962,6072948,0,0,4.610434,2377.650441
0.990724,10972,6078488,0,0,4.699346,2334.793173
0.990724,10982,6084028,0,0,4.699358,2336.915083
0.990724,10992,6089568,0,0,4.699963,2338.741888
0.990724,11002,6095108,0,0,4.699976,2340.863152
0.990724,11012,6100648,0,0,4.700379,2342.789976
0.990724,11022,6106188,0,0,4.701219,2344.498269
0.990724,11032,6111728,0,0,4.701748,2346.361449
0.990724,11042,6117268,0,0,4.706471,2346.131545
0.990724,11052,6122808,0,0,4.725569,2338.76609
0.990724,11062,6128348,0,0,4.72588,2340.72824
0.990724,11072,6133888,0,0,4.726527,2342.523391
0.990724,11082,6139428,0,0,4.726539,2344.63296
0.990724,11092,6144968,0,0,4.727582,2346.231129
0.990724,11102,6150508,0,0,4.727791,2348.242516
0.990724,11112,6156048,0,0,4.728947,2349.783074
0.990724,11122,6161588,0,0,4.729779,2351.483955
0.990724,11132,6167128,0,0,4.730267,2353.355387
0.990724,11142,6172668,0,0,4.731397,2354.90718
0.990724,11152,6178208,0,0,4.731643,2356.897798
0.990724,11162,6183748,0,0,4.732309,2358.679639
0.990724,11172,6189288,0,0,4.736114,2358.895791
0.990724,11182,6194828,0,0,4.740704,2358.721494
0.990724,11192,6200368,0,0,4.741359,2360.504897
0.990724,11202,6205908,0,0,4.741371,2362.607819
0.990724,11212,6211448,0,0,4.741384,2364.710612
0.990724,11222,6216988,0,0,4.741992,2366.516014
0.990724,11232,6222528,0,0,4.742628,2368.307024
0.990724,11242,6228068,0,0,4.743776,2369.842161
0.990724,11252,6233608,0,0,4.743953,2371.861377
0.990724,11262,6239148,0,0,4.744622,2373.634827
0.990724,11272,6244688,0,0,4.745463,2375.321253
0.990724,11282,6250228,0,0,4.747401,2376.458074
0.990724,11292,6255768,0,0,4.748029,2378.250249
0.990724,11302,6261308,0,0,4.748041,2380.35029
0.990724,11312,6266848,0,0,4.750028,2381.459579
0.990724,11322,6272388,0,0,4.750916,2383.119499
0.990724,11332,6277928,0,0,4.751575,2384.893553
0.990724,11342,6283468,0,0,4.857947,2334.731058
0.990724,11352,6289008,0,0,4.857961,2336.783004
0.990724,11362,6294548,0,0,4.857974,2338.835053
0.990724,11372,6300088,0,0,4.85861,2340.587279
0.990724,11382,6305628,0,0,4.858622,2342.639388
0.990724,11392,6311168,0,0,4.859725,2344.165451
0.990724,11402,6316708,0,0,4.859927,2346.125689
0.991296,11412,6322248,0,0,4.860594,2347.861171
0.991296,11422,6327788,0,0,4.861351,2349.552848
0.991296,11432,6333328,0,0,4.862188,2351.2048
0.991296,11442,6338868,0,0,4.863307,2352.719958
0.991296,11452,6344408,0,0,4.867191,2352.897032
0.991296,11462,6349948,0,0,4.867851,2354.632341
0.991296,11472,6355488,0,0,4.868602,2356.323214
0.991296,11482,6361028,0,0,4.869183,2358.095773
0.991296,11492,6366568,0,0,4.870306,2359.605439
0.991296,11502,6372108,0,0,4.870507,2361.561242
0.991296,11512,6377648,0,0,4.872446,2362.673551
0.991296,11522,6383188,0,0,4.873206,2364.357196
0.991296,11532,6388728,0,0,4.873779,2366.130942
0.991296,11542,6394268,0,0,4.874901,2367.637682
0.991296,11552,6399808,0,0,4.877535,2368.409518
0.991296,11562,6405348,0,0,4.877571,2370.442006
0.991296,11572,6410888,0,0,4.878171,2372.200349
0.991296,11582,6416428,0,0,4.879503,2373.602272
0.991296,11592,6421968,0,0,4.880614,2375.111096
0.991296,11602,6427508,0,0,4.881071,2376.937429
0.991296,11612,6433048,0,0,4.881931,2378.566857
0.991296,11622,6438588,0,0,4.887086,2378.104294
0.991296,11632,6444128,0,0,4.887132,2380.128093
0.991296,11642,6449668,0,0,4.981355,2337.115237
0.991296,11652,6455208,0,0,4.981368,2339.116677
0.991296,11662,6460748,0,0,4.98138,2341.118219
