probabilidad,orig_pkts_flujo,orig_ip_bytes_flujo,resp_pkts_flujo,resp_ip_bytes_flujo,duracion,pps_flujo
0.470818,123,68142,0,0,0.020854,5898.015228
0.470818,133,73682,0,0,0.020869,6373.22981
0.470818,143,79222,0,0,0.022947,6231.731607
0.470818,153,84762,0,0,0.023862,6411.899125
0.470818,163,90302,0,0,0.024333,6698.590582
0.470818,173,95842,0,0,0.025427,6803.763673
0.470818,183,101382,0,0,0.025653,7133.766736
0.470818,193,106922,0,0,0.026653,7241.326714
0.470818,203,112462,0,0,0.027511,7378.898439
0.685466,213,118002,0,0,0.028,7607.176022
0.685466,223,123542,0,0,0.029195,7638.400601
0.685466,233,129082,0,0,0.02941,7922.441993
0.685466,243,134622,0,0,0.030006,8098.463064
0.685466,253,140162,0,0,0.030982,8166.027272
0.685466,263,145702,0,0,0.031629,8315.131326
0.730328,273,151242,0,0,0.035269,7740.503836
0.730328,283,156782,0,0,0.035365,8002.292387
0.730328,293,162322,0,0,0.036041,8129.517772
0.730328,303,167862,0,0,0.036871,8217.903432
0.730328,313,173402,0,0,0.037313,8388.3936
0.730328,323,178942,0,0,0.038454,8399.686224
0.730328,333,184482,0,0,0.039387,8454.620048
0.730328,343,190022,0,0,0.039975,8580.327027
0.730328,353,195562,0,0,0.046895,7527.412323
0.730328,363,201102,0,0,0.046915,7737.427783
0.730328,373,206642,0,0,0.047569,7841.274431
0.730328,383,212182,0,0,0.047583,8049.07571
0.730328,393,217722,0,0,0.048006,8186.426187
0.730328,403,223262,0,0,0.048808,8256.826589
0.730328,413,228802,0,0,0.049293,8378.46458
0.730328,423,234342,0,0,0.05044,8386.268568
0.730328,433,239882,0,0,0.050962,8496.452113
0.730328,443,245422,0,0,0.05165,8576.992047
0.730328,453,250962,0,0,0.052407,8643.879114
0.730328,463,256502,0,0,0.05301,8734.203256
0.730328,473,262042,0,0,0.054065,8748.768729
0.730328,483,267582,0,0,0.054328,8890.488013
0.730328,493,273122,0,0,0.055745,8843.898345
0.730328,503,278662,0,0,0.056667,8876.367014
0.730328,513,284202,0,0,0.057322,8949.402322
0.730328,523,289742,0,0,0.058467,8945.157575
0.730328,533,295282,0,0,0.058658,9086.624417
0.730328,543,300822,0,0,0.059317,9154.26168
0.730328,553,306362,0,0,0.060081,9204.313211
0.730328,563,311902,0,0,0.061058,9220.69822
0.730328,573,317442,0,0,0.062198,9212.455552
0.730328,583,322982,0,0,0.062346,9351.007966
0.730328,593,328522,0,0,0.062979,9415.803933
0.730328,603,334062,0,0,0.104084,5793.37027
0.730328,613,339602,0,0,0.104097,5888.717665
0.730328,623,345142,0,0,0.104746,5947.701751
0.730328,633,350682,0,0,0.104759,6042.427791
0.730328,643,356222,0,0,0.105426,6099.046727
0.730328,653,361762,0,0,0.106201,6148.708046
0.730328,663,367302,0,0,0.106842,6205.436298
0.730328,673,372842,0,0,0.107871,6238.957904
0.730328,683,378382,0,0,0.108138,6316.01262
0.730328,693,383922,0,0,0.108763,6371.639358
0.730328,703,389462,0,0,0.109886,6397.529404
0.730328,713,395002,0,0,0.110596,6446.905077
0.730328,723,400542,0,0,0.111736,6470.633479
0.730328,733,406082,0,0,0.111918,6549.411683
0.730328,743,411622,0,0,0.112584,6599.496143
0.730328,753,417162,0,0,0.113427,6638.649431
0.730328,763,422702,0,0,0.114229,6679.538965
0.730328,773,428242,0,0,0.11623,6650.578643
0.730328,783,433782,0,0,0.116725,6708.062674
0.730328,793,439322,0,0,0.11739,6755.251279
0.730328,803,444862,0,0,0.118166,6795.540385
0.730328,813,450402,0,0,0.118741,6846.84641
0.730328,823,455942,0,0,0.190173,4327.640551
0.730328,833,461482,0,0,0.190185,4379.94972
0.730328,843,467022,0,0,0.190197,4432.246776
0.730328,853,472562,0,0,0.190785,4471.003002
0.730328,863,478102,0,0,0.191063,4516.836481
0.730328,873,483642,0,0,0.191872,4549.916736
0.730328,883,489182,0,0,0.191884,4601.743289
0.730328,893,494722,0,0,0.19203,4650.304646
0.730328,903,500262,0,0,0.192681,4686.500758
0.730328,913,505802,0,0,0.192705,4737.813746
0.730328,923,511342,0,0,0.193484,4770.430375
0.730328,933,516882,0,0,0.194655,4793.091045
0.730328,943,522422,0,0,0.195312,4828.183575
0.730328,953,527962,0,0,0.195929,4863.999688
0.730328,963,533502,0,0,0.195979,4913.782839
0.730328,973,539042,0,0,0.196855,4942.722628
0.730328,983,544582,0,0,0.197001,4989.810806
0.730328,993,550122,0,0,0.19732,5032.441102
0.730328,1003,555662,0,0,0.197945,5067.061064
0.730328,1013,561202,0,0,0.198118,5113.115144
0.730328,1023,566742,0,0,0.198781,5146.360586
0.730328,1033,572282,0,0,0.198793,5196.355515
0.730328,1043,577822,0,0,0.19896,5242.264298
0.730328,1053,583362,0,0,0.199905,5267.497924
0.730328,1063,588902,0,0,0.199945,5316.462745
0.730328,1073,594442,0,0,0.201375,5328.360963
0.730328,1083,599982,0,0,0.201655,5370.567346
0.730328,1093,605522,0,0,0.201889,5413.858621
0.730328,1103,611062,0,0,0.278375,3962.275585
0.730328,1113,616602,0,0,0.278388,3998.020244
0.730328,1123,622142,0,0,0.279003,4025.044258
0.730328,1133,627682,0,0,0.293274,3863.279273
0.730328,1143,633222,0,0,0.293394,3895.787177
0.730328,1153,638762,0,0,0.294,3921.763543
0.730328,1163,644302,0,0,0.294013,3955.613506
0.730328,1173,649842,0,0,0.294611,3981.528149
0.730328,1183,655382,0,0,0.309926,3817.045663
0.730328,1193,660922,0,0,0.309967,3848.802219
0.730328,1203,666462,0,0,0.310579,3873.41581
0.730328,1213,672002,0,0,0.310591,3905.457881
0.730328,1223,677542,0,0,0.311233,3929.537363
0.730328,1233,683082,0,0,0.321979,3829.441747
0.730328,1243,688622,0,0,0.322561,3853.537223
0.730328,1253,694162,0,0,0.323475,3873.564797
0.730328,1263,699702,0,0,0.324271,3894.893685
0.730328,1273,705242,0,0,0.325437,3911.6597
0.730328,1283,710782,0,0,0.325943,3936.271148
0.730328,1297,718538,0,0,0.342295,3789.132658
0.730328,1305,722970,0,0,0.342521,3809.988557
0.730328,1315,728510,0,0,0.343161,3832.016691
0.730328,1325,734050,0,0,0.343521,3857.113668
0.730328,1335,739590,0,0,0.344174,3878.847636
0.730328,1345,745130,0,0,0.345285,3895.333531
0.730328,1355,750670,0,0,0.345823,3918.188801
0.730328,1365,756210,0,0,0.34746,3928.512096
0.730328,1375,761750,0,0,0.348436,3946.209402
0.730328,1385,767290,0,0,0.349409,3963.834905
0.730328,1404,777816,0,0,0.396718,3539.035453
0.730328,1414,783356,0,0,0.39737,3558.397696
0.730328,1424,788896,0,0,0.397382,3583.449216
0.730328,1434,794436,0,0,0.398107,3602.046217
0.730328,1444,799976,0,0,0.399562,3613.956194
0.730328,1454,805516,0,0,0.400378,3631.570432
0.730328,1464,811056,0,0,0.401843,3643.21541
0.730328,1474,816596,0,0,0.402026,3666.427925
0.730328,1484,822136,0,0,0.402761,3684.571797
0.730328,1494,827676,0,0,0.403547,3702.168366
0.730328,1504,833216,0,0,0.404011,3722.673012
0.730328,1514,838756,0,0,0.405181,3736.597905
0.730328,1524,844296,0,0,0.405674,3756.711232
0.730328,1534,849836,0,0,0.411996,3723.340289
0.730328,1544,855376,0,0,0.412634,3741.8114
0.730328,1554,860916,0,0,0.412647,3765.928429
0.730328,1564,866456,0,0,0.413289,3784.274037
0.730328,1574,871996,0,0,0.416954,3774.994237
0.730328,1584,877536,0,0,0.418299,3786.763176
0.730328,1594,883076,0,0,0.418312,3810.550054
0.730328,1604,888616,0,0,0.423375,3788.60659
0.730328,1614,894156,0,0,0.530699,3041.269166
0.730328,1624,899696,0,0,0.530713,3060.036611
0.730328,1634,905236,0,0,0.531403,3074.881525
0.730328,1648,912992,0,0,0.578438,2849.051888
0.730328,1658,918532,0,0,0.579114,2862.994356
0.730328,1668,924072,0,0,0.579586,2877.918529
0.730328,1678,929612,0,0,0.580893,2888.658088
0.730328,1688,935152,0,0,0.581596,2902.358849
0.730328,1698,940692,0,0,0.582414,2915.451143
0.730328,1708,946232,0,0,0.583292,2928.207447
0.730328,1718,951772,0,0,0.584018,2941.692595
0.730328,1728,957312,0,0,0.585371,2951.971555
0.730328,1738,962852,0,0,0.585736,2967.205678
0.730328,1748,968392,0,0,0.59367,2944.394893
0.730328,1758,973932,0,0,0.594893,2955.151017
0.730328,1768,979472,0,0,0.603949,2927.398004
0.730328,1778,985012,0,0,0.604604,2940.765494
0.730328,1788,990552,0,0,0.604618,2957.239928
0.730328,1798,996092,0,0,0.604631,2973.714807
0.730328,1808,1001632,0,0,0.605271,2987.093587
0.730328,1818,1007172,0,0,0.605801,3000.987312
0.730328,1828,1012712,0,0,0.60715,3010.78654
0.730328,1838,1018252,0,0,0.60755,3025.267067
0.730328,1848,1023792,0,0,0.608298,3037.986737
0.730328,1858,1029332,0,0,0.609297,3049.41578
0.730328,1868,1034872,0,0,0.60996,3062.497898
0.730328,1878,1040412,0,0,0.613264,3062.304657
0.730328,1888,1045952,0,0,0.613894,3075.448385
0.730328,1898,1051492,0,0,0.614777,3087.297878
0.730328,1908,1057032,0,0,0.615664,3099.094185
0.730328,1918,1062572,0,0,0.62215,3082.855745
0.730328,1928,1068112,0,0,0.622795,3095.719999
0.730328,1938,1073652,0,0,0.622808,3111.711121
0.730328,1948,1079192,0,0,0.622822,3127.701569
0.730328,1958,1084732,0,0,0.623457,3140.554826
0.730328,1968,1090272,0,0,0.623585,3155.943925
0.730328,1978,1095812,0,0,0.624875,3165.432739
0.730328,1988,1101352,0,0,0.62819,3164.648635
0.730328,1998,1106892,0,0,0.628214,3180.446682
0.730328,2008,1112432,0,0,0.628886,3192.946398
0.730328,2018,1117972,0,0,0.628899,3208.781835
0.730328,2028,1123512,0,0,0.630838,3214.771884
0.730328,2038,1129052,0,0,0.631425,3227.621776
0.730328,2048,1134592,0,0,0.632447,3238.213545
0.730328,2058,1140132,0,0,0.729818,2819.879791
0.730328,2068,1145672,0,0,0.729831,2833.532771
0.730328,2078,1151212,0,0,0.730512,2844.578758
0.730328,2088,1156752,0,0,0.730526,2858.213675
0.730328,2098,1162292,0,0,0.730842,2870.660129
0.730328,2108,1167832,0,0,0.731754,2880.749287
0.730328,2118,1173372,0,0,0.733646,2886.951258
0.730328,2128,1178912,0,0,0.734869,2895.753257
0.730328,2138,1184452,0,0,0.735356,2907.43683
0.730328,2148,1189992,0,0,0.736021,2918.394825
0.730328,2158,1195532,0,0,0.736818,2928.808853
0.730328,2168,1201072,0,0,0.737345,2940.277151
0.730328,2178,1206612,0,0,0.738509,2949.185694
0.730328,2188,1212152,0,0,0.738674,2962.065711
0.730328,2198,1217692,0,0,0.739623,2971.783994
0.730328,2208,1223232,0,0,0.744554,2965.535458
0.730328,2218,1228772,0,0,0.74457,2978.90146
0.730328,2228,1234312,0,0,0.745221,2989.718504
0.730328,2238,1239852,0,0,0.746688,2997.234324
0.730328,2248,1245392,0,0,0.747164,3008.709265
0.730328,2258,1250932,0,0,0.748333,3017.371451
0.730328,2268,1256472,0,0,0.748788,3028.896144
0.730328,2278,1262012,0,0,0.749945,3037.55639
0.730328,2294,1270876,0,0,0.778846,2945.3823
0.730328,2304,1276416,0,0,0.778859,2958.171999
0.730328,2314,1281956,0,0,0.778873,2970.960358
0.730328,2324,1287496,0,0,0.779511,2981.357268
0.730328,2343,1298022,0,0,0.785049,2984.52632
0.730328,2353,1303562,0,0,0.785063,2997.212491
0.730328,2363,1309102,0,0,0.785076,3009.900051
0.730328,2373,1314642,0,0,0.786613,3016.733103
0.730328,2383,1320182,0,0,0.787669,3025.383622
0.730328,2393,1325722,0,0,0.888148,2694.371271
0.730328,2404,1331816,0,0,0.888162,2706.713
0.730328,2414,1337356,0,0,0.888175,2717.932807
0.730328,2424,1342896,0,0,0.889133,2726.250644
0.730328,2434,1348436,0,0,0.889803,2735.437885
0.730328,2444,1353976,0,0,0.890819,2743.54325
0.730328,2454,1359516,0,0,0.891142,2753.768744
0.730328,2464,1365056,0,0,0.891802,2762.944913
0.730328,2474,1370596,0,0,0.892531,2771.893512
0.730328,2484,1376136,0,0,0.893088,2781.361275
0.730328,2494,1381676,0,0,0.89444,2788.336294
0.730328,2504,1387216,0,0,0.898354,2787.319755
0.730328,2514,1392756,0,0,0.898373,2798.392552
0.730328,2524,1398296,0,0,0.898993,2807.587262
0.730328,2534,1403836,0,0,0.899005,2818.671206
0.730328,2544,1409376,0,0,0.899648,2827.771295
0.730328,2554,1414916,0,0,0.901846,2831.968559
0.730328,2564,1420456,0,0,0.902456,2841.134852
0.730328,2574,1425996,0,0,0.905996,2841.07263
0.730328,2584,1431536,0,0,0.906418,2850.781601
0.730328,2594,1437076,0,0,0.907539,2858.280463
0.730328,2604,1442616,0,0,0.907769,2868.569794
0.730328,2614,1448156,0,0,0.908423,2877.515033
0.730328,2624,1453696,0,0,0.909229,2885.960738
0.730328,2630,1457020,0,0,0.951166,2765.027594
0.730328,2640,1462560,0,0,0.951784,2773.739579
0.730328,2650,1468100,0,0,0.951796,2784.209901
0.730328,2660,1473640,0,0,0.952399,2792.948427
0.730328,2670,1479180,0,0,0.95241,2803.413143
0.730328,2680,1484720,0,0,0.952423,2813.876189
0.730328,2690,1490260,0,0,0.954448,2818.383027
0.730328,2700,1495800,0,0,0.955107,2826.907065
0.717846,2710,1501340,0,0,1.06153,2552.918054
0.717846,2720,1506880,0,0,1.062188,2560.751024
0.717846,2730,1512420,0,0,1.06241,2569.629723
0.717846,2740,1517960,0,0,1.063444,2576.533443
0.717846,2750,1523500,0,0,1.063737,2585.22453
0.717846,2760,1529040,0,0,1.064606,2592.508521
0.717846,2770,1534580,0,0,1.065361,2600.058741
0.717846,2780,1540120,0,0,1.065941,2608.025205
0.717846,2790,1545660,0,0,1.068079,2612.167508
0.717846,2800,1551200,0,0,1.068731,2619.928862
0.717846,2810,1556740,0,0,1.069682,2626.94806
0.717846,2820,1562280,0,0,1.070345,2634.665296
0.717846,2830,1567820,0,0,1.073897,2635.261153
0.717846,2840,1573360,0,0,1.074536,2643.001635
0.717846,2850,1578900,0,0,1.074549,2652.275612
0.717846,2860,1584440,0,0,1.074562,2661.549363
0.717846,2870,1589980,0,0,1.075196,2669.281287
0.717846,2880,1595520,0,0,1.075408,2678.053992
0.717846,2890,1601060,0,0,1.076733,2684.044288
0.717846,2900,1606600,0,0,1.077081,2692.461208
0.717846,2910,1612140,0,0,1.077737,2700.101328
0.717846,2920,1617680,0,0,1.078409,2707.692645
0.715148,2930,1623220,0,0,1.079962,2713.058384
0.715148,2940,1628760,0,0,1.081347,2718.832463
0.715148,2950,1634300,0,0,1.081603,2727.433137
0.715148,2960,1639840,0,0,1.082268,2734.99785
0.715148,2970,1645380,0,0,1.18165,2513.434767
0.715148,2980,1650920,0,0,1.181663,2521.870542
0.715148,2990,1656460,0,0,1.182255,2529.066175
0.715148,3000,1662000,0,0,1.182352,2537.315311
0.715148,3010,1667540,0,0,1.183357,2543.612124
0.715148,3020,1673080,0,0,1.184017,2550.638149
0.715148,3030,1678620,0,0,1.184674,2557.665085
0.715148,3040,1684160,0,0,1.185641,2564.014303
0.715148,3050,1689700,0,0,1.186012,2571.64391
0.715148,3060,1695240,0,0,1.186627,2578.737042
0.715148,3070,1700780,0,0,1.187299,2585.701832
0.715148,3080,1706320,0,0,1.188207,2592.140085
0.715148,3090,1711860,0,0,1.189184,2598.421059
0.715148,3100,1717400,0,0,1.189546,2606.035493
0.715148,3110,1722940,0,0,1.1902,2613.005496
0.715148,3120,1728480,0,0,1.19088,2619.912243
0.715148,3130,1734020,0,0,1.191535,2626.864202
0.715148,3140,1739560,0,0,1.196454,2624.421205
0.715148,3150,1745100,0,0,1.197349,2630.811221
0.715148,3160,1750640,0,0,1.198014,2637.698154
0.715148,3170,1756180,0,0,1.198929,2644.026829
0.715148,3180,1761720,0,0,1.199597,2650.890518
0.715148,3190,1767260,0,0,1.200552,2657.111619
0.715148,3200,1772800,0,0,1.200924,2664.614562
0.715148,3210,1778340,0,0,1.201588,2671.46548
0.715148,3220,1783880,0,0,1.20231,2678.178182
0.715148,3230,1789420,0,0,1.203282,2684.325839
0.715148,3240,1794960,0,0,1.309538,2474.15567
0.715148,3250,1800500,0,0,1.309551,2481.767102
0.715148,3260,1806040,0,0,1.309564,2489.378381
0.715148,3270,1811580,0,0,1.310648,2494.949585
0.715148,3280,1817120,0,0,1.311666,2500.636118
0.715148,3290,1822660,0,0,1.315746,2500.482485
0.715148,3300,1828200,0,0,1.316389,2506.858524
0.715148,3310,1833740,0,0,1.318339,2510.734437
0.715148,3320,1839280,0,0,1.319118,2516.832719
0.715148,3330,1844820,0,0,1.319954,2522.815801
0.715148,3340,1850360,0,0,1.321329,2527.757358
0.715148,3350,1855900,0,0,1.321942,2534.149883
0.715148,3360,1861440,0,0,1.322721,2540.217765
0.715148,3370,1866980,0,0,1.323555,2546.17301
0.715148,3380,1872520,0,0,1.324458,2551.987527
0.715148,3390,1878060,0,0,1.325533,2557.462418
0.715148,3400,1883600,0,0,1.327834,2560.560325
0.715148,3410,1889140,0,0,1.328945,2565.944398
0.715148,3420,1894680,0,0,1.330077,2571.279377
0.715148,3430,1900220,0,0,1.330857,2577.286129
0.715148,3440,1905760,0,0,1.331992,2582.597804
0.715148,3450,1911300,0,0,1.332907,2588.32723
0.715148,3460,1916840,0,0,1.333716,2594.254685
0.715148,3470,1922380,0,0,1.338468,2592.516999
0.715148,3480,1927920,0,0,1.338614,2599.704361
0.715148,3490,1933460,0,0,1.339248,2605.940627
0.715148,3500,1939000,0,0,1.33926,2613.383313
0.715148,3510,1944540,0,0,1.339272,2620.826794
0.715148,3520,1950080,0,0,1.384477,2542.475636
0.715148,3530,1955620,0,0,1.38449,2549.674868
0.715148,3540,1961160,0,0,1.385119,2555.73672
0.715148,3550,1966700,0,0,1.385174,2562.855735
0.715148,3560,1972240,0,0,1.385954,2568.627998
0.715148,3570,1977780,0,0,1.387086,2573.740195
0.715148,3580,1983320,0,0,1.39176,2572.282373
0.715148,3590,1988860,0,0,1.392375,2578.32841
0.715148,3600,1994400,0,0,1.392387,2585.487362
0.715148,3610,1999940,0,0,1.39391,2589.837348
0.715148,3620,2005480,0,0,1.394735,2595.475388
0.715148,3630,2011020,0,0,1.401646,2589.812891
0.715148,3640,2016560,0,0,1.402246,2595.835982
0.715148,3650,2022100,0,0,1.402258,2602.944386
0.715148,3660,2027640,0,0,1.40227,2610.053108
0.715148,3670,2033180,0,0,1.402869,2616.067083
0.715148,3680,2038720,0,0,1.403752,2621.545521
0.715148,3690,2044260,0,0,1.408044,2620.656555
0.715148,3700,2049800,0,0,1.408056,2627.735913
0.715148,3710,2055340,0,0,1.408068,2634.815149
0.715148,3720,2060880,0,0,1.409372,2639.473743
0.715148,3730,2066420,0,0,1.412089,2641.477251
0.715148,3740,2071960,0,0,1.497492,2497.509044
0.715148,3750,2077500,0,0,1.497505,2504.164549
0.715148,3760,2083040,0,0,1.497518,2510.820734
0.715148,3770,2088580,0,0,1.498157,2516.425541
0.715148,3780,2094120,0,0,1.498385,2522.715401
0.715148,3790,2099660,0,0,1.49946,2527.576223
0.715148,3800,2105200,0,0,1.502765,2528.672649
0.715148,3810,2110740,0,0,1.503505,2534.078717
0.715148,3820,2116280,0,0,1.504243,2539.482684
0.715148,3830,2121820,0,0,1.506499,2542.319032
0.715148,3840,2127360,0,0,1.507566,2547.152609
0.715148,3850,2132900,0,0,1.508218,2552.680888
0.715148,3860,2138440,0,0,1.50896,2558.05281
0.715148,3870,2143980,0,0,1.509704,2563.417023
0.715148,3880,2149520,0,0,1.510492,2568.700134
0.715148,3890,2155060,0,0,1.511506,2573.59284
0.715148,3900,2160600,0,0,1.512192,2579.037564
0.715148,3910,2166140,0,0,1.512929,2584.390596
0.715148,3920,2171680,0,0,1.513668,2589.735967
0.715148,3930,2177220,0,0,1.514405,2595.078574
0.715148,3940,2182760,0,0,1.515527,2599.755302
0.715148,3950,2188300,0,0,1.515874,2605.757627
0.715148,3960,2193840,0,0,1.517077,2610.282443
0.715148,3970,2199380,0,0,1.520428,2611.106153
0.715148,3980,2204920,0,0,1.522181,2614.669697
0.715148,3990,2210460,0,0,1.523463,2619.033886
0.715148,4000,2216000,0,0,1.523926,2624.798922
0.715148,4010,2221540,0,0,1.524838,2629.787608
0.715148,4020,2227080,0,0,1.624532,2474.558487
0.715148,4030,2232620,0,0,1.624545,2480.694082
0.715148,4040,2238160,0,0,1.625213,2485.828517
0.715148,4050,2243700,0,0,1.633817,2478.858218
0.715148,4060,2249240,0,0,1.633962,2484.75731
0.715148,4070,2254780,0,0,1.634606,2489.897187
0.715148,4080,2260320,0,0,1.634619,2495.994483
0.715148,4090,2265860,0,0,1.635256,2501.137357
0.715148,4100,2271400,0,0,1.635268,2507.233599
0.715148,4110,2276940,0,0,1.635611,2512.822337
0.715148,4120,2282480,0,0,1.636249,2517.954808
0.715148,4130,2288020,0,0,1.636658,2523.435391
0.715148,4140,2293560,0,0,1.637629,2528.045069
0.715148,4150,2299100,0,0,1.637766,2533.940073
0.715148,4160,2304640,0,0,1.644085,2530.282175
0.715148,4170,2310180,0,0,1.648225,2529.993916
0.715148,4180,2315720,0,0,1.648417,2535.766505
0.715148,4190,2321260,0,0,1.649092,2540.792576
0.715148,4200,2326800,0,0,1.649105,2546.8359
0.715148,4210,2332340,0,0,1.649118,2552.879495
0.715148,4220,2337880,0,0,1.655205,2549.532387
0.715148,4230,2343420,0,0,1.655422,2555.238998
0.715148,4240,2348960,0,0,1.656093,2560.243242
0.715148,4250,2354500,0,0,1.656105,2566.261971
0.715148,4260,2360040,0,0,1.656118,2572.280238
0.715148,4270,2365580,0,0,1.656752,2577.332604
0.715148,4280,2371120,0,0,1.661223,2576.415188
0.715148,4290,2376660,0,0,1.740721,2464.495376
0.715148,4300,2382200,0,0,1.740735,2470.221512
0.715148,4310,2387740,0,0,1.740748,2475.947562
0.715148,4320,2393280,0,0,1.741391,2480.775846
0.715148,4330,2398820,0,0,1.741539,2486.306309
0.715148,4340,2404360,0,0,1.742569,2490.57608
0.715148,4350,2409900,0,0,1.742876,2495.875242
0.715148,4360,2415440,0,0,1.743535,2500.666347
0.715148,4370,2420980,0,0,1.744205,2505.440129
0.715148,4380,2426520,0,0,1.746544,2507.80919
0.715148,4390,2432060,0,0,1.747565,2512.066745
0.715148,4400,2437600,0,0,1.748237,2516.820697
0.715148,4410,2443140,0,0,1.748902,2521.582338
0.715148,4420,2448680,0,0,1.749564,2526.343115
0.715148,4430,2454220,0,0,1.750439,2530.793462
0.715148,4440,2459760,0,0,1.751518,2534.943268
0.715148,4450,2465300,0,0,1.751777,2540.277077
0.715148,4460,2470840,0,0,1.752442,2545.019512
0.715148,4470,2476380,0,0,1.753304,2549.472304
0.715148,4480,2481920,0,0,1.753814,2554.432128
0.715148,4490,2487460,0,0,1.754857,2558.613641
0.715148,4500,2493000,0,0,1.755385,2563.53961
0.715148,4510,2498540,0,0,1.756046,2568.26942
0.715148,4520,2504080,0,0,1.756732,2572.959006
0.715148,4530,2509620,0,0,1.758797,2575.623887
0.715148,4540,2515160,0,0,1.760152,2579.323245
0.715148,4550,2520700,0,0,1.760436,2584.587615
0.715148,4560,2526240,0,0,1.761127,2589.251796
0.715148,4570,2531780,0,0,1.761812,2593.920743
0.715148,4580,2537320,0,0,1.762665,2598.338262
0.715148,4590,2542860,0,0,1.873449,2450.027172
0.715148,4600,2548400,0,0,1.873461,2455.348048
0.715148,4610,2553940,0,0,1.873474,2460.669478
0.715148,4620,2559480,0,0,1.874089,2465.197127
0.715148,4630,2565020,0,0,1.874588,2469.876345
0.715148,4640,2570560,0,0,1.875487,2474.023648
0.715148,4650,2576100,0,0,1.875825,2478.908745
0.715148,4660,2581640,0,0,1.876534,2483.301997
0.715148,4670,2587180,0,0,1.879344,2484.910276
0.715148,4680,2592720,0,0,1.880005,2489.354921
0.715148,4690,2598260,0,0,1.881007,2493.344746
0.715148,4700,2603800,0,0,1.881379,2498.167715
0.715148,4710,2609340,0,0,1.882035,2502.610184
0.715148,4720,2614880,0,0,1.882706,2507.03019
0.715148,4730,2620420,0,0,1.883367,2511.45913
0.715148,4740,2625960,0,0,1.884567,2515.16722
0.715148,4750,2631500,0,0,1.884905,2520.021088
0.715148,4760,2637040,0,0,1.885783,2524.150503
0.715148,4770,2642580,0,0,1.886387,2528.643553
0.715148,4780,2648120,0,0,1.886939,2533.203501
0.715148,4790,2653660,0,0,1.887928,2537.173336
0.715148,4800,2659200,0,0,1.894047,2534.255665
0.715148,4810,2664740,0,0,1.894713,2538.642837
0.715148,4820,2670280,0,0,1.895425,2542.965829
0.715148,4830,2675820,0,0,1.896037,2547.419146
0.715148,4840,2681360,0,0,1.897031,2551.355157
0.715148,4850,2686900,0,0,1.89741,2556.115439
0.715148,4860,2692440,0,0,1.898356,2560.109315
0.715148,4870,2697980,0,0,1.899073,2564.409211
0.715148,4880,2703520,0,0,1.899686,2568.845778
0.715148,4890,2709060,0,0,1.988325,2459.356641
0.715148,4900,2714600,0,0,1.988338,2464.369748
0.715148,4910,2720140,0,0,1.988351,2469.382492
0.715148,4920,2725680,0,0,1.990974,2471.152669
0.715148,4930,2731220,0,0,1.99373,2472.752585
0.715148,4940,2736760,0,0,1.997045,2473.65448
0.715148,4950,2742300,0,0,1.997058,2478.645602
0.715148,4960,2747840,0,0,2.000435,2479.460872
0.715148,4970,2753380,0,0,2.001181,2483.533318
0.715148,4980,2758920,0,0,2.001195,2488.513467
0.715148,4990,2764460,0,0,2.001838,2492.708942
0.715148,5000,2770000,0,0,2.008745,2489.116099
0.715148,5010,2775540,0,0,2.008792,2494.036312
0.715148,5020,2781080,0,0,2.009567,2498.05114
0.715148,5030,2786620,0,0,2.009589,2502.999423
0.715148,5040,2792160,0,0,2.010235,2507.170066
0.715148,5050,2797700,0,0,2.014482,2506.848481
0.715148,5060,2803240,0,0,2.016072,2509.830955
0.715148,5070,2808780,0,0,2.017075,2513.54057
0.715148,5080,2814320,0,0,2.017815,2517.574562
0.715148,5090,2819860,0,0,2.018927,2521.141059
0.715148,5100,2825400,0,0,2.019665,2525.171548
0.715148,5110,2830940,0,0,2.020404,2529.197602
0.715148,5120,2836480,0,0,2.021143,2533.219517
0.715148,5130,2842020,0,0,2.021889,2537.231608
0.715148,5140,2847560,0,0,2.022962,2540.829227
0.715148,5150,2853100,0,0,2.02365,2544.906868
0.715148,5163,2860302,0,0,2.073893,2489.520545
0.715148,5173,2865842,0,0,2.073906,2494.326622
0.715148,5188,2874152,0,0,2.075607,2499.510282
0.715148,5198,2879692,0,0,2.076421,2503.345587
0.715148,5208,2885232,0,0,2.078423,2505.746202
0.715148,5218,2890772,0,0,2.079648,2509.077863
0.715148,5228,2896312,0,0,2.080729,2512.580342
0.715148,5238,2901852,0,0,2.082012,2515.835142
0.715148,5248,2907392,0,0,2.082756,2519.738218
0.715148,5258,2912932,0,0,2.086471,2520.044514
0.715148,5268,2918472,0,0,2.086596,2524.686413
0.715148,5278,2924012,0,0,2.087674,2528.172043
0.715148,5288,2929552,0,0,2.088077,2532.473287
0.715148,5298,2935092,0,0,2.088817,2536.364029
0.715148,5308,2940632,0,0,2.08955,2540.259552
0.715148,5318,2946172,0,0,2.090283,2544.152923
0.715148,5328,2951712,0,0,2.091627,2547.299156
0.715148,5338,2957252,0,0,2.093349,2549.980359
0.715148,5348,2962792,0,0,2.094091,2553.852506
0.715148,5358,2968332,0,0,2.201471,2433.827627
0.715148,5368,2973872,0,0,2.201483,2438.356314
0.715148,5378,2979412,0,0,2.202097,2442.217116
0.715148,5388,2984952,0,0,2.204057,2444.582636
0.715148,5398,2990492,0,0,2.204246,2448.909918
0.715148,5408,2996032,0,0,2.204865,2452.758167
0.715148,5418,3001572,0,0,2.204877,2457.280307
0.715148,5428,3007112,0,0,2.206432,2460.080497
0.715148,5438,3012652,0,0,2.206445,2464.59832
0.715148,5448,3018192,0,0,2.21674,2457.662645
0.715148,5458,3023732,0,0,2.217469,2461.364762
0.715148,5468,3029272,0,0,2.21749,2465.851342
0.715148,5478,3034812,0,0,2.218101,2469.680383
0.715148,5488,3040352,0,0,2.219328,2472.820152
0.715148,5498,3045892,0,0,2.220078,2476.489308
0.715148,5508,3051432,0,0,2.223829,2476.808843
0.715148,5518,3056972,0,0,2.227832,2476.847359
0.715148,5528,3062512,0,0,2.228543,2480.54415
0.715148,5538,3068052,0,0,2.228558,2485.015435
0.715148,5548,3073592,0,0,2.22857,2489.48826
0.715148,5558,3079132,0,0,2.237571,2483.944054
0.715148,5568,3084672,0,0,2.237699,2488.270812
0.715148,5578,3090212,0,0,2.238302,2492.067391
0.715148,5588,3095752,0,0,2.238315,2496.521235
0.715148,5598,3101292,0,0,2.238327,2500.975029
0.715148,5610,3107940,0,0,2.254991,2487.815273
0.715148,5620,3113480,0,0,2.255601,2491.575758
0.715148,5630,3119020,0,0,2.256282,2495.255896
0.715148,5640,3124560,0,0,2.256825,2499.08561
0.715148,5650,3130100,0,0,2.257841,2502.390436
0.715148,5660,3135640,0,0,2.258027,2506.613518
0.715148,5670,3141180,0,0,2.258989,2509.97254
0.715148,5680,3146720,0,0,2.25963,2513.685908
0.715148,5690,3152260,0,0,2.260202,2517.474179
0.715148,5700,3157800,0,0,2.373993,2401.017872
0.715148,5710,3163340,0,0,2.374006,2405.216898
0.715148,5720,3168880,0,0,2.374019,2409.41612
0.715148,5730,3174420,0,0,2.39877,2388.724365
0.715148,5740,3179960,0,0,2.39914,2392.523869
0.715148,5750,3185500,0,0,2.399857,2395.976049
0.715148,5760,3191040,0,0,2.39987,2400.12985
0.715148,5770,3196580,0,0,2.399883,2404.283605
0.715148,5780,3202120,0,0,2.404129,2404.196846
0.715148,5790,3207660,0,0,2.404358,2408.127093
0.715148,5800,3213200,0,0,2.405036,2411.605862
0.715148,5810,3218740,0,0,2.40505,2415.750392
0.715148,5820,3224280,0,0,2.405173,2419.784533
0.715148,5830,3229820,0,0,2.405815,2423.295339
0.715148,5840,3235360,0,0,2.405828,2427.438944
0.715148,5850,3240900,0,0,2.41111,2426.268715
0.715148,5860,3246440,0,0,2.411562,2429.960607
0.715148,5870,3251980,0,0,2.411584,2434.084436
0.715148,5880,3257520,0,0,2.412224,2437.584755
0.715148,5890,3263060,0,0,2.412799,2441.148588
0.715148,5900,3268600,0,0,2.414445,2443.625356
0.715148,5910,3274140,0,0,2.414937,2447.269033
0.715148,5920,3279680,0,0,2.415721,2450.614426
0.715148,5930,3285220,0,0,2.416701,2453.758648
0.715148,5940,3290760,0,0,2.417421,2457.164441
0.715148,5950,3296300,0,0,2.418696,2460.003316
0.715148,5960,3301840,0,0,2.423473,2459.280181
0.715148,5970,3307380,0,0,2.423855,2463.018554
0.715148,5980,3312920,0,0,2.426816,2464.133847
0.715148,5990,3318460,0,0,2.500415,2395.602247
0.715148,6000,3324000,0,0,2.501092,2398.951721
0.715148,6010,3329540,0,0,2.501263,2402.786205
0.715148,6020,3335080,0,0,2.502149,2405.932218
0.715148,6030,3340620,0,0,2.502929,2409.177205
0.715148,6040,3346160,0,0,2.503803,2412.330808
0.715148,6050,3351700,0,0,2.504945,2415.222421
0.715148,6060,3357240,0,0,2.505414,2418.76192
0.715148,6070,3362780,0,0,2.507783,2420.464671
0.715148,6080,3368320,0,0,2.508862,2423.40948
0.715148,6090,3373860,0,0,2.510008,2426.287455
0.715148,6100,3379400,0,0,2.511075,2429.238454
0.715148,6110,3384940,0,0,2.511672,2432.64269
0.715148,6120,3390480,0,0,2.512759,2435.569855
0.715148,6130,3396020,0,0,2.513526,2438.804662
0.715148,6140,3401560,0,0,2.514479,2441.857581
0.715148,6150,3407100,0,0,2.515488,2444.853731
0.715148,6160,3412640,0,0,2.516074,2448.258964
0.715148,6170,3418180,0,0,2.516914,2451.414583
0.715148,6180,3423720,0,0,2.517735,2454.586922
0.715148,6190,3429260,0,0,2.524736,2451.741328
0.715148,6200,3434800,0,0,2.612331,2373.358917
0.715148,6210,3440340,0,0,2.612345,2377.174766
0.715148,6220,3445880,0,0,2.612358,2380.990793
0.715148,6230,3451420,0,0,2.613006,2384.227321
0.715148,6240,3456960,0,0,2.613708,2387.412807
0.715148,6250,3462500,0,0,2.616436,2388.745385
0.715148,6260,3468040,0,0,2.617571,2391.530493
0.715148,6270,3473580,0,0,2.618947,2394.09195
0.715148,6280,3479120,0,0,2.620063,2396.889087
0.715148,6290,3484660,0,0,2.62116,2399.70065
0.715148,6300,3490200,0,0,2.622502,2402.28598
0.715148,6310,3495740,0,0,2.623391,2405.283709
0.715148,6320,3501280,0,0,2.624951,2407.663658
0.715148,6330,3506820,0,0,2.62606,2410.455636
0.715148,6340,3512360,0,0,2.627157,2413.254895
0.715148,6350,3517900,0,0,2.628487,2415.838145
0.715148,6360,3523440,0,0,2.629728,2418.501004
0.715148,6370,3528980,0,0,2.6308,2421.316482
0.715148,6380,3534520,0,0,2.631906,2424.099142
0.715148,6390,3540060,0,0,2.633017,2426.873752
0.715148,6400,3545600,0,0,2.635999,2427.921607
0.715148,6410,3551140,0,0,2.636649,2431.116041
0.715148,6420,3556680,0,0,2.637756,2433.887105
0.715148,6430,3562220,0,0,2.638539,2436.954844
0.852168,6440,3567760,0,0,2.639411,2439.937889
0.852168,6450,3573300,0,0,2.640559,2442.664641
0.852168,6460,3578840,0,0,2.641077,2445.972255
0.852168,6470,3584380,0,0,2.641849,2449.042723
0.852168,6480,3589920,0,0,2.702946,2397.384445
0.852168,6490,3595460,0,0,2.702959,2401.072252
0.852168,6500,3601000,0,0,2.703616,2404.187662
0.852168,6510,3606540,0,0,2.703629,2407.874946
0.852168,6520,3612080,0,0,2.707881,2407.786352
0.852168,6530,3617620,0,0,2.708766,2410.691396
0.852168,6540,3623160,0,0,2.713372,2410.285281
0.852168,6550,3628700,0,0,2.714509,2412.959812
0.852168,6560,3634240,0,0,2.71503,2416.179816
0.852168,6570,3639780,0,0,2.715861,2419.12226
0.852168,6580,3645320,0,0,2.716687,2422.067581
0.852168,6590,3650860,0,0,2.71752,2425.00494
0.852168,6600,3656400,0,0,2.733845,2414.182017
0.852168,6610,3661940,0,0,2.73441,2417.340655
0.852168,6620,3667480,0,0,2.735247,2420.257047
0.852168,6630,3673020,0,0,2.736067,2423.186013
0.852168,6640,3678560,0,0,2.7369,2426.102655
0.852168,6650,3684100,0,0,2.737999,2428.781263
0.852168,6660,3689640,0,0,2.739481,2431.117452
0.852168,6670,3695180,0,0,2.741319,2433.134919
0.852168,6680,3700720,0,0,2.742148,2436.046555
0.852168,6690,3706260,0,0,2.742698,2439.203853
0.852168,6700,3711800,0,0,2.743647,2442.004812
0.852168,6710,3717340,0,0,2.744053,2445.287722
0.852168,6720,3722880,0,0,2.744607,2448.437786
0.852168,6730,3728420,0,0,2.745322,2451.443077
0.852168,6740,3733960,0,0,2.748523,2452.225949
0.852168,6750,3739500,0,0,2.749365,2455.112068
0.852168,6760,3745040,0,0,2.749565,2458.570821
0.852168,6770,3750580,0,0,2.750093,2461.734732
0.852168,6780,3756120,0,0,2.846266,2382.06807
0.852168,6790,3761660,0,0,2.846279,2385.570454
0.852168,6800,3767200,0,0,2.846965,2388.508802
0.852168,6810,3772740,0,0,2.85333,2386.685117
0.852168,6820,3778280,0,0,2.853384,2390.144459
0.852168,6830,3783820,0,0,2.856428,2391.09813
0.852168,6840,3789360,0,0,2.857178,2393.970777
0.852168,6850,3794900,0,0,2.857939,2396.832119
0.852168,6860,3800440,0,0,2.857955,2400.317527
0.852168,6871,3806534,0,0,2.858919,2403.356234
0.852168,6881,3812074,0,0,2.85959,2406.289169
0.852168,6891,3817614,0,0,2.861489,2408.186738
0.852168,6901,3823154,0,0,2.862406,2410.908651
0.852168,6911,3828694,0,0,2.862818,2414.054759
0.852168,6921,3834234,0,0,2.863487,2416.983205
0.852168,6931,3839774,0,0,2.864395,2419.708459
0.852168,6941,3845314,0,0,2.865066,2422.631555
0.852168,6951,3850854,0,0,2.865979,2425.349281
0.852168,6961,3856394,0,0,2.866348,2428.525954
0.852168,6971,3861934,0,0,2.867012,2431.451261
0.852168,6981,3867474,0,0,2.867672,2434.379058
0.852168,6991,3873014,0,0,2.868785,2436.920241
0.852168,7001,3878554,0,0,2.869783,2439.556935
0.852168,7011,3884094,0,0,2.870104,2442.768561
0.852168,7030,3894620,0,0,2.973457,2364.251364
0.852168,7037,3898498,0,0,2.974109,2366.087026
0.852168,7047,3904038,0,0,2.974512,2369.127843
0.852168,7057,3909578,0,0,2.975569,2371.64723
0.852168,7067,3915118,0,0,2.97618,2374.520107
0.852168,7077,3920658,0,0,2.977345,2376.949751
0.852168,7087,3926198,0,0,2.978173,2379.646646
0.852168,7097,3931738,0,0,2.978951,2382.381891
0.852168,7107,3937278,0,0,2.980056,2384.854284
0.852168,7117,3942818,0,0,2.982021,2386.636371
0.852168,7127,3948358,0,0,2.982842,2389.331887
0.852168,7137,3953898,0,0,2.983673,2392.018083
0.852168,7147,3959438,0,0,2.984826,2394.444554
0.852168,7157,3964978,0,0,2.985819,2396.997191
0.852168,7167,3970518,0,0,2.986491,2399.806548
0.852168,7177,3976058,0,0,2.987322,2402.485974
0.852168,7187,3981598,0,0,2.988153,2405.164677
0.852168,7197,3987138,0,0,2.988927,2407.887219
0.852168,7207,3992678,0,0,2.990028,2410.34559
0.852168,7217,3998218,0,0,2.990911,2412.976793
0.852168,7227,4003758,0,0,2.99169,2415.69153
0.852168,7237,4009298,0,0,2.992522,2418.361501
0.852168,7247,4014838,0,0,2.994696,2419.944824
0.852168,7257,4020378,0,0,2.995846,2422.354319
0.852168,7267,4025918,0,0,2.996666,2425.028578
0.852168,7277,4031458,0,0,2.99745,2427.730146
0.852168,7287,4036998,0,0,2.998266,2430.404789
0.852168,7297,4042538,0,0,2.999153,2433.020532
0.922734,7307,4048078,0,0,3.098609,2358.154742
0.922734,7317,4053618,0,0,3.098623,2361.371822
0.922734,7327,4059158,0,0,3.098635,2364.589601
0.922734,7337,4064698,0,0,3.099253,2367.344876
0.922734,7347,4070238,0,0,3.099485,2370.394034
0.922734,7357,4075778,0,0,3.101175,2372.32693
0.922734,7365,4080210,0,0,3.102705,2373.73481
0.922734,7375,4085750,0,0,3.103408,2376.419837
0.922734,7385,4091290,0,0,3.104016,2379.176013
0.922734,7395,4096830,0,0,3.104666,2381.898916
0.922734,7405,4102370,0,0,3.105628,2384.380862
0.922734,7415,4107910,0,0,3.105986,2387.325544
0.922734,7425,4113450,0,0,3.10888,2388.319693
0.922734,7435,4118990,0,0,3.109551,2391.020476
0.922734,7445,4124530,0,0,3.110213,2393.726884
0.922734,7455,4130070,0,0,3.111175,2396.200562
0.922734,7465,4135610,0,0,3.111544,2399.13073
0.922734,7475,4141150,0,0,3.112208,2401.831839
0.922734,7485,4146690,0,0,3.112872,2404.532165
0.922734,7495,4152230,0,0,3.114867,2406.202093
0.922734,7505,4157770,0,0,3.115745,2408.733838
0.922734,7515,4163310,0,0,3.116182,2411.604717
0.930359,7525,4168850,0,0,3.117059,2414.134242
0.930359,7535,4174390,0,0,3.117729,2416.823496
0.930359,7545,4179930,0,0,3.118395,2419.514
0.930359,7555,4185470,0,0,3.119365,2421.967494
0.930359,7565,4191010,0,0,3.119728,2424.89119
0.930359,7575,4196550,0,0,3.120383,2427.586409
0.930359,7585,4202090,0,0,3.121054,2430.268429
0.930359,7595,4207630,0,0,3.122058,2432.690484
0.915157,7605,4213170,0,0,3.219252,2362.349756
0.915157,7615,4218710,0,0,3.219267,2365.445557
0.915157,7625,4224250,0,0,3.219281,2368.541329
0.915157,7635,4229790,0,0,3.219904,2371.188922
0.915157,7645,4235330,0,0,3.22011,2374.142191
0.915157,7655,4240870,0,0,3.221086,2376.527825
0.915157,7665,4246410,0,0,3.221429,2379.37876
0.915157,7675,4251950,0,0,3.222391,2381.771525
0.915157,7685,4257490,0,0,3.223055,2384.383668
0.915157,7695,4263030,0,0,3.223715,2386.997913
0.915157,7705,4268570,0,0,3.2246,2389.443418
0.915157,7715,4274110,0,0,3.225043,2392.216122
0.915157,7725,4279650,0,0,3.225709,2394.822022
0.915157,7735,4285190,0,0,3.226594,2397.264753
0.915157,7745,4290730,0,0,3.227255,2399.872081
0.915157,7755,4296270,0,0,3.229515,2401.289479
0.915157,7765,4301810,0,0,3.229815,2404.162108
0.915157,7775,4307350,0,0,3.230802,2406.523344
0.915157,7784,4312336,0,0,3.231454,2408.822855
0.915157,7794,4317876,0,0,3.232101,2411.434749
0.915157,7804,4323416,0,0,3.233031,2413.834284
0.915157,7814,4328956,0,0,3.233392,2416.65736
0.915157,7824,4334496,0,0,3.236325,2417.556754
0.915157,7834,4340036,0,0,3.23697,2420.164576
0.915157,7844,4345576,0,0,3.237621,2422.766898
0.915157,7854,4351116,0,0,3.238531,2425.173373
0.915157,7864,4356656,0,0,3.238965,2427.936416
0.915157,7874,4362196,0,0,3.239577,2430.564554
0.915157,7883,4367182,0,0,3.34778,2354.694593
0.915157,7893,4372722,0,0,3.347793,2357.672916
0.915157,7903,4378262,0,0,3.348416,2360.220747
0.915157,7913,4383802,0,0,3.348428,2363.198316
0.915157,7923,4389342,0,0,3.349034,2365.756931
0.915157,7933,4394882,0,0,3.350058,2368.018647
0.915157,7943,4400422,0,0,3.35007,2370.995064
0.915157,7953,4405962,0,0,3.350852,2373.426381
0.915157,7963,4411502,0,0,3.351297,2376.095056
0.915157,7973,4417042,0,0,3.351963,2378.606177
0.915157,7983,4422582,0,0,3.35262,2381.122565
0.915157,7993,4428122,0,0,3.354328,2382.891485
0.915157,8003,4433662,0,0,3.355565,2384.993067
0.915157,8013,4439202,0,0,3.356389,2387.387466
0.915157,8023,4444742,0,0,3.356948,2389.968409
0.915157,8033,4450282,0,0,3.357609,2392.476119
0.915157,8043,4455822,0,0,3.35828,2394.9757
0.915157,8053,4461362,0,0,3.359167,2397.320796
0.915157,8063,4466902,0,0,3.359604,2399.98498
0.915157,8073,4472442,0,0,3.363309,2400.314587
0.915157,8083,4477982,0,0,3.363976,2402.811434
0.915157,8093,4483522,0,0,3.364643,2405.30695
0.915157,8103,4489062,0,0,3.365531,2407.643698
0.915157,8113,4494602,0,0,3.365967,2410.302698
0.915157,8123,4500142,0,0,3.367805,2411.956746
0.915157,8133,4505682,0,0,3.368651,2414.31928
0.915157,8143,4511222,0,0,3.369678,2416.55153
0.915157,8153,4516762,0,0,3.462206,2354.856743
0.915157,8163,4522302,0,0,3.462219,2357.736631
0.915157,8173,4527842,0,0,3.462231,2360.6165
0.915157,8183,4533382,0,0,3.462836,2363.091967
0.915157,8193,4538922,0,0,3.465914,2363.878449
0.915157,8203,4544462,0,0,3.466794,2366.162754
0.915157,8213,4550002,0,0,3.467237,2368.744588
0.915157,8223,4555542,0,0,3.467907,2371.170723
0.915157,8233,4561082,0,0,3.468566,2373.6031
0.915157,8243,4566622,0,0,3.469231,2376.031123
0.915157,8253,4572162,0,0,3.470514,2378.033876
0.915157,8263,4577702,0,0,3.470817,2380.707584
0.915129,8273,4583242,0,0,3.471483,2383.131037
0.915129,8283,4588782,0,0,3.472152,2385.552085
0.915129,8293,4594322,0,0,3.474764,2386.637158
0.915129,8303,4599862,0,0,3.475632,2388.917913
0.915129,8313,4605402,0,0,3.476322,2391.320526
0.915129,8323,4610942,0,0,3.476958,2393.759117
0.915129,8333,4616482,0,0,3.477889,2395.993948
0.915129,8343,4622022,0,0,3.478613,2398.369764
0.915129,8353,4627562,0,0,3.479588,2400.571376
0.915129,8363,4633102,0,0,3.479876,2403.246689
0.915129,8373,4638642,0,0,3.480617,2405.607774
0.915129,8383,4644182,0,0,3.481268,2408.030356
0.915129,8393,4649722,0,0,3.482206,2410.253656
0.915129,8403,4655262,0,0,3.483097,2412.508291
0.915129,8413,4660802,0,0,3.48352,2415.086034
0.915129,8423,4666342,0,0,3.484188,2417.492916
0.915129,8433,4671882,0,0,3.48486,2419.896225
0.915129,8443,4677422,0,0,3.485474,2422.339369
0.915129,8453,4682962,0,0,3.585048,2357.848199
0.915129,8463,4688502,0,0,3.585061,2360.629241
0.915129,8473,4694042,0,0,3.585073,2363.410421
0.915129,8483,4699582,0,0,3.585699,2365.786924
0.915129,8493,4705122,0,0,3.585993,2368.381611
0.915129,8503,4710662,0,0,3.587683,2370.053343
0.915129,8513,4716202,0,0,3.588899,2372.036729
0.915129,8523,4721742,0,0,3.588963,2374.780503
0.915129,8533,4727282,0,0,3.590181,2376.76016
0.915129,8543,4732822,0,0,3.591367,2378.759634
0.915129,8553,4738362,0,0,3.592695,2380.664099
0.915129,8563,4743902,0,0,3.592707,2383.439458
0.915129,8573,4749442,0,0,3.593334,2385.806634
0.915129,8583,4754982,0,0,3.593988,2388.154607
0.915129,8593,4760522,0,0,3.594782,2390.409134
0.915129,8603,4766062,0,0,3.595557,2392.674882
0.915129,8613,4771602,0,0,3.59623,2395.008244
0.915129,8623,4777142,0,0,3.597032,2397.254452
0.915129,8633,4782682,0,0,3.597634,2399.632596
0.915129,8643,4788222,0,0,3.598176,2402.050211
0.915129,8653,4793762,0,0,3.599148,2404.180077
0.915129,8663,4799302,0,0,3.599506,2406.71921
0.915129,8672,4804288,0,0,3.601646,2407.787712
0.915129,8682,4809828,0,0,3.602322,2410.112236
0.915129,8692,4815368,0,0,3.602985,2412.44387
0.915129,8702,4820908,0,0,3.604905,2413.933312
0.915129,8712,4826448,0,0,3.605265,2416.465824
0.915129,8722,4831988,0,0,3.605915,2418.803502
0.915129,8732,4837528,0,0,3.606598,2421.118091
0.915129,8742,4843068,0,0,3.607266,2423.441733
0.909816,8752,4848608,0,0,3.69807,2366.639712
0.909816,8762,4854148,0,0,3.698082,2369.336034
0.909816,8772,4859688,0,0,3.698095,2372.032033
0.909816,8782,4865228,0,0,3.699225,2374.010499
0.909816,8792,4870768,0,0,3.699255,2376.69508
0.909816,8802,4876308,0,0,3.699941,2378.956905
0.909816,8812,4881848,0,0,3.699954,2381.651517
0.909816,8822,4887388,0,0,3.699966,2384.346111
0.909816,8832,4892928,0,0,3.701349,2386.157188
0.909816,8842,4898468,0,0,3.702056,2388.402751
0.909816,8852,4904008,0,0,3.70828,2387.090762
0.900862,8862,4909548,0,0,3.710754,2388.193781
0.900862,8872,4915088,0,0,3.710792,2390.864073
0.900862,8882,4920628,0,0,3.711459,2393.12916
0.900862,8892,4926168,0,0,3.711473,2395.813976
0.900862,8902,4931708,0,0,3.712117,2398.092237
0.900862,8912,4937248,0,0,3.713674,2399.780105
0.900862,8922,4942788,0,0,3.722909,2396.512759
0.900862,8932,4948328,0,0,3.723553,2398.784209
0.900862,8942,4953868,0,0,3.723567,2401.461052
0.900862,8952,4959408,0,0,3.724212,2403.730169
0.900862,8968,4968272,0,0,3.727569,2405.857631
0.900862,8974,4971596,0,0,3.727582,2407.458637
0.900862,8984,4977136,0,0,3.728224,2409.726275
0.900862,9011,4992094,0,0,3.822101,2357.604064
0.900862,9018,4995972,0,0,3.822746,2359.037465
0.900862,9028,5001512,0,0,3.825476,2359.967501
0.900862,9038,5007052,0,0,3.826436,2361.989041
0.900862,9048,5012592,0,0,3.827304,2364.066411
0.900862,9058,5018132,0,0,3.82797,2366.267368
0.900862,9068,5023672,0,0,3.829064,2368.202549
0.900862,9078,5029212,0,0,3.829332,2370.648683
0.900862,9088,5034752,0,0,3.830405,2372.594772
0.900862,9098,5040292,0,0,3.831004,2374.834289
0.900862,9108,5045832,0,0,3.831603,2377.072811
0.900862,9118,5051372,0,0,3.832581,2379.075588
0.900862,9128,5056912,0,0,3.832938,2381.462724
0.900862,9138,5062452,0,0,3.833598,2383.661722
0.900862,9148,5067992,0,0,3.834567,2385.666969
0.900862,9158,5073532,0,0,3.836159,2387.284041
0.900862,9168,5079072,0,0,3.837323,2389.165454
0.900862,9178,5084612,0,0,3.83798,2391.362251
0.900862,9188,5090152,0,0,3.838674,2393.535105
0.900862,9198,5095692,0,0,3.839302,2395.748087
0.900862,9208,5101232,0,0,3.839971,2397.934884
0.900862,9218,5106772,0,0,3.841208,2399.765621
0.900862,9228,5112312,0,0,3.841526,2402.170666
0.900862,9238,5117852,0,0,3.842202,2404.350156
0.900862,9248,5123392,0,0,3.842856,2406.543212
0.900862,9258,5128932,0,0,3.843519,2408.729993
0.900862,9268,5134472,0,0,3.906515,2372.446835
0.900862,9278,5140012,0,0,3.906528,2374.998689
0.900862,9288,5145552,0,0,3.906541,2377.550961
0.900862,9298,5151092,0,0,3.907162,2379.732138
0.900862,9308,5156632,0,0,3.907585,2382.034119
0.900862,9318,5162172,0,0,3.909309,2383.541639
0.900862,9328,5167712,0,0,3.910014,2385.668969
0.900862,9338,5173252,0,0,3.910306,2388.048709
0.900862,9348,5178792,0,0,3.911027,2390.165066
0.900862,9358,5184332,0,0,3.911758,2392.274957
0.900862,9368,5189872,0,0,3.912602,2394.314608
0.900862,9378,5195412,0,0,3.913275,2396.458207
0.900862,9388,5200952,0,0,3.914388,2398.331525
0.900862,9398,5206492,0,0,3.915176,2400.402705
0.900862,9408,5212032,0,0,3.915338,2402.85766
0.900862,9418,5217572,0,0,3.916128,2404.926255
0.900862,9428,5223112,0,0,3.916969,2406.963395
0.900862,9438,5228652,0,0,4.024997,2344.846193
0.900862,9448,5234192,0,0,4.02561,2346.973242
0.900862,9458,5239732,0,0,4.025623,2349.45024
0.900862,9468,5245272,0,0,4.026084,2351.664686
0.900862,9478,5250812,0,0,4.026756,2353.755839
0.900862,9488,5256352,0,0,4.027413,2355.854942
0.900862,9498,5261892,0,0,4.031711,2355.823839
0.900862,9508,5267432,0,0,4.032357,2357.926299
0.900862,9518,5272972,0,0,4.033016,2360.020551
0.900862,9528,5278512,0,0,4.033687,2362.106998
0.900862,9538,5284052,0,0,4.034346,2364.199877
0.900862,9548,5289592,0,0,4.035235,2366.156876
0.900862,9558,5295132,0,0,4.03568,2368.37435
0.900862,9568,5300672,0,0,4.037607,2369.720647
0.900862,9578,5306212,0,0,4.038476,2371.687031
0.900862,9588,5311752,0,0,4.039389,2373.62637
0.900862,9598,5317292,0,0,4.040346,2375.539179
0.900862,9608,5322832,0,0,4.040714,2377.797853
0.900862,9618,5328372,0,0,4.041383,2379.878638
0.900862,9628,5333912,0,0,4.042418,2381.742807
0.900862,9638,5339452,0,0,4.043027,2383.857627
0.900862,9648,5344992,0,0,4.044028,2385.740414
0.900862,9658,5350532,0,0,4.044352,2388.021584
0.900862,9668,5356072,0,0,4.045021,2390.098665
0.900862,9678,5361612,0,0,4.045724,2392.155323
0.900862,9688,5367152,0,0,4.04638,2394.238635
0.900862,9698,5372692,0,0,4.150645,2336.504182
0.900862,9708,5378232,0,0,4.150659,2338.90552
0.900862,9718,5383772,0,0,4.150672,2341.307379
0.900862,9728,5389312,0,0,4.151296,2343.364365
0.900862,9738,5394852,0,0,4.15189,2345.437973
0.900862,9748,5400392,0,0,4.15278,2347.343194
0.900862,9758,5405932,0,0,4.154387,2348.842591
0.900862,9768,5411472,0,0,4.155056,2350.871113
0.900862,9778,5417012,0,0,4.157636,2351.817141
0.900862,9788,5422552,0,0,4.158294,2353.849941
0.900862,9798,5428092,0,0,4.159186,2355.749213
0.900862,9808,5433632,0,0,4.15963,2357.902126
0.900862,9818,5439172,0,0,4.160287,2359.933261
0.900862,9828,5444712,0,0,4.16096,2361.954686
0.900862,9838,5450252,0,0,4.165368,2361.856368
0.900862,9848,5455792,0,0,4.166256,2363.752864
0.900862,9858,5461332,0,0,4.166699,2365.901814
0.900862,9868,5466872,0,0,4.167363,2367.924178
0.900862,9878,5472412,0,0,4.168022,2369.94915
0.900862,9888,5477952,0,0,4.170324,2371.038747
0.900862,9898,5483492,0,0,4.171209,2372.932932
0.900862,9908,5489032,0,0,4.171871,2374.953754
0.900862,9918,5494572,0,0,4.172538,2376.970675
0.900862,9928,5500112,0,0,4.173199,2378.990077
0.900862,9938,5505652,0,0,4.173864,2381.006935
0.900862,9948,5511192,0,0,4.17611,2382.12128
0.900862,9958,5516732,0,0,4.176539,2384.270836
0.900862,9968,5522272,0,0,4.177205,2386.284832
0.900862,9978,5527812,0,0,4.177864,2388.301731
0.900862,9988,5533352,0,0,4.178526,2390.316356
0.900862,9998,5538892,0,0,4.260651,2346.589959
0.900862,10008,5544432,0,0,4.260664,2348.929789
0.900862,10018,5549972,0,0,4.260677,2351.269737
0.900862,10028,5555512,0,0,4.261296,2353.274797
0.900862,10038,5561052,0,0,4.261551,2355.480224
0.900862,10048,5566592,0,0,4.262507,2357.298335
0.900862,10058,5572132,0,0,4.262874,2359.44087
0.900862,10068,5577672,0,0,4.263539,2361.418621
0.900862,10078,5583212,0,0,4.267301,2361.680089
0.900862,10088,5588752,0,0,4.269233,2362.953595
0.900862,10098,5594292,0,0,4.270107,2364.812183
0.900862,10108,5599832,0,0,4.270786,2366.777292
0.900862,10118,5605372,0,0,4.271443,2368.754337
0.900862,10128,5610912,0,0,4.272112,2370.724158
0.900862,10138,5616452,0,0,4.272781,2372.693495
0.900862,10148,5621992,0,0,4.273735,2374.503907
0.900862,10158,5627532,0,0,4.274449,2376.44672
0.900862,10168,5633072,0,0,4.275307,2378.308507
0.900862,10178,5638612,0,0,4.276322,2380.082627
0.900862,10188,5644152,0,0,4.276484,2382.330898
0.900862,10198,5649692,0,0,4.277702,2383.990231
0.900862,10208,5655232,0,0,4.27778,2386.284576
0.900862,10218,5660772,0,0,4.278772,2388.068421
0.900862,10228,5666312,0,0,4.279752,2389.858095
0.900862,10238,5671852,0,0,4.281368,2391.291479
0.900862,10248,5677392,0,0,4.284785,2391.718453
0.900862,10258,5682932,0,0,4.285417,2393.699598
0.900862,10268,5688472,0,0,4.286081,2395.661902
0.900862,10278,5694012,0,0,4.375779,2348.838962
0.900862,10288,5699552,0,0,4.375792,2351.117095
0.900862,10298,5705092,0,0,4.376529,2353.006113
0.900862,10308,5710632,0,0,4.376586,2355.26062
0.900862,10318,5716172,0,0,4.377259,2357.183005
0.900862,10328,5721712,0,0,4.378074,2359.028231
0.900862,10338,5727252,0,0,4.378549,2361.056215
0.900862,10348,5732792,0,0,4.379632,2362.755594
0.900862,10358,5738332,0,0,4.380131,2364.76971
0.900862,10368,5743872,0,0,4.38078,2366.701573
0.900862,10378,5749412,0,0,4.381686,2368.494442
0.900862,10388,5754952,0,0,4.382118,2370.543201
0.900862,10398,5760492,0,0,4.383357,2372.154596
0.900862,10408,5766032,0,0,4.38344,2374.391138
0.900862,10418,5771572,0,0,4.387188,2374.641563
0.900862,10428,5777112,0,0,4.388012,2376.474721
0.900862,10438,5782652,0,0,4.389761,2377.805747
0.900862,10448,5788192,0,0,4.390766,2379.539423
0.900862,10458,5793732,0,0,4.391374,2381.486789
0.900862,10468,5799272,0,0,4.392023,2383.412138
0.900862,10478,5804812,0,0,4.392924,2385.199691
0.900862,10488,5810352,0,0,4.393708,2387.049591
0.900862,10498,5815892,0,0,4.394863,2388.697696
0.900862,10508,5821432,0,0,4.395033,2390.880601
0.900862,10518,5826972,0,0,4.395703,2392.791411
0.900862,10528,5832512,0,0,4.396532,2394.614892
0.900862,10538,5838052,0,0,4.397032,2396.616745
0.900862,10548,5843592,0,0,4.398029,2398.347159
0.900862,10558,5849132,0,0,4.398654,2400.279601
0.900862,10568,5854672,0,0,4.399317,2402.190923
0.900862,10578,5860212,0,0,4.497311,2352.071975
0.900862,10588,5865752,0,0,4.497324,2354.288787
0.900862,10598,5871292,0,0,4.498116,2356.097397
0.900862,10608,5876832,0,0,4.498129,2358.313925
0.900862,10618,5882372,0,0,4.498542,2360.320387
0.900862,10628,5887912,0,0,4.499451,2362.06574
0.900862,10638,5893452,0,0,4.499833,2364.087928
0.900862,10648,5898992,0,0,4.501032,2365.679758
0.900862,10658,5904532,0,0,4.501482,2367.664438
0.900862,10668,5910072,0,0,4.50215,2369.534525
0.900862,10678,5915612,0,0,4.503177,2371.214598
0.900862,10688,5921152,0,0,4.503517,2373.2562
0.900862,10698,5926692,0,0,4.504448,2374.985699
0.900862,10708,5932232,0,0,4.506247,2376.257012
0.900862,10718,5937772,0,0,4.506906,2378.128252
0.900862,10728,5943312,0,0,4.507794,2379.877976
0.900862,10738,5948852,0,0,4.508454,2381.747668
0.900862,10748,5954392,0,0,4.509429,2383.450333
0.900862,10758,5959932,0,0,4.509782,2385.481121
0.900862,10768,5965472,0,0,4.510784,2387.16822
0.900862,10778,5971012,0,0,4.512186,2388.64264
0.900862,10788,5976552,0,0,4.512222,2390.839785
0.900862,10798,5982092,0,0,4.513587,2392.332055
0.900862,10808,5987632,0,0,4.513638,2394.520773
0.900862,10818,5993172,0,0,4.514045,2396.520194
0.900862,10828,5998712,0,0,4.514985,2398.235924
0.900862,10838,6004252,0,0,4.516667,2399.556824
0.900862,10848,6009792,0,0,4.517825,2401.155356
0.900862,10858,6015332,0,0,4.518143,2403.199754
0.900862,10868,6020872,0,0,4.518822,2405.051733
0.900862,10878,6026412,0,0,4.621626,2353.717241
0.900862,10888,6031952,0,0,4.621645,2355.871259
0.900862,10898,6037492,0,0,4.622333,2357.684097
0.900862,10908,6043032,0,0,4.6234,2359.30257
0.900862,10918,6048572,0,0,4.624049,2361.134175
0.900862,10928,6054112,0,0,4.624969,2362.826523
0.900862,10938,6059652,0,0,4.625635,2364.648116
0.900862,10948,6065192,0,0,4.62671,2366.260412
0.900862,10958,6070732,0,0,4.626923,2368.31267
0.900862,10968,6076272,0,0,4.627586,2370.134414
0.900862,10978,6081812,0,0,4.628516,2371.818426
0.900862,10988,6087352,0,0,4.629189,2373.634028
0.900862,10998,6092892,0,0,4.630432,2375.156535
0.900862,11008,6098432,0,0,4.630525,2377.268424
0.900862,11018,6103972,0,0,4.631175,2379.09396
0.900862,11028,6109512,0,0,4.632055,2380.800601
0.900862,11038,6115052,0,0,4.632846,2382.55294
0.900862,11048,6120592,0,0,4.633928,2384.154528
0.900862,11058,6126132,0,0,4.63534,2385.585536
0.900862,11068,6131672,0,0,4.636002,2387.401871
0.900862,11078,6137212,0,0,4.637645,2388.712617
0.900862,11088,6142752,0,0,4.638298,2390.531904
0.900862,11098,6148292,0,0,4.639462,2392.08746
0.900862,11108,6153832,0,0,4.639635,2394.153929
0.900862,11118,6159372,0,0,4.640291,2395.970315
0.900862,11128,6164912,0,0,4.641165,2397.673851
0.900862,11138,6170452,0,0,4.643862,2398.4345
0.900862,11148,6175992,0,0,4.746144,2348.854352
0.900862,11158,6181532,0,0,4.746156,2350.955302
0.900862,11168,6187072,0,0,4.746168,2353.056361
0.900862,11178,6192612,0,0,4.747028,2354.736305
0.900862,11188,6198152,0,0,4.74705,2356.832115
0.900862,11198,6203692,0,0,4.748339,2358.298256
0.900862,11208,6209232,0,0,4.748394,2360.376997
0.900862,11218,6214772,0,0,4.749055,2362.1542
0.900862,11228,6220312,0,0,4.750046,2363.766812
0.900862,11238,6225852,0,0,4.750719,2365.536753
0.900862,11248,6231392,0,0,4.751866,2367.070183
0.900862,11258,6236932,0,0,4.752051,2369.082142
0.900862,11268,6242472,0,0,4.752724,2370.850702
0.900862,11278,6248012,0,0,4.753602,2372.516659
0.900862,11288,6253552,0,0,4.754278,2374.282845
0.900862,11298,6259092,0,0,4.756878,2375.087121
0.900862,11308,6264632,0,0,4.756894,2377.181595
0.900862,11318,6270172,0,0,4.757679,2378.89082
0.900862,11328,6275712,0,0,4.758729,2380.467329
0.900862,11338,6281252,0,0,4.758992,2382.43743
0.900862,11348,6286792,0,0,4.760379,2383.843889
0.900862,11358,6292332,0,0,4.760753,2385.756966
0.900862,11368,6297872,0,0,4.761321,2387.572778
0.900862,11378,6303412,0,0,4.762287,2389.188389
0.900862,11388,6308952,0,0,4.762636,2391.112608
0.900862,11398,6314492,0,0,4.7639,2392.577729
0.900862,11408,6320032,0,0,4.763968,2394.642214
0.90645,11418,6325572,0,0,4.764678,2396.384273
0.90645,11428,6331112,0,0,4.863005,2349.987455
0.90645,11438,6336652,0,0,4.863024,2352.034456
0.90645,11444,6339976,0,0,4.863805,2352.890585
0.90645,11453,6344962,0,0,4.863817,2354.734986
0.90645,11463,6350502,0,0,4.8642,2356.605462
0.90645,11473,6356042,0,0,4.865146,2358.202764
0.90645,11483,6361582,0,0,4.865519,2360.076968
0.90645,11493,6367122,0,0,4.866668,2361.574471
0.90645,11504,6373216,0,0,4.867809,2363.280981
0.90645,11514,6378756,0,0,4.869444,2364.541055
0.90645,11524,6384296,0,0,4.869466,2366.583901
0.90645,11534,6389836,0,0,4.87015,2368.305066
0.90645,11544,6395376,0,0,4.871064,2369.913573
0.90645,11554,6400916,0,0,4.871536,2371.736429
0.90645,11564,6406456,0,0,4.872651,2373.246171
0.90645,11574,6411996,0,0,4.872869,2375.19187
0.90645,11584,6417536,0,0,4.881954,2372.820297
0.90645,11594,6423076,0,0,4.882858,2374.429172
0.90645,11604,6428616,0,0,4.883212,2376.304849
0.90645,11614,6434156,0,0,4.884448,2377.750979
0.90645,11624,6439696,0,0,4.884548,2379.749157
0.90645,11634,6445236,0,0,4.884944,2381.603342
0.90645,11644,6450776,0,0,4.900601,2376.035146
0.90645,11654,6456316,0,0,4.901086,2377.84018
0.90645,11664,6461856,0,0,4.901836,2379.516613
0.90645,11674,6467396,0,0,4.901851,2381.549483
0.90645,11684,6472936,0,0,4.902062,2383.486931
0.90645,11694,6478476,0,0,4.945218,2364.708767
0.90645,11704,6484016,0,0,4.945231,2366.724533
0.90645,11714,6489556,0,0,4.945847,2368.451623
0.90645,11724,6495096,0,0,4.951963,2367.5461
0.90645,11734,6500636,0,0,4.953715,2368.727382
0.90645,11744,6506176,0,0,4.954765,2370.243555
0.90645,11754,6511716,0,0,4.955482,2371.918726
0.90645,11764,6517256,0,0,4.95668,2373.362901
0.90645,11774,6522796,0,0,4.956951,2375.250592
0.90645,11784,6528336,0,0,4.957692,2376.912641
0.90645,11794,6533876,0,0,4.958703,2378.444391
0.90645,11804,6539416,0,0,4.959448,2380.103773
0.90645,11814,6544956,0,0,4.960753,2381.493425
0.90645,11824,6550496,0,0,4.960978,2383.401
0.90645,11834,6556036,0,0,4.961706,2385.066901
0.90645,11844,6561576,0,0,4.962603,2386.6509
0.90645,11854,6567116,0,0,4.963533,2388.218382
0.90645,11864,6572656,0,0,4.9658,2389.141592
0.90645,11874,6578196,0,0,4.965974,2391.071677
0.90645,11884,6583736,0,0,4.966962,2392.609243
0.90645,11894,6589276,0,0,4.967863,2394.188482
0.90645,11904,6594816,0,0,4.968444,2395.9212
0.561186,121,67034,0,0,0.007563,15999.205069
0.561186,131,72574,0,0,0.008464,15477.136531
0.561186,141,78114,0,0,0.009042,15593.852709
0.470818,151,83654,0,0,0.010385,14540.151155
0.470818,161,89194,0,0,0.011493,14008.857024
0.470818,170,94180,0,0,0.012374,13738.568015
0.470818,180,99720,0,0,0.018766,9591.852624
0.470818,190,105260,0,0,0.01882,10095.745414
0.470818,200,110800,0,0,0.019599,10204.622646
0.685466,210,116340,0,0,0.019629,10698.715382
0.685466,220,121880,0,0,0.019642,11200.287427
0.685466,230,127420,0,0,0.020683,11120.344899
0.685466,240,132960,0,0,0.020713,11587.00861
0.685466,250,138500,0,0,0.021718,11511.428258
0.685466,260,144040,0,0,0.021774,11940.948251
0.730328,270,149580,0,0,0.022546,11975.615245
0.730328,280,155120,0,0,0.08727,3208.415278
0.730328,290,160660,0,0,0.087286,3322.429705
0.730328,300,166200,0,0,0.087944,3411.251271
0.730328,310,171740,0,0,0.088329,3509.612555
0.730328,320,177280,0,0,0.08922,3586.647462
0.730328,330,182820,0,0,0.090572,3643.505358
0.730328,340,188360,0,0,0.09117,3729.313455
0.730328,350,193900,0,0,0.092607,3779.430513
0.730328,360,199440,0,0,0.092837,3877.750316
0.730328,370,204980,0,0,0.095874,3859.238643
0.730328,380,210520,0,0,0.096838,3924.098817
0.730328,390,216060,0,0,0.097538,3998.422316
0.730328,400,221600,0,0,0.098972,4041.563222
0.730328,410,227140,0,0,0.099249,4131.028731
0.730328,420,232680,0,0,0.100029,4198.792709
0.730328,430,238220,0,0,0.101264,4246.326436
0.730328,440,243760,0,0,0.102083,4310.229584
0.730328,450,249300,0,0,0.103409,4351.63996
0.730328,460,254840,0,0,0.107993,4259.539778
0.730328,470,260380,0,0,0.108871,4317.036427
0.730328,480,265920,0,0,0.109608,4379.235464
0.730328,490,271460,0,0,0.109622,4469.925052
0.730328,500,277000,0,0,0.208841,2394.170384
0.730328,510,282540,0,0,0.208856,2441.875377
0.730328,520,288080,0,0,0.20887,2489.584768
0.730328,530,293620,0,0,0.209502,2529.814763
0.730328,540,299160,0,0,0.213474,2529.584464
0.730328,550,304700,0,0,0.214818,2560.312538
0.730328,560,310240,0,0,0.214945,2605.316695
0.730328,570,315780,0,0,0.215683,2642.761755
0.730328,580,321320,0,0,0.216623,2677.464797
0.730328,590,326860,0,0,0.217216,2716.187169
0.730328,600,332400,0,0,0.218669,2743.876934
0.730328,610,337940,0,0,0.218903,2786.621561
0.730328,620,343480,0,0,0.219645,2822.739453
0.730328,630,349020,0,0,0.221645,2842.381592
0.730328,640,354560,0,0,0.222641,2874.582962
0.730328,650,360100,0,0,0.223985,2901.977515
0.730328,660,365640,0,0,0.22412,2944.855398
0.730328,670,371180,0,0,0.230129,2911.413528
0.730328,680,376720,0,0,0.231056,2943.009806
0.730328,690,382260,0,0,0.231612,2979.120676
0.730328,700,387800,0,0,0.232862,3006.078477
0.730328,710,393340,0,0,0.233088,3046.059641
0.730328,720,398880,0,0,0.233826,3079.216915
0.730328,730,404420,0,0,0.234797,3109.068673
0.730328,740,409960,0,0,0.235549,3141.590864
0.730328,750,415500,0,0,0.236931,3165.480599
0.730328,760,421040,0,0,0.237016,3206.53186
0.730328,770,426580,0,0,0.237754,3238.643418
0.730328,780,432120,0,0,0.238705,3267.629429
0.730328,790,437660,0,0,0.239236,3302.176995
0.730328,800,443200,0,0,0.242165,3303.531506
0.730328,810,448740,0,0,0.242462,3340.734072
0.730328,820,454280,0,0,0.243402,3368.915576
0.730328,830,459820,0,0,0.244311,3397.311172
0.730328,840,465360,0,0,0.244818,3431.123992
0.730328,850,470900,0,0,0.246047,3454.617548
0.730328,860,476440,0,0,0.24889,3455.336165
0.730328,870,481980,0,0,0.249535,3486.487023
0.730328,880,487520,0,0,0.355258,2477.073084
0.730328,890,493060,0,0,0.355272,2505.125812
0.730328,900,498600,0,0,0.355891,2528.865945
0.730328,910,504140,0,0,0.355904,2556.868533
0.730328,920,509680,0,0,0.355917,2584.875946
0.730328,930,515220,0,0,0.35652,2608.546278
0.730328,940,520760,0,0,0.356533,2636.499954
0.730328,950,526300,0,0,0.357727,2655.656031
0.730328,960,531840,0,0,0.357753,2683.415365
0.730328,970,537380,0,0,0.362944,2672.58768
0.730328,980,542920,0,0,0.363697,2694.550298
0.730328,990,548460,0,0,0.363709,2721.952923
0.730328,1000,554000,0,0,0.364559,2743.042503
0.730328,1010,559540,0,0,0.364588,2770.250086
0.730328,1020,565080,0,0,0.365121,2793.595311
0.730328,1030,570620,0,0,0.365986,2814.318132
0.730328,1040,576160,0,0,0.366277,2839.383132
0.730328,1050,581700,0,0,0.484639,2166.562471
0.730328,1060,587240,0,0,0.484653,2187.131842
0.730328,1070,592780,0,0,0.484666,2207.704342
0.730328,1080,598320,0,0,0.485317,2225.351841
0.730328,1090,603860,0,0,0.49541,2200.199028
0.730328,1100,609400,0,0,0.496081,2217.381446
0.730328,1110,614940,0,0,0.496094,2237.478164
0.730328,1120,620480,0,0,0.496108,2257.574867
0.730328,1130,626020,0,0,0.496789,2274.606536
0.730328,1140,631560,0,0,0.50545,2255.418048
0.730328,1150,637100,0,0,0.507616,2265.490769
0.730328,1160,642640,0,0,0.512301,2264.291876
0.730328,1170,648180,0,0,0.512342,2283.630962
0.730328,1180,653720,0,0,0.513013,2300.135017
0.730328,1190,659260,0,0,0.520367,2286.845864
0.730328,1200,664800,0,0,0.521225,2302.266696
0.730328,1210,670340,0,0,0.52124,2321.389602
0.730328,1220,675880,0,0,0.521637,2338.791318
0.730328,1230,681420,0,0,0.522497,2354.07863
0.730328,1240,686960,0,0,0.522739,2372.122078
0.730328,1250,692500,0,0,0.523997,2385.508444
0.730328,1254,694716,0,0,0.524013,2393.072385
0.730328,1264,700256,0,0,0.528661,2390.945047
0.730328,1274,705796,0,0,0.529327,2406.830188
0.730328,1284,711336,0,0,0.529341,2425.657643
0.730328,1294,716876,0,0,0.529354,2444.487401
0.730328,1304,722416,0,0,0.529997,2460.39188
0.730328,1312,726848,0,0,0.543789,2412.698798
0.730328,1322,732388,0,0,0.544436,2428.202089
0.730328,1332,737928,0,0,0.544449,2446.508661
0.730328,1342,743468,0,0,0.544463,2464.81432
0.730328,1352,749008,0,0,0.545102,2480.269204
0.730328,1362,754548,0,0,0.546289,2493.184903
0.730328,1372,760088,0,0,0.548411,2501.773796
0.730328,1382,765628,0,0,0.550716,2509.461847
0.730328,1392,771168,0,0,0.550775,2527.348688
0.730328,1402,776708,0,0,0.551416,2542.54428
0.730328,1412,782248,0,0,0.551429,2560.61851
0.730328,1422,787788,0,0,0.63581,2236.518395
0.730328,1432,793328,0,0,0.635824,2252.1957
0.730328,1442,798868,0,0,0.635838,2267.874851
0.730328,1452,804408,0,0,0.636479,2281.299365
0.730328,1462,809948,0,0,0.642376,2275.925817
0.730328,1472,815488,0,0,0.643038,2289.132797
0.730328,1482,821028,0,0,0.643052,2304.635265
0.730328,1492,826568,0,0,0.643065,2320.137938
0.730328,1502,832108,0,0,0.6437,2333.384672
0.730328,1512,837648,0,0,0.645749,2341.467571
0.730328,1522,843188,0,0,0.64837,2347.426708
0.730328,1532,848728,0,0,0.649738,2357.87235
0.730328,1542,854268,0,0,0.649759,2373.187399
0.730328,1552,859808,0,0,0.650397,2386.23464
0.730328,1562,865348,0,0,0.650493,2401.256888
0.730328,1572,870888,0,0,0.651401,2413.261642
0.730328,1582,876428,0,0,0.658597,2402.076825
0.730328,1592,881968,0,0,0.659654,2413.38677
0.730328,1602,887508,0,0,0.660916,2423.90918
0.730328,1612,893048,0,0,0.662127,2434.577318
0.730328,1622,898588,0,0,0.664086,2442.453485
0.730328,1632,904128,0,0,0.667365,2445.439005
0.730328,1642,909668,0,0,0.667686,2459.240754
0.730328,1652,915208,0,0,0.672567,2456.260392
0.730328,1662,920748,0,0,0.673654,2467.140722
0.730328,1672,926288,0,0,0.675208,2476.273641
0.730328,1682,931828,0,0,0.675227,2491.013523
0.730328,1692,937368,0,0,0.675351,2505.362463
0.730328,1702,942908,0,0,0.676581,2515.588875
0.730328,1712,948448,0,0,0.677418,2527.241395
0.730328,1722,953988,0,0,0.679203,2535.323476
0.730328,1732,959528,0,0,0.679307,2549.657284
0.730328,1742,965068,0,0,0.680281,2560.705023
0.730328,1752,970608,0,0,0.683424,2563.564102
0.730328,1762,976148,0,0,0.683692,2577.183959
0.730328,1772,981688,0,0,0.684364,2589.266862
0.730328,1782,987228,0,0,0.686263,2596.672704
0.730328,1792,992768,0,0,0.686278,2611.186322
0.730328,1802,998308,0,0,0.778017,2316.143922
0.730328,1812,1003848,0,0,0.778031,2328.955713
0.730328,1822,1009388,0,0,0.778652,2339.94076
0.730328,1832,1014928,0,0,0.778666,2352.741682
0.730328,1842,1020468,0,0,0.781113,2358.173803
0.730328,1852,1026008,0,0,0.782468,2366.870433
0.730328,1862,1031548,0,0,0.783572,2376.298113
0.730328,1872,1037088,0,0,0.785171,2384.193919
0.730328,1882,1042628,0,0,0.785784,2395.058748
0.730328,1892,1048168,0,0,0.787145,2403.622072
0.730328,1902,1053708,0,0,0.788252,2412.934312
0.730328,1912,1059248,0,0,0.789359,2422.218981
0.730328,1922,1064788,0,0,0.790949,2429.993464
0.730328,1932,1070328,0,0,0.791577,2440.697918
0.730328,1942,1075868,0,0,0.792985,2448.974561
0.730328,1952,1081408,0,0,0.794094,2458.146269
0.730328,1962,1086948,0,0,0.795202,2467.298305
0.730328,1972,1092488,0,0,0.797374,2473.117239
0.730328,1982,1098028,0,0,0.798273,2482.860346
0.730328,1992,1103568,0,0,0.79938,2491.931047
0.730328,2002,1109108,0,0,0.800766,2500.104687
0.730328,2012,1114648,0,0,0.801855,2509.180815
0.730328,2022,1120188,0,0,0.803445,2516.663053
0.730328,2032,1125728,0,0,0.80407,2527.141673
0.730328,2042,1131268,0,0,0.805175,2536.095932
0.730328,2052,1136808,0,0,0.806816,2543.332006
0.730328,2062,1142348,0,0,0.807688,2552.966757
0.730328,2072,1147888,0,0,0.852473,2430.574775
0.730328,2082,1153428,0,0,0.852487,2442.267098
0.730328,2092,1158968,0,0,0.852499,2453.961799
0.730328,2102,1164508,0,0,0.853153,2463.803326
0.730328,2112,1170048,0,0,0.859339,2457.702277
0.730328,2122,1175588,0,0,0.860056,2467.280736
0.730328,2132,1181128,0,0,0.860071,2478.863905
0.730328,2142,1186668,0,0,0.860085,2490.450804
0.730328,2152,1192208,0,0,0.860727,2500.213207
0.730328,2162,1197748,0,0,0.880743,2454.744856
0.730328,2168,1201072,0,0,0.88076,2461.511307
0.730328,2175,1204950,0,0,0.880776,2469.413536
0.730328,2185,1210490,0,0,0.881762,2477.99218
0.730328,2192,1214368,0,0,0.881789,2485.854203
0.730328,2199,1218246,0,0,0.974612,2256.28361
0.730328,2209,1223786,0,0,0.975421,2264.663821
0.730328,2219,1229326,0,0,0.975774,2274.092041
0.730328,2229,1234866,0,0,0.977222,2280.954574
0.730328,2239,1240406,0,0,0.977241,2291.144617
0.730328,2249,1245946,0,0,0.97794,2299.731335
0.730328,2259,1251486,0,0,0.979033,2307.378827
0.730328,2269,1257026,0,0,0.979775,2315.83737
0.730328,2279,1262566,0,0,0.981339,2322.338314
0.730328,2289,1268106,0,0,0.981352,2332.49561
0.730328,2299,1273646,0,0,0.981986,2341.174934
0.730328,2309,1279186,0,0,0.983127,2348.627558
0.730328,2319,1284726,0,0,0.983732,2357.349395
0.730328,2329,1290266,0,0,0.985174,2364.050111
0.730328,2339,1295806,0,0,0.988726,2365.670808
0.730328,2349,1301346,0,0,0.988754,2375.716662
0.730328,2359,1306886,0,0,0.989672,2383.618138
0.730328,2369,1312426,0,0,0.989695,2393.666561
0.730328,2379,1317966,0,0,0.990524,2401.758939
0.730328,2389,1323506,0,0,0.990687,2411.457586
0.730328,2399,1329046,0,0,0.991428,2419.741113
0.730328,2409,1334586,0,0,0.99262,2426.910039
0.730328,2419,1340126,0,0,0.992904,2436.288612
0.730328,2429,1345666,0,0,0.994452,2442.551275
0.730328,2439,1351206,0,0,0.994465,2452.574725
0.730328,2449,1356746,0,0,0.995517,2460.02768
0.715148,2459,1362286,0,0,1.096976,2241.616382
0.715148,2469,1367826,0,0,1.096989,2250.706423
0.715148,2479,1373366,0,0,1.097703,2258.351764
0.715148,2489,1378906,0,0,1.098492,2265.833716
0.715148,2499,1384446,0,0,1.099168,2273.537674
0.715148,2509,1389986,0,0,1.100127,2280.646312
0.715148,2519,1395526,0,0,1.100739,2288.462069
0.715148,2529,1401066,0,0,1.102257,2294.383224
0.715148,2539,1406606,0,0,1.102295,2303.376301
0.715148,2549,1412146,0,0,1.102727,2311.542337
0.715148,2559,1417686,0,0,1.10375,2318.460818
0.715148,2569,1423226,0,0,1.104429,2326.087848
0.715148,2579,1428766,0,0,1.105909,2332.018549
0.715148,2589,1434306,0,0,1.105922,2341.033127
0.715148,2599,1439846,0,0,1.106422,2349.012405
0.715148,2609,1445386,0,0,1.107844,2355.023965
0.715148,2619,1450926,0,0,1.108155,2363.387259
0.715148,2629,1456466,0,0,1.10949,2369.557869
0.715148,2639,1462006,0,0,1.11062,2376.149702
0.715148,2649,1467546,0,0,1.11136,2383.565924
0.715148,2659,1473086,0,0,1.112968,2389.107393
0.715148,2669,1478626,0,0,1.112993,2398.037924
0.715148,2679,1484166,0,0,1.114442,2403.894399
0.715148,2689,1489706,0,0,1.11449,2412.763235
0.715148,2699,1495246,0,0,1.114969,2420.694554
0.715148,2709,1500786,0,0,1.115971,2427.482242
0.715148,2719,1506326,0,0,1.116613,2435.042594
0.715148,2729,1511866,0,0,1.200142,2273.897314
0.715148,2739,1517406,0,0,1.200161,2282.194297
0.715148,2749,1522946,0,0,1.200174,2290.501488
0.715148,2759,1528486,0,0,1.201026,2297.202174
0.715148,2769,1534026,0,0,1.201068,2305.447838
0.715148,2779,1539566,0,0,1.20239,2311.230219
0.715148,2789,1545106,0,0,1.202417,2319.495017
0.715148,2799,1550646,0,0,1.202877,2326.922042
0.715148,2809,1556186,0,0,1.203952,2333.150275
0.715148,2819,1561726,0,0,1.204216,2340.94215
0.715148,2829,1567266,0,0,1.205886,2345.993588
0.715148,2839,1572806,0,0,1.205898,2354.26251
0.715148,2849,1578346,0,0,1.207687,2359.055613
0.715148,2859,1583886,0,0,1.208679,2365.39191
0.715148,2869,1589426,0,0,1.209353,2372.342021
0.715148,2879,1594966,0,0,1.210751,2377.862416
0.715148,2889,1600506,0,0,1.210773,2386.078993
0.715148,2899,1606046,0,0,1.211348,2393.201511
0.715148,2909,1611586,0,0,1.212255,2399.660607
0.715148,2919,1617126,0,0,1.212922,2406.585845
0.715148,2929,1622666,0,0,1.214261,2412.166159
0.715148,2939,1628206,0,0,1.214282,2420.359798
0.715148,2949,1633746,0,0,1.214869,2427.421695
0.715148,2959,1639286,0,0,1.215995,2433.398494
0.715148,2969,1644826,0,0,1.216466,2440.677096
0.715148,2979,1650366,0,0,1.217937,2445.939816
0.715148,2989,1655906,0,0,1.217949,2454.126402
0.715148,2999,1661446,0,0,1.219517,2459.171287
0.715148,3009,1666986,0,0,1.222535,2461.278479
0.715148,3019,1672526,0,0,1.223208,2468.099412
0.715148,3029,1678066,0,0,1.321027,2292.912944
0.715148,3039,1683606,0,0,1.32104,2300.459561
0.715148,3049,1689146,0,0,1.321054,2308.006026
0.715148,3059,1694686,0,0,1.321822,2314.229612
0.715148,3069,1700226,0,0,1.321834,2321.773569
0.715148,3079,1705766,0,0,1.325457,2322.972628
0.715148,3089,1711306,0,0,1.32548,2330.476534
0.715148,3099,1716846,0,0,1.325976,2337.146139
0.715148,3109,1722386,0,0,1.326972,2342.928938
0.715148,3119,1727926,0,0,1.327259,2349.955276
0.715148,3129,1733466,0,0,1.328872,2354.628649
0.715148,3139,1739006,0,0,1.328883,2362.133486
0.715148,3149,1744546,0,0,1.329498,2368.563928
0.715148,3159,1750086,0,0,1.330616,2374.088822
0.715148,3169,1755626,0,0,1.330831,2381.219715
0.715148,3179,1761166,0,0,1.332194,2386.288496
0.715148,3189,1766706,0,0,1.332458,2393.320324
0.715148,3199,1772246,0,0,1.333102,2399.665935
0.715148,3209,1777786,0,0,1.335017,2403.714341
0.715148,3219,1783326,0,0,1.335673,2410.020846
0.715148,3229,1788866,0,0,1.337264,2414.631125
0.715148,3239,1794406,0,0,1.337299,2422.045601
0.715148,3249,1799946,0,0,1.337953,2428.336257
0.715148,3259,1805486,0,0,1.338992,2433.920226
0.715148,3269,1811026,0,0,1.33953,2440.408219
0.715148,3279,1816566,0,0,1.340902,2445.369134
0.715148,3289,1822106,0,0,1.340928,2452.778393
0.715148,3299,1827646,0,0,1.341526,2459.139758
0.715148,3309,1833186,0,0,1.342552,2464.708225
0.715148,3319,1838726,0,0,1.342852,2471.605875
0.715148,3329,1844266,0,0,1.438562,2314.116976
0.715148,3339,1849806,0,0,1.438574,2321.04913
0.715148,3349,1855346,0,0,1.438586,2327.980011
0.715148,3359,1860886,0,0,1.439361,2333.674689
0.715148,3369,1866426,0,0,1.439399,2340.560186
0.715148,3379,1871966,0,0,1.440428,2345.829738
0.715148,3389,1877506,0,0,1.440614,2352.468791
0.715148,3399,1883046,0,0,1.441495,2357.967952
0.715148,3409,1888586,0,0,1.442303,2363.581508
0.715148,3419,1894126,0,0,1.442823,2369.660536
0.715148,3429,1899666,0,0,1.443913,2374.796848
0.715148,3439,1905206,0,0,1.444153,2381.326123
0.715148,3449,1910746,0,0,1.444835,2387.12427
0.715148,3459,1916286,0,0,1.446992,2390.475981
0.715148,3469,1921826,0,0,1.447629,2396.332646
0.715148,3479,1927366,0,0,1.449369,2400.355385
0.715148,3489,1932906,0,0,1.449391,2407.217718
0.715148,3499,1938446,0,0,1.449911,2413.251376
0.715148,3509,1943986,0,0,1.451513,2417.478195
0.715148,3519,1949526,0,0,1.451572,2424.26801
0.715148,3529,1955066,0,0,1.453096,2428.608151
0.715148,3539,1960606,0,0,1.453109,2435.468432
0.715148,3549,1966146,0,0,1.453584,2441.55184
0.715148,3559,1971686,0,0,1.454676,2446.593466
0.715148,3569,1977226,0,0,1.455206,2452.573864
0.715148,3579,1982766,0,0,1.456621,2457.056147
0.715148,3589,1988306,0,0,1.456633,2463.901186
0.715148,3599,1993846,0,0,1.457202,2469.800979
0.715148,3609,1999386,0,0,1.52031,2373.857708
0.715148,3619,2004926,0,0,1.520324,2380.413662
0.715148,3629,2010466,0,0,1.521012,2385.911753
0.715148,3639,2016006,0,0,1.523099,2389.207878
0.715148,3649,2021546,0,0,1.523675,2394.867727
0.715148,3659,2027086,0,0,1.524526,2400.09007
0.715148,3669,2032626,0,0,1.530581,2397.128564
0.715148,3679,2038166,0,0,1.531216,2402.665367
0.715148,3689,2043706,0,0,1.53123,2409.174742
0.715148,3699,2049246,0,0,1.534895,2409.936925
0.715148,3709,2054786,0,0,1.535749,2415.108638
0.715148,3719,2060326,0,0,1.535761,2421.600571
0.715148,3729,2065866,0,0,1.536954,2426.226824
0.715148,3739,2071406,0,0,1.536968,2432.711688
0.715148,3749,2076946,0,0,1.542086,2431.121946
0.715148,3759,2082486,0,0,1.54288,2436.352326
0.715148,3769,2088026,0,0,1.542893,2442.814081
0.715148,3779,2093566,0,0,1.543513,2448.311377
0.715148,3789,2099106,0,0,1.549265,2445.675245
0.715148,3799,2104646,0,0,1.549871,2451.171039
0.715148,3809,2110186,0,0,1.631647,2334.451202
0.715148,3819,2115726,0,0,1.63166,2340.561168
0.715148,3829,2121266,0,0,1.632267,2345.8172
0.715148,3839,2126806,0,0,1.63228,2351.925098
0.715148,3849,2132346,0,0,1.632292,2358.033933
0.715148,3859,2137886,0,0,1.632894,2363.289026
0.715148,3869,2143426,0,0,1.632963,2369.312454
0.715148,3879,2148966,0,0,1.633745,2374.299951
0.715148,3889,2154506,0,0,1.634839,2378.827433
0.715148,3899,2160046,0,0,1.63571,2383.674019
0.715148,3909,2165586,0,0,1.636629,2388.44655
0.715148,3919,2171126,0,0,1.639582,2390.243485
0.715148,3929,2176666,0,0,1.64024,2395.380883
0.715148,3939,2182206,0,0,1.640254,2401.458003
0.715148,3949,2187746,0,0,1.640267,2407.535374
0.715148,3959,2193286,0,0,1.640904,2412.693839
0.715148,3969,2198826,0,0,1.640917,2418.769413
0.715148,3979,2204366,0,0,1.646363,2416.841729
0.715148,3989,2209906,0,0,1.646377,2422.896073
0.715148,3999,2215446,0,0,1.64639,2428.95067
0.715148,4009,2220986,0,0,1.648468,2431.954625
0.715148,4019,2226526,0,0,1.649553,2436.417534
0.715148,4029,2232066,0,0,1.650694,2440.791728
0.715148,4039,2237606,0,0,1.651054,2446.316251
0.715148,4049,2243146,0,0,1.651624,2451.526197
0.715148,4059,2248686,0,0,1.652499,2456.279202
0.715148,4069,2254226,0,0,1.65286,2461.792897
0.715148,4079,2259766,0,0,1.757366,2321.087746
0.715148,4089,2265306,0,0,1.75738,2326.759141
0.715148,4099,2270846,0,0,1.757393,2332.432026
0.715148,4109,2276386,0,0,1.758052,2337.245533
0.715148,4119,2281926,0,0,1.758066,2342.915853
0.715148,4129,2287466,0,0,1.759031,2347.315644
0.715148,4139,2293006,0,0,1.780038,2325.231104
0.715148,4149,2298546,0,0,1.780071,2330.806504
0.715148,4159,2304086,0,0,1.780715,2335.579014
0.715148,4169,2309626,0,0,1.780728,2341.177182
0.715148,4179,2315166,0,0,1.781373,2345.943238
0.715148,4189,2320706,0,0,1.787192,2343.900862
0.715148,4199,2326246,0,0,1.788293,2348.04938
0.715148,4209,2331786,0,0,1.789172,2352.484923
0.715148,4219,2337326,0,0,1.789186,2358.05619
0.715148,4229,2342866,0,0,1.79013,2362.398394
0.715148,4239,2348406,0,0,1.791138,2366.651903
0.715148,4249,2353946,0,0,1.793093,2369.648468
0.715148,4259,2359486,0,0,1.794762,2373.016727
0.715148,4269,2365026,0,0,1.795913,2377.063947
0.715148,4280,2371120,0,0,1.797594,2380.960866
0.715148,4290,2376660,0,0,1.806004,2375.410272
0.715148,4300,2382200,0,0,1.807107,2379.493891
0.715148,4310,2387740,0,0,1.808204,2383.58007
0.715148,4320,2393280,0,0,1.80968,2387.162705
0.715148,4330,2398820,0,0,1.811079,2390.839902
0.715148,4340,2404360,0,0,1.811092,2396.343807
0.715148,4350,2409900,0,0,1.81122,2401.69587
0.715148,4360,2415440,0,0,1.812337,2405.733695
0.715148,4370,2420980,0,0,1.81344,2409.784606
0.715148,4380,2426520,0,0,1.815336,2412.776175
0.715148,4390,2432060,0,0,1.816814,2416.318185
0.715148,4400,2437600,0,0,1.817858,2420.43047
0.715148,4410,2443140,0,0,1.818918,2424.518326
0.715148,4420,2448680,0,0,1.820079,2428.466536
0.715148,4430,2454220,0,0,1.82148,2432.088463
0.715148,4440,2459760,0,0,1.82256,2436.134331
0.715148,4450,2465300,0,0,1.823674,2440.129151
0.715148,4460,2470840,0,0,1.909206,2336.050043
0.715148,4470,2476380,0,0,1.909219,2341.271743
0.715148,4480,2481920,0,0,1.909899,2345.673488
0.715148,4490,2487460,0,0,1.909913,2350.892639
0.715148,4500,2493000,0,0,1.910525,2355.374008
0.715148,4510,2498540,0,0,1.911664,2359.201482
0.715148,4520,2504080,0,0,1.912492,2363.408828
0.715148,4530,2509620,0,0,1.913779,2367.044151
0.715148,4540,2515160,0,0,1.914106,2371.864301
0.715148,4550,2520700,0,0,1.914937,2376.05696
0.715148,4560,2526240,0,0,1.915822,2380.179333
0.715148,4570,2531780,0,0,1.918292,2382.328148
0.715148,4580,2537320,0,0,1.919442,2386.110503
0.715148,4590,2542860,0,0,1.919958,2390.677153
0.715148,4600,2548400,0,0,1.920789,2394.84979
0.715148,4610,2553940,0,0,1.921632,2399.002153
0.715148,4620,2559480,0,0,1.922792,2402.756343
0.715148,4630,2565020,0,0,1.924005,2406.438315
0.715148,4640,2570560,0,0,1.924406,2411.133553
0.715148,4650,2576100,0,0,1.925234,2415.291315
0.715148,4660,2581640,0,0,1.926061,2419.445505
0.715148,4670,2587180,0,0,1.926953,2423.514862
0.715148,4680,2592720,0,0,1.928163,2427.180325
0.715148,4690,2598260,0,0,1.928854,2431.495006
0.715148,4700,2603800,0,0,1.930763,2434.271397
0.715148,4710,2609340,0,0,1.93157,2438.431148
0.715148,4720,2614880,0,0,1.932348,2442.624793
0.715148,4730,2620420,0,0,1.933775,2445.993007
0.715148,4740,2625960,0,0,1.934674,2450.025443
0.715148,4750,2631500,0,0,1.935512,2454.130614
0.715148,4765,2639810,0,0,2.034573,2342.014397
0.715148,4775,2645350,0,0,2.034586,2346.914857
0.715148,4785,2650890,0,0,2.035198,2351.1229
0.715148,4795,2656430,0,0,2.03562,2355.548001
0.715148,4805,2661970,0,0,2.036453,2359.494937
0.715148,4815,2667510,0,0,2.036518,2364.329868
0.715148,4825,2673050,0,0,2.037072,2368.595499
0.715148,4835,2678590,0,0,2.03793,2372.505698
0.715148,4845,2684130,0,0,2.038188,2377.110901
0.715148,4855,2689670,0,0,2.042992,2376.416139
0.715148,4865,2695210,0,0,2.043013,2381.28702
0.715148,4875,2700750,0,0,2.043463,2385.655567
0.715148,4885,2706290,0,0,2.044194,2389.695489
0.715148,4895,2711830,0,0,2.044539,2394.182777
0.715148,4905,2717370,0,0,2.045581,2397.85136
0.715148,4915,2722910,0,0,2.045648,2402.661815
0.715148,4925,2728450,0,0,2.046192,2406.909807
0.715148,4935,2733990,0,0,2.04691,2410.951647
0.715148,4945,2739530,0,0,2.047598,2415.02496
0.715148,4955,2745070,0,0,2.048664,2418.649031
0.715148,4965,2750610,0,0,2.048702,2423.485416
0.715148,4975,2756150,0,0,2.050192,2426.601857
0.715148,4985,2761690,0,0,2.050856,2430.691938
0.715148,4995,2767230,0,0,2.051739,2434.520773
0.715148,5005,2772770,0,0,2.05617,2434.136989
0.715148,5015,2778310,0,0,2.056524,2438.581349
0.715148,5025,2783850,0,0,2.056545,2443.417863
0.715148,5035,2789390,0,0,2.158469,2332.671434
0.715148,5045,2794930,0,0,2.158489,2337.283176
0.715148,5055,2800470,0,0,2.159178,2341.168961
0.715148,5065,2806010,0,0,2.162503,2342.192762
0.715148,5075,2811550,0,0,2.162788,2346.507879
0.715148,5085,2817090,0,0,2.163468,2350.393106
0.715148,5095,2822630,0,0,2.163481,2355.000781
0.715148,5105,2828170,0,0,2.164119,2358.927317
0.715148,5115,2833710,0,0,2.164132,2363.534333
0.715148,5125,2839250,0,0,2.164935,2367.276754
0.715148,5135,2844790,0,0,2.169804,2366.573357
0.715148,5145,2850330,0,0,2.170024,2370.941348
0.715148,5155,2855870,0,0,2.170676,2374.836234
0.715148,5165,2861410,0,0,2.170689,2379.428458
0.715148,5175,2866950,0,0,2.170702,2384.020888
0.715148,5185,2872490,0,0,2.171683,2387.548853
0.715148,5195,2878030,0,0,2.179482,2383.59444
0.715148,5205,2883570,0,0,2.180271,2387.317744
0.715148,5215,2889110,0,0,2.180285,2391.889682
0.715148,5225,2894650,0,0,2.180298,2396.461826
0.715148,5235,2900190,0,0,2.180975,2400.302398
0.715148,5245,2905730,0,0,2.180988,2404.873044
0.715148,5255,2911270,0,0,2.181834,2408.524224
0.715148,5265,2916810,0,0,2.181971,2412.956175
0.715148,5275,2922350,0,0,2.182577,2416.867619
0.715148,5285,2927890,0,0,2.18334,2420.603215
0.715148,5295,2933430,0,0,2.183774,2424.701463
0.715148,5305,2938970,0,0,2.275925,2330.920232
0.715148,5315,2944510,0,0,2.275938,2335.301083
0.715148,5325,2950050,0,0,2.275951,2339.681396
0.715148,5335,2955590,0,0,2.279014,2340.924759
0.715148,5345,2961130,0,0,2.27998,2344.318622
0.715148,5355,2966670,0,0,2.28122,2347.427682
0.715148,5365,2972210,0,0,2.282785,2350.199
0.715148,5375,2977750,0,0,2.283738,2353.59783
0.715148,5385,2983290,0,0,2.284366,2357.32814
0.715148,5395,2988830,0,0,2.28492,2361.132771
0.715148,5405,2994370,0,0,2.286121,2364.267167
0.715148,5415,2999910,0,0,2.286809,2367.928197
0.715148,5425,3005450,0,0,2.287261,2371.832501
0.715148,5435,3010990,0,0,2.287995,2375.441903
0.715148,5445,3016530,0,0,2.288442,2379.348401
0.715148,5455,3022070,0,0,2.289607,2382.505391
0.715148,5465,3027610,0,0,2.289729,2386.744959
0.715148,5475,3033150,0,0,2.29729,2383.242774
0.715148,5485,3038690,0,0,2.298331,2386.514117
0.715148,5495,3044230,0,0,2.298347,2390.848979
0.715148,5505,3049770,0,0,2.299101,2394.414542
0.715148,5515,3055310,0,0,2.299438,2398.411637
0.715148,5525,3060850,0,0,2.300338,2401.821416
0.715148,5535,3066390,0,0,2.301211,2405.255694
0.715148,5545,3071930,0,0,2.301537,2409.259762
0.715148,5555,3077470,0,0,2.307365,2407.507696
0.715148,5565,3083010,0,0,2.307414,2411.791303
0.715148,5575,3088550,0,0,2.308087,2415.419851
0.715148,5585,3094090,0,0,2.308851,2418.952607
0.715148,5595,3099630,0,0,2.309322,2422.789152
0.715148,5605,3105170,0,0,2.398819,2336.566249
0.715148,5615,3110710,0,0,2.398833,2340.721474
0.715148,5625,3116250,0,0,2.398847,2344.876883
0.715148,5635,3121790,0,0,2.400377,2347.548338
0.715148,5645,3127330,0,0,2.400974,2351.129132
0.715148,5655,3132870,0,0,2.401661,2354.620486
0.715148,5665,3138410,0,0,2.401674,2358.771392
0.715148,5675,3143950,0,0,2.401845,2362.767212
0.715148,5685,3149490,0,0,2.402556,2366.229787
0.715148,5695,3155030,0,0,2.403076,2369.879572
0.715148,5705,3160570,0,0,2.408234,2368.955723
0.715148,5715,3166110,0,0,2.408247,2373.095927
0.715148,5725,3171650,0,0,2.408259,2377.235852
0.715148,5735,3177190,0,0,2.408861,2380.793559
0.715148,5745,3182730,0,0,2.408917,2384.889428
0.715148,5755,3188270,0,0,2.409898,2388.067598
0.715148,5765,3193810,0,0,2.4105,2391.62042
0.715148,5775,3199350,0,0,2.411013,2395.258868
0.715148,5785,3204890,0,0,2.411769,2398.654589
0.715148,5795,3210430,0,0,2.412242,2402.329753
0.715148,5805,3215970,0,0,2.4133,2405.420402
0.715148,5815,3221510,0,0,2.413465,2409.398436
0.715148,5825,3227050,0,0,2.415591,2411.418157
0.715148,5835,3232590,0,0,2.416552,2414.59726
0.715148,5845,3238130,0,0,2.420616,2414.674224
0.715148,5855,3243670,0,0,2.421614,2417.809255
0.715148,5865,3249210,0,0,2.421848,2421.704359
0.715148,5875,3254750,0,0,2.422168,2425.513234
0.715148,5885,3260290,0,0,2.510622,2344.041062
0.715148,5895,3265830,0,0,2.510634,2348.012545
0.715148,5905,3271370,0,0,2.511241,2351.427305
0.715148,5915,3276910,0,0,2.526824,2340.88304
0.715148,5925,3282450,0,0,2.527673,2344.053643
0.715148,5935,3287990,0,0,2.528597,2347.151075
0.715148,5945,3293530,0,0,2.529511,2350.256875
0.715148,5955,3299070,0,0,2.530836,2352.977781
0.715148,5965,3304610,0,0,2.531369,2356.432456
0.715148,5975,3310150,0,0,2.540349,2352.038583
0.715148,5985,3315690,0,0,2.541235,2355.153895
0.715148,5995,3321230,0,0,2.54334,2357.136929
0.715148,6005,3326770,0,0,2.547405,2357.301078
0.715148,6015,3332310,0,0,2.547441,2361.192609
0.715148,6025,3337850,0,0,2.54748,2365.082479
0.715148,6035,3343390,0,0,2.548132,2368.401912
0.715148,6045,3348930,0,0,2.554563,2366.354033
0.715148,6055,3354470,0,0,2.555244,2369.636302
0.715148,6065,3360010,0,0,2.555257,2373.537863
0.715148,6075,3365550,0,0,2.555271,2377.438719
0.715148,6085,3371090,0,0,2.555909,2380.757541
0.715148,6095,3376630,0,0,2.555922,2384.658254
0.715148,6105,3382170,0,0,2.558809,2385.8758
0.715148,6115,3387710,0,0,2.558825,2389.769172
0.715148,6125,3393250,0,0,2.558839,2393.663612
0.715148,6135,3398790,0,0,2.559654,2396.808544
0.715148,6147,3405438,0,0,2.560521,2400.682957
0.715148,6159,3412086,0,0,2.563957,2402.145946
0.715148,6169,3417626,0,0,2.564811,2405.245463
0.715148,6179,3423166,0,0,2.564824,2409.132069
0.715148,6189,3428706,0,0,2.565495,2412.399933
0.715148,6199,3434246,0,0,2.567557,2414.357663
0.715148,6209,3439786,0,0,2.56793,2417.900591
0.715148,6219,3445326,0,0,2.569235,2420.56457
0.715148,6229,3450866,0,0,2.56926,2424.433606
0.715148,6239,3456406,0,0,2.570071,2427.559862
0.715148,6249,3461946,0,0,2.570084,2431.438174
0.715148,6259,3467486,0,0,2.571492,2433.995784
0.852168,6269,3473026,0,0,2.68053,2338.716535
0.852168,6279,3478566,0,0,2.680543,2342.43589
0.852168,6289,3484106,0,0,2.681208,2345.584619
0.852168,6299,3489646,0,0,2.681778,2348.815102
0.852168,6309,3495186,0,0,2.681843,2352.486458
0.852168,6319,3500726,0,0,2.682494,2355.643313
0.852168,6329,3506266,0,0,2.68901,2353.654402
0.852168,6339,3511806,0,0,2.689992,2356.512418
0.852168,6349,3517346,0,0,2.690005,2360.218814
0.852168,6359,3522886,0,0,2.690017,2363.925594
0.852168,6369,3528426,0,0,2.691544,2366.300159
0.852168,6379,3533966,0,0,2.691557,2370.003953
0.852168,6389,3539506,0,0,2.709144,2358.309388
0.852168,6399,3545046,0,0,2.709432,2361.749512
0.852168,6409,3550586,0,0,2.70958,2365.311069
0.852168,6419,3556126,0,0,2.710587,2368.121509
0.852168,6429,3561666,0,0,2.7106,2371.799898
0.852168,6439,3567206,0,0,2.711455,2374.739668
0.852168,6449,3572746,0,0,2.711468,2378.416641
0.852168,6459,3578286,0,0,2.711974,2381.660293
0.852168,6469,3583826,0,0,2.713428,2384.068718
0.852168,6479,3589366,0,0,2.713441,2387.742764
0.852168,6489,3594906,0,0,2.714069,2390.87541
0.852168,6499,3600446,0,0,2.71509,2393.65932
0.852168,6509,3605986,0,0,2.715104,2397.33023
0.852168,6519,3611526,0,0,2.717756,2398.670261
0.852168,6529,3617066,0,0,2.718056,2402.084674
0.852168,6539,3622606,0,0,2.719285,2404.676008
0.852168,6549,3628146,0,0,2.719317,2408.325151
0.852168,6559,3633686,0,0,2.719333,2411.988376
0.852168,6569,3639226,0,0,2.720071,2415.010422
0.852168,6579,3644766,0,0,2.724813,2414.477209
0.852168,6589,3650306,0,0,2.725529,2417.512594
0.852168,6599,3655846,0,0,2.725547,2421.165723
0.852168,6609,3661386,0,0,2.726826,2423.696832
0.852168,6619,3666926,0,0,2.728053,2426.272852
0.852168,6629,3672466,0,0,2.728067,2429.925941
0.852168,6639,3678006,0,0,2.839535,2338.058678
0.852168,6649,3683546,0,0,2.839549,2341.568978
0.852168,6659,3689086,0,0,2.839563,2345.07944
0.852168,6669,3694626,0,0,2.840331,2347.965916
0.852168,6679,3700166,0,0,2.842447,2349.736147
0.852168,6689,3705706,0,0,2.843117,2352.699521
0.852168,6699,3711246,0,0,2.847414,2352.660835
0.852168,6709,3716786,0,0,2.847486,2356.113215
0.852168,6719,3722326,0,0,2.848488,2358.795186
0.852168,6729,3727866,0,0,2.848521,2362.27893
0.852168,6739,3733406,0,0,2.849211,2365.216016
0.852168,6749,3738946,0,0,2.851323,2366.971098
0.852168,6759,3744486,0,0,2.851385,2370.426906
0.852168,6769,3750026,0,0,2.852101,2373.33784
0.852168,6779,3755566,0,0,2.852115,2376.8329
0.852168,6789,3761106,0,0,2.85562,2377.417439
0.852168,6799,3766646,0,0,2.855633,2380.908373
0.852168,6809,3772186,0,0,2.855646,2384.398876
0.852168,6819,3777726,0,0,2.857817,2386.086659
0.852168,6829,3783266,0,0,2.857831,2389.57447
0.852168,6839,3788806,0,0,2.858595,2392.434134
0.852168,6849,3794346,0,0,2.858608,2395.920966
0.852168,6859,3799886,0,0,2.868538,2391.113603
0.852168,6869,3805426,0,0,2.868598,2394.549745
0.852168,6879,3810966,0,0,2.965358,2319.78697
0.852168,6889,3816506,0,0,2.965371,2323.149157
0.852168,6899,3822046,0,0,2.966089,2325.958332
0.852168,6909,3827586,0,0,2.966826,2328.750988
0.852168,6919,3833126,0,0,2.966843,2332.108661
0.852168,6929,3838666,0,0,2.967541,2334.929845
0.852168,6939,3844206,0,0,2.968707,2337.381157
0.852168,6949,3849746,0,0,2.969585,2340.057475
0.852168,6959,3855286,0,0,2.971412,2341.984072
0.852168,6969,3860826,0,0,2.97291,2344.167705
0.852168,6979,3866366,0,0,2.97356,2347.018126
0.852168,6989,3871906,0,0,2.975637,2348.740635
0.852168,6999,3877446,0,0,2.978662,2349.712524
0.852168,7009,3882986,0,0,2.97868,2353.05561
0.852168,7019,3888526,0,0,2.978694,2356.401674
0.852168,7029,3894066,0,0,2.979334,2359.252009
0.852168,7039,3899606,0,0,2.979419,2362.541537
0.852168,7049,3905146,0,0,2.982095,2363.774647
0.852168,7059,3910686,0,0,2.983314,2366.160745
0.852168,7069,3916226,0,0,2.983477,2369.383203
0.852168,7079,3921766,0,0,2.98412,2372.223344
0.852168,7089,3927306,0,0,2.990197,2370.746855
0.852168,7099,3932846,0,0,2.990849,2373.573888
0.852168,7109,3938386,0,0,2.990862,2376.90681
0.852168,7119,3943926,0,0,2.990875,2380.239702
0.852168,7135,3952790,0,0,2.997276,2380.494769
0.852168,7145,3958330,0,0,2.997333,2383.785623
0.852168,7155,3963870,0,0,2.997975,2386.611064
0.852168,7165,3969410,0,0,2.999707,2388.56663
0.852168,7175,3974950,0,0,3.00136,2390.583174
0.852168,7185,3980490,0,0,3.002431,2393.06108
0.852168,7195,3986030,0,0,3.002483,2396.350041
0.852168,7204,3991016,0,0,3.005675,2396.799706
0.852168,7212,3995448,0,0,3.007201,2398.243641
0.930359,7222,4000988,0,0,3.118002,2316.227089
0.930359,7232,4006528,0,0,3.118015,2319.424162
0.930359,7242,4012068,0,0,3.118029,2322.621207
0.930359,7252,4017608,0,0,3.118683,2325.340818
0.930359,7262,4023148,0,0,3.118843,2328.427502
0.930359,7272,4028688,0,0,3.11975,2330.955811
0.930359,7282,4034228,0,0,3.120322,2333.733871
0.930359,7292,4039768,0,0,3.120973,2336.450762
0.930359,7302,4045308,0,0,3.12162,2339.169913
0.930359,7312,4050848,0,0,3.122168,2341.962332
0.930359,7322,4056388,0,0,3.123153,2344.425313
0.930359,7332,4061928,0,0,3.123403,2347.439581
0.930359,7342,4067468,0,0,3.124372,2349.912234
0.930359,7352,4073008,0,0,3.125989,2351.895702
0.930359,7362,4078548,0,0,3.12664,2354.604601
0.930359,7372,4084088,0,0,3.132228,2353.596124
0.930359,7382,4089628,0,0,3.132243,2356.777617
0.930359,7392,4095168,0,0,3.132267,2359.952434
0.930359,7402,4100708,0,0,3.13333,2362.343218
0.930359,7412,4106248,0,0,3.133353,2365.517071
0.930359,7422,4111788,0,0,3.134502,2367.8403
0.930359,7432,4117328,0,0,3.134531,2371.008597
0.930359,7442,4122868,0,0,3.136252,2372.895931
0.930359,7452,4128408,0,0,3.137328,2375.269725
0.930359,7462,4133948,0,0,3.13769,2378.182986
0.930359,7472,4139488,0,0,3.139318,2380.13444
0.930359,7482,4145028,0,0,3.139351,2383.295048
0.930359,7492,4150568,0,0,3.139799,2386.139734
0.930359,7502,4156108,0,0,3.140942,2388.455364
0.930359,7512,4161648,0,0,3.141091,2391.526028
0.915157,7522,4167188,0,0,3.232129,2327.258698
0.915157,7532,4172728,0,0,3.232143,2330.34232
0.915157,7542,4178268,0,0,3.232157,2333.42626
0.915157,7552,4183808,0,0,3.233257,2335.72555
0.915157,7562,4189348,0,0,3.233632,2338.546809
0.915157,7572,4194888,0,0,3.234978,2340.664751
0.915157,7582,4200428,0,0,3.234991,2343.746634
0.915157,7592,4205968,0,0,3.235525,2346.450462
0.915157,7602,4211508,0,0,3.236475,2348.85194
0.915157,7612,4217048,0,0,3.236707,2351.772633
0.915157,7622,4222588,0,0,3.239571,2352.78042
0.915157,7632,4228128,0,0,3.239593,2355.851297
0.915157,7642,4233668,0,0,3.24041,2358.343651
0.915157,7652,4239208,0,0,3.241374,2360.72726
0.915157,7662,4244748,0,0,3.241642,2363.616611
0.915157,7672,4250288,0,0,3.242773,2365.876499
0.915157,7682,4255828,0,0,3.2432,2368.64855
0.915157,7692,4261368,0,0,3.243824,2371.27538
0.915157,7702,4266908,0,0,3.244779,2373.65944
0.915157,7712,4272448,0,0,3.245009,2376.572452
0.915157,7722,4277988,0,0,3.246187,2378.791066
0.915157,7732,4283528,0,0,3.246285,2381.799181
0.915157,7742,4289068,0,0,3.246902,2384.426938
0.915157,7752,4294608,0,0,3.249712,2385.442513
0.915157,7762,4300148,0,0,3.250327,2388.067335
0.915157,7772,4305688,0,0,3.251582,2390.221373
0.915157,7782,4311228,0,0,3.251595,2393.287323
0.915157,7792,4316768,0,0,3.254962,2393.883578
0.915157,7802,4322308,0,0,3.257853,2394.828543
0.915157,7812,4327848,0,0,3.258854,2397.161591
0.915157,7822,4333388,0,0,3.343286,2339.614186
0.915157,7832,4338928,0,0,3.343299,2342.596234
0.915157,7842,4344468,0,0,3.343312,2345.578427
0.915157,7852,4350008,0,0,3.344236,2347.920159
0.915157,7862,4355548,0,0,3.344249,2350.901328
0.915157,7872,4361088,0,0,3.345167,2353.245965
0.915157,7882,4366628,0,0,3.345191,2356.218392
0.915157,7892,4372168,0,0,3.345616,2358.907992
0.915157,7902,4377708,0,0,3.346627,2361.183199
0.915157,7912,4383248,0,0,3.346831,2364.027117
0.915157,7922,4388788,0,0,3.348114,2366.108362
0.915157,7932,4394328,0,0,3.349189,2368.334681
0.915157,7942,4399868,0,0,3.350198,2370.606302
0.915157,7952,4405408,0,0,3.350985,2373.033396
0.915157,7962,4410948,0,0,3.351592,2375.587775
0.915157,7972,4416488,0,0,3.352812,2377.705434
0.915157,7982,4422028,0,0,3.352835,2380.671922
0.915157,7992,4427568,0,0,3.35346,2383.210294
0.915157,8002,4433108,0,0,3.357438,2383.364873
0.915157,8012,4438648,0,0,3.360647,2384.064592
0.915157,8022,4444188,0,0,3.363225,2385.210467
0.915157,8032,4449728,0,0,3.363855,2387.73694
0.915157,8042,4455268,0,0,3.364695,2390.112913
0.915157,8052,4460808,0,0,3.466005,2323.135815
0.915157,8062,4466348,0,0,3.466032,2326.003062
0.915157,8072,4471888,0,0,3.466651,2328.472246
0.915157,8082,4477428,0,0,3.466952,2331.154385
0.915157,8092,4482968,0,0,3.467795,2333.47134
0.915157,8102,4488508,0,0,3.469712,2335.064268
0.915157,8112,4494048,0,0,3.470915,2337.135671
0.915157,8122,4499588,0,0,3.4712,2339.824691
0.915157,8132,4505128,0,0,3.471851,2342.266342
0.915157,8142,4510668,0,0,3.472695,2344.576526
0.915157,8152,4516208,0,0,3.473088,2347.190724
0.915157,8162,4521748,0,0,3.474199,2349.318305
0.915157,8172,4527288,0,0,3.476592,2350.578086
0.915157,8182,4532828,0,0,3.477215,2353.032493
0.915157,8192,4538368,0,0,3.478048,2355.344089
0.915157,8202,4543908,0,0,3.478387,2357.989737
0.915157,8212,4549448,0,0,3.479582,2360.053706
0.915157,8222,4554988,0,0,3.479632,2362.893453
0.915157,8232,4560528,0,0,3.481697,2364.364542
0.915157,8242,4566068,0,0,3.482558,2366.651496
0.915157,8252,4571608,0,0,3.483248,2369.053092
0.915157,8262,4577148,0,0,3.484395,2371.143322
0.915129,8272,4582688,0,0,3.484522,2373.926683
0.915129,8282,4588228,0,0,3.485138,2376.376367
0.915129,8292,4593768,0,0,3.486025,2378.640364
0.915129,8302,4599308,0,0,3.490311,2378.584665
0.915129,8312,4604848,0,0,3.586476,2317.595419
0.915129,8322,4610388,0,0,3.586492,2320.373029
0.915129,8332,4615928,0,0,3.586506,2323.152311
0.915129,8342,4621468,0,0,3.587129,2325.536587
0.915129,8352,4627008,0,0,3.587142,2328.315975
0.915129,8362,4632548,0,0,3.587746,2330.711477
0.915129,8372,4638088,0,0,3.587759,2333.490058
0.915129,8382,4643628,0,0,3.587771,2336.269396
0.915129,8392,4649168,0,0,3.588371,2338.665937
0.915129,8402,4654708,0,0,3.590483,2340.075325
0.915129,8412,4660248,0,0,3.591166,2342.414679
0.915129,8422,4665788,0,0,3.591179,2345.190571
0.915129,8432,4671328,0,0,3.591454,2347.795609
0.915129,8442,4676868,0,0,3.592644,2349.801599
0.915129,8452,4682408,0,0,3.593158,2352.248352
0.915129,8462,4687948,0,0,3.594488,2354.160098
0.915129,8472,4693488,0,0,3.594507,2356.929785
0.915129,8482,4699028,0,0,3.59508,2359.335603
0.915129,8492,4704568,0,0,3.595872,2361.596746
0.915129,8502,4710108,0,0,3.596163,2364.186473
0.915129,8512,4715648,0,0,3.597586,2366.030741
0.915129,8522,4721188,0,0,3.597664,2368.759363
0.915129,8532,4726728,0,0,3.598111,2371.244458
0.915129,8542,4732268,0,0,3.598921,2373.48944
0.915129,8552,4737808,0,0,3.599259,2376.044376
0.915129,8562,4743348,0,0,3.601208,2377.535399
0.915129,8572,4748888,0,0,3.603542,2378.770763
0.915129,8582,4754428,0,0,3.604097,2381.179048
0.915129,8592,4759968,0,0,3.60492,2383.409242
0.915129,8602,4765508,0,0,3.605211,2385.990552
0.915129,8612,4771048,0,0,3.60635,2388.010232
0.915129,8622,4776588,0,0,3.606374,2390.767313
0.915129,8632,4782128,0,0,3.616854,2386.60468
0.909816,8642,4787668,0,0,3.703658,2333.368878
0.909816,8652,4793208,0,0,3.703672,2336.06019
0.909816,8662,4798748,0,0,3.704311,2338.356797
0.909816,8672,4804288,0,0,3.705669,2340.197966
0.909816,8682,4809828,0,0,3.705691,2342.883118
0.909816,8692,4815368,0,0,3.706328,2345.178354
0.909816,8702,4820908,0,0,3.708872,2346.266027
0.909816,8712,4826448,0,0,3.709531,2348.544977
0.909816,8722,4831988,0,0,3.709545,2351.231518
0.909816,8732,4837528,0,0,3.709648,2353.862213
0.909816,8742,4843068,0,0,3.710533,2355.995817
0.909816,8752,4848608,0,0,3.711547,2358.046454
0.909816,8762,4854148,0,0,3.713293,2359.630457
0.909816,8772,4859688,0,0,3.713307,2362.314839
0.909816,8782,4865228,0,0,3.71332,2364.999353
0.909816,8792,4870768,0,0,3.714001,2367.258573
0.909816,8802,4876308,0,0,3.714014,2369.942719
0.909816,8812,4881848,0,0,3.717598,2370.34776
0.909816,8822,4887388,0,0,3.717616,2373.026407
0.909816,8832,4892928,0,0,3.71932,2374.62743
0.909816,8842,4898468,0,0,3.720233,2376.733031
0.909816,8852,4904008,0,0,3.720826,2379.0417
0.900862,8862,4909548,0,0,3.722041,2380.951811
0.900862,8872,4915088,0,0,3.722054,2383.629806
0.900862,8882,4920628,0,0,3.722436,2386.0721
0.900862,8892,4926168,0,0,3.7233,2388.203872
0.900862,8902,4931708,0,0,3.723814,2390.559933
0.900862,8912,4937248,0,0,3.818194,2334.087553
0.900862,8922,4942788,0,0,3.81821,2336.696816
0.900862,8932,4948328,0,0,3.818223,2339.308249
0.900862,8942,4953868,0,0,3.818839,2341.549603
0.900862,8952,4959408,0,0,3.818851,2344.160883
0.900862,8963,4965502,0,0,3.819809,2346.452426
0.900862,8973,4971042,0,0,3.820126,2348.875515
0.900862,8983,4976582,0,0,3.824644,2348.715131
0.900862,8993,4982122,0,0,3.825254,2350.954725
0.900862,9003,4987662,0,0,3.825267,2353.561155
0.900862,9013,4993202,0,0,3.825869,2355.804604
0.900862,9023,4998742,0,0,3.825881,2358.410893
0.900862,9033,5004282,0,0,3.826765,2360.479523
0.900862,9043,5009822,0,0,3.827646,2362.548668
0.900862,9053,5015362,0,0,3.82819,2364.825245
0.900862,9063,5020902,0,0,3.82929,2366.757485
0.900862,9073,5026442,0,0,3.829352,2369.330285
0.900862,9083,5031982,0,0,3.829848,2371.634561
0.900862,9093,5037522,0,0,3.836723,2369.991064
0.900862,9103,5043062,0,0,3.836744,2372.58448
0.900862,9113,5048602,0,0,3.8374,2374.784888
0.900862,9123,5054142,0,0,3.837413,2377.383138
0.900862,9133,5059682,0,0,3.837426,2379.980928
0.900862,9143,5065222,0,0,3.838022,2382.216825
0.900862,9153,5070762,0,0,3.83881,2384.332813
0.900862,9163,5076302,0,0,3.83982,2386.30998
0.900862,9173,5081842,0,0,3.83989,2388.870216
0.900862,9183,5087382,0,0,3.840804,2390.905889
0.900862,9193,5092922,0,0,3.941509,2332.355305
0.900862,9203,5098462,0,0,3.941522,2334.884918
0.900862,9213,5104002,0,0,3.942127,2337.06308
0.900862,9223,5109542,0,0,3.944824,2338.000106
0.900862,9233,5115082,0,0,3.944927,2340.474248
0.900862,9243,5120622,0,0,3.945573,2342.625749
0.900862,9253,5126162,0,0,3.945586,2345.152299
0.900862,9263,5131702,0,0,3.946221,2347.308915
0.900862,9273,5137242,0,0,3.946616,2349.607622
0.900862,9283,5142782,0,0,3.951532,2349.215511
0.900862,9293,5148322,0,0,3.952213,2351.340711
0.900862,9303,5153862,0,0,3.952227,2353.862845
0.900862,9313,5159402,0,0,3.952875,2356.00648
0.900862,9323,5164942,0,0,3.955038,2357.246589
0.900862,9333,5170482,0,0,3.958288,2357.837273
0.900862,9343,5176022,0,0,3.958989,2359.94585
0.900862,9353,5181562,0,0,3.959002,2362.46378
0.900862,9363,5187102,0,0,3.959641,2364.608034
0.900862,9373,5192642,0,0,3.959724,2367.084058
0.900862,9383,5198182,0,0,3.960025,2369.429585
0.900862,9393,5203722,0,0,3.960788,2371.497643
0.900862,9403,5209262,0,0,3.961201,2373.775053
0.900862,9413,5214802,0,0,3.96241,2375.574334
0.900862,9423,5220342,0,0,3.962585,2377.99317
0.900862,9433,5225882,0,0,3.963926,2379.711524
0.900862,9443,5231422,0,0,3.965511,2381.282245
0.900862,9453,5236962,0,0,3.966135,2383.428975
0.900862,9463,5242502,0,0,4.026709,2350.057889
0.900862,9473,5248042,0,0,4.026723,2352.533088
0.900862,9483,5253582,0,0,4.026737,2355.008688
0.900862,9493,5259122,0,0,4.027387,2357.111224
0.900862,9503,5264662,0,0,4.027401,2359.586401
0.900862,9513,5270202,0,0,4.028709,2361.302381
0.900862,9523,5275742,0,0,4.028828,2363.714903
0.900862,9533,5281282,0,0,4.030849,2365.01046
0.900862,9543,5286822,0,0,4.033792,2365.763875
0.900862,9553,5292362,0,0,4.034358,2367.910955
0.900862,9563,5297902,0,0,4.035035,2369.992036
0.900862,9573,5303442,0,0,4.035048,2372.462199
0.900862,9583,5308982,0,0,4.035061,2374.932906
0.900862,9593,5314522,0,0,4.039578,2374.753169
0.900862,9603,5320062,0,0,4.040034,2376.960021
0.900862,9613,5325602,0,0,4.042883,2377.758411
0.900862,9623,5331142,0,0,4.044436,2379.318168
0.900862,9633,5336682,0,0,4.044459,2381.776941
0.900862,9643,5342222,0,0,4.045087,2383.879448
0.900862,9653,5347762,0,0,4.045099,2386.34455
0.900862,9663,5353302,0,0,4.051282,2385.170958
0.900862,9673,5358842,0,0,4.051295,2387.631584
0.900862,9683,5364382,0,0,4.051308,2390.092476
0.900862,9693,5369922,0,0,4.138984,2341.878955
0.900862,9703,5375462,0,0,4.138997,2344.287985
0.900862,9713,5381002,0,0,4.139603,2346.360324
0.900862,9723,5386542,0,0,4.140345,2348.355244
0.900862,9733,5392082,0,0,4.140956,2350.423607
0.900862,9743,5397622,0,0,4.141788,2352.365961
0.900862,9753,5403162,0,0,4.14217,2354.562974
0.900862,9763,5408702,0,0,4.143293,2356.338223
0.900862,9773,5414242,0,0,4.148122,2356.005746
0.900862,9783,5419782,0,0,4.14908,2357.87222
0.900862,9793,5425322,0,0,4.149915,2359.807517
0.900862,9803,5430862,0,0,4.150279,2362.009989
0.900862,9813,5436402,0,0,4.15172,2363.598946
0.900862,9823,5441942,0,0,4.15181,2365.955821
0.900862,9833,5447482,0,0,4.152391,2368.033421
0.900862,9843,5453022,0,0,4.153529,2369.791818
0.900862,9853,5458562,0,0,4.153633,2372.14045
0.900862,9863,5464102,0,0,4.154814,2373.872675
0.900862,9873,5469642,0,0,4.155118,2376.105539
0.900862,9883,5475182,0,0,4.155797,2378.123857
0.900862,9893,5480722,0,0,4.156596,2380.072298
0.900862,9903,5486262,0,0,4.159262,2380.950996
0.900862,9913,5491802,0,0,4.160425,2382.689025
0.900862,9923,5497342,0,0,4.160443,2385.082375
0.900862,9933,5502882,0,0,4.161357,2386.961932
0.900862,9943,5508422,0,0,4.162135,2388.91839
0.900862,9953,5513962,0,0,4.162565,2391.07364
0.900862,9963,5519502,0,0,4.222425,2359.544583
0.900862,9973,5525042,0,0,4.22244,2361.904222
0.900862,9983,5530582,0,0,4.222455,2364.264511
0.900862,9993,5536122,0,0,4.223703,2365.933318
0.900862,10003,5541662,0,0,4.224305,2367.963402
0.900862,10013,5547202,0,0,4.225402,2369.715557
0.900862,10023,5552742,0,0,4.225472,2372.042444
0.900862,10033,5558282,0,0,4.225502,2374.392297
0.900862,10043,5563822,0,0,4.226145,2376.39752
0.900862,10053,5569362,0,0,4.22635,2378.64807
0.900862,10063,5574902,0,0,4.22779,2380.203437
0.900862,10073,5580442,0,0,4.227895,2382.509622
0.900862,10083,5585982,0,0,4.228512,2384.526997
0.900862,10093,5591522,0,0,4.229372,2386.40629
0.900862,10103,5597062,0,0,4.229779,2388.54073
0.900862,10113,5602602,0,0,4.230901,2390.271276
0.900862,10123,5608142,0,0,4.232752,2391.58808
0.900862,10133,5613682,0,0,4.233469,2393.545335
0.900862,10143,5619222,0,0,4.234182,2395.503817
0.900862,10153,5624762,0,0,4.23901,2395.134794
0.900862,10163,5630302,0,0,4.337863,2342.858444
0.900862,10173,5635842,0,0,4.337877,2345.156637
0.900862,10183,5641382,0,0,4.337889,2347.455074
0.900862,10193,5646922,0,0,4.338495,2349.432354
0.900862,10203,5652462,0,0,4.338507,2351.730581
0.900862,10213,5658002,0,0,4.339456,2353.520637
0.900862,10223,5663542,0,0,4.339766,2355.65708
0.900862,10233,5669082,0,0,4.340368,2357.634044
0.900862,10243,5674622,0,0,4.34108,2359.551106
0.900862,10253,5680162,0,0,4.341477,2361.638722
0.900862,10263,5685702,0,0,4.34251,2363.379453
0.900862,10273,5691242,0,0,4.345372,2364.124557
0.900862,10283,5696782,0,0,4.347249,2365.403943
0.900862,10293,5702322,0,0,4.347968,2367.312805
0.900862,10303,5707862,0,0,4.348526,2369.308328
0.900862,10313,5713402,0,0,4.349586,2371.030119
0.900862,10323,5718942,0,0,4.349626,2373.307723
0.900862,10333,5724482,0,0,4.350469,2375.146159
0.900862,10343,5730022,0,0,4.351267,2377.008887
0.900862,10353,5735562,0,0,4.351569,2379.141642
0.900862,10363,5741102,0,0,4.352612,2380.869485
0.900862,10373,5746642,0,0,4.352693,2383.122573
0.900862,10383,5752182,0,0,4.353242,2385.118866
0.900862,10393,5757722,0,0,4.354123,2386.933096
0.900862,10403,5763262,0,0,4.360413,2385.78301
0.900862,10413,5768802,0,0,4.36043,2388.067361
0.900862,10423,5774342,0,0,4.360461,2390.343853
0.900862,10433,5779882,0,0,4.361278,2392.18855
0.900862,10443,5785422,0,0,4.459347,2341.822688
0.900862,10453,5790962,0,0,4.460212,2343.610577
0.900862,10463,5796502,0,0,4.460741,2345.574652
0.900862,10473,5802042,0,0,4.461764,2347.277842
0.900862,10483,5807582,0,0,4.466394,2347.083603
0.900862,10493,5813122,0,0,4.467096,2348.953528
0.900862,10503,5818662,0,0,4.467109,2351.185091
0.900862,10513,5824202,0,0,4.468396,2352.745719
0.900862,10523,5829742,0,0,4.469416,2354.446359
0.900862,10533,5835282,0,0,4.469429,2356.677125
0.900862,10543,5840822,0,0,4.470388,2358.408172
0.900862,10553,5846362,0,0,4.470407,2360.635042
0.900862,10563,5851902,0,0,4.47042,2362.865296
0.900862,10573,5857442,0,0,4.473424,2363.513966
0.900862,10583,5862982,0,0,4.474297,2365.287751
0.900862,10593,5868522,0,0,4.47589,2366.679936
0.900862,10603,5874062,0,0,4.476008,2368.851668
0.900862,10613,5879602,0,0,4.476757,2370.689418
0.900862,10623,5885142,0,0,4.477669,2372.439514
0.900862,10633,5890682,0,0,4.477909,2374.545878
0.900862,10643,5896222,0,0,4.479285,2376.048729
0.900862,10653,5901762,0,0,4.479298,2378.274265
0.900862,10663,5907302,0,0,4.479615,2380.33825
0.900862,10673,5912842,0,0,4.48068,2382.00427
0.900862,10683,5918382,0,0,4.480731,2384.209305
0.900862,10693,5923922,0,0,4.586024,2331.649353
0.900862,10703,5929462,0,0,4.586038,2333.822611
0.900862,10713,5935002,0,0,4.586051,2335.996706
0.900862,10723,5940542,0,0,4.586707,2337.842998
0.900862,10733,5946082,0,0,4.590023,2338.33261
0.900862,10743,5951622,0,0,4.59353,2338.724401
0.900862,10753,5957162,0,0,4.593544,2340.894329
0.900862,10763,5962702,0,0,4.593556,2343.064853
0.900862,10773,5968242,0,0,4.594666,2344.675567
0.900862,10783,5973782,0,0,4.59468,2346.844454
0.900862,10793,5979322,0,0,4.595936,2348.379059
0.900862,10803,5984862,0,0,4.595994,2350.525264
0.900862,10813,5990402,0,0,4.596635,2352.372811
0.900862,10823,5995942,0,0,4.598347,2353.672022
0.900862,10833,6001482,0,0,4.60751,2351.161549
0.900862,10843,6007022,0,0,4.610023,2352.048748
0.900862,10853,6012562,0,0,4.610039,2354.210143
0.900862,10863,6018102,0,0,4.610052,2356.372497
0.900862,10873,6023642,0,0,4.612765,2357.154511
0.900862,10883,6029182,0,0,4.612779,2359.315335
0.900862,10893,6034722,0,0,4.614563,2360.569983
0.900862,10903,6040262,0,0,4.614578,2362.729833
0.900862,10913,6045802,0,0,4.615341,2364.505704
0.900862,10923,6051342,0,0,4.61607,2366.298466
0.900862,10933,6056882,0,0,4.616083,2368.45845
0.900862,10943,6062422,0,0,4.617285,2370.007476
0.900862,10953,6067962,0,0,4.617299,2372.166269
0.900862,10963,6073502,0,0,4.617941,2374.001552
0.900862,10973,6079042,0,0,4.618741,2375.755503
0.900862,10983,6084582,0,0,4.619342,2377.611557
0.900862,10999,6093446,0,0,4.620508,2380.474205
0.900862,11009,6098986,0,0,4.621731,2382.008177
0.900862,11019,6104526,0,0,4.622618,2383.714184
0.900862,11027,6108958,0,0,4.622632,2385.43767
0.900862,11035,6113390,0,0,4.623006,2386.975123
0.900862,11045,6118930,0,0,4.623683,2388.788098
0.900862,11055,6124470,0,0,4.624288,2390.638257
0.900862,11065,6130010,0,0,4.738168,2335.290888
0.900862,11075,6135550,0,0,4.738182,2337.394234
0.900862,11085,6141090,0,0,4.738195,2339.498626
0.900862,11095,6146630,0,0,4.738861,2341.280092
0.900862,11105,6152170,0,0,4.740823,2342.420513
0.900862,11115,6157710,0,0,4.741646,2344.122787
0.900862,11125,6163250,0,0,4.741661,2346.224092
0.900862,11135,6168790,0,0,4.741674,2348.326917
0.900862,11145,6174330,0,0,4.742571,2349.991
0.900862,11155,6179870,0,0,4.742595,2352.087973
0.900862,11165,6185410,0,0,4.743676,2353.659812
0.900862,11175,6190950,0,0,4.74369,2355.761133
0.900862,11185,6196490,0,0,4.745775,2356.833073
0.900862,11195,6202030,0,0,4.746721,2358.470417
0.900862,11205,6207570,0,0,4.7471,2360.388272
0.900862,11215,6213110,0,0,4.748761,2361.668448
0.900862,11225,6218650,0,0,4.749398,2363.457317
0.900862,11235,6224190,0,0,4.750588,2364.970429
0.900862,11245,6229730,0,0,4.751538,2366.602359
0.900862,11255,6235270,0,0,4.75155,2368.700522
0.900862,11265,6240810,0,0,4.752276,2370.443159
0.900862,11275,6246350,0,0,4.752291,2372.539677
0.900862,11285,6251890,0,0,4.754924,2373.329414
0.900862,11295,6257430,0,0,4.756093,2374.848538
0.900862,11305,6262970,0,0,4.756117,2376.93895
0.900862,11315,6268510,0,0,4.759048,2377.576244
0.900862,11325,6274050,0,0,4.759065,2379.669278
0.900862,11335,6279590,0,0,4.759377,2381.614231
0.900862,11345,6285130,0,0,4.864182,2332.354936
0.900862,11355,6290670,0,0,4.864196,2334.404487
0.900862,11365,6296210,0,0,4.865032,2336.058653
0.900862,11375,6301750,0,0,4.865047,2338.106919
0.900862,11385,6307290,0,0,4.865096,2340.139002
0.900862,11395,6312830,0,0,4.866093,2341.714428
0.900862,11405,6318370,0,0,4.876089,2338.964873
0.90645,11415,6323910,0,0,4.876948,2340.603009
0.90645,11425,6329450,0,0,4.876961,2342.647517
0.90645,11435,6334990,0,0,4.877964,2344.215962
0.90645,11445,6340530,0,0,4.877976,2346.25992
0.90645,11455,6346070,0,0,4.877999,2348.298817
0.90645,11465,6351610,0,0,4.878894,2349.917901
0.90645,11475,6357150,0,0,4.878929,2351.950766
0.90645,11485,6362690,0,0,4.880102,2353.43457
0.90645,11495,6368230,0,0,4.881077,2355.013019
0.90645,11505,6373770,0,0,4.881585,2356.816657
0.90645,11515,6379310,0,0,4.882459,2358.44278
0.90645,11525,6384850,0,0,4.882935,2360.260648
0.90645,11535,6390390,0,0,4.884133,2361.72948
0.90645,11545,6395930,0,0,4.884218,2363.735503
0.90645,11555,6401470,0,0,4.884652,2365.572867
0.90645,11565,6407010,0,0,4.885537,2367.191204
0.90645,11575,6412550,0,0,4.886113,2368.958524
0.90645,11585,6418090,0,0,4.977333,2327.551691
0.90645,11595,6423630,0,0,4.977348,2329.55388
0.90645,11605,6429170,0,0,4.97736,2331.557063
0.90645,11615,6434710,0,0,4.978177,2333.183379
0.90645,11625,6440250,0,0,4.978192,2335.185325
0.90645,11635,6445790,0,0,4.979934,2336.376133
0.90645,11645,6451330,0,0,4.979961,2338.371541
0.90645,11655,6456870,0,0,4.980062,2340.332193
0.90645,11665,6462410,0,0,4.981014,2341.892741
0.90645,11675,6467950,0,0,4.981173,2343.825422
0.90645,11685,6473490,0,0,4.982364,2345.272273
0.90645,11695,6479030,0,0,4.983536,2346.727077
0.90645,11705,6484570,0,0,4.98436,2348.34541
0.90645,11715,6490110,0,0,4.98539,2349.866222
0.90645,11725,6495650,0,0,4.985675,2351.737796
0.90645,11735,6501190,0,0,4.986857,2353.185613
0.90645,11745,6506730,0,0,4.986999,2355.124002
0.90645,11755,6512270,0,0,4.987312,2356.981151
0.90645,11765,6517810,0,0,4.988344,2358.498153
0.90645,11775,6523350,0,0,4.988524,2360.417424
0.90645,11785,6528890,0,0,4.989569,2361.927252
0.90645,11795,6534430,0,0,4.98985,2363.798716
0.90645,11805,6539970,0,0,4.990338,2365.571415
0.90645,11815,6545510,0,0,4.99147,2367.038233
0.90645,11825,6551050,0,0,4.991545,2369.005781
0.90645,11835,6556590,0,0,4.992871,2370.379779
0.90645,11845,6562130,0,0,4.992884,2372.376404
0.483467,117,64818,0,0,0.105798,1105.88594
0.470818,127,70358,0,0,0.106363,1194.026262
0.470818,137,75898,0,0,0.107727,1271.732578
0.470818,147,81438,0,0,0.10774,1364.399732
0.470818,157,86978,0,0,0.108343,1449.099801
0.470818,167,92518,0,0,0.109448,1525.836043
0.470818,177,98058,0,0,0.109476,1616.794921
0.470818,187,103598,0,0,0.115013,1625.904797
0.470818,197,109138,0,0,0.115048,1712.329784
0.685466,207,114678,0,0,0.11506,1799.056208
0.685466,217,120218,0,0,0.115711,1875.366183
0.685466,227,125758,0,0,0.116095,1955.29412
0.685466,237,131298,0,0,0.118291,2003.527256
0.685466,247,136838,0,0,0.118505,2084.300222
0.685466,257,142378,0,0,0.119002,2159.630012
0.730328,267,147918,0,0,0.12006,2223.88425
0.730328,277,153458,0,0,0.120075,2306.896349
0.730328,287,158998,0,0,0.121227,2367.454231
0.730328,297,164538,0,0,0.121554,2443.365353
0.730328,307,170078,0,0,0.122059,2515.169972
0.730328,317,175618,0,0,0.123138,2574.348507
0.730328,327,181158,0,0,0.123219,2653.811222
0.730328,337,186698,0,0,0.215765,1561.886188
0.730328,347,192238,0,0,0.215778,1608.137002
0.730328,357,197778,0,0,0.21579,1654.384125
0.730328,367,203318,0,0,0.216689,1693.674444
0.730328,377,208858,0,0,0.216795,1738.968342
0.730328,387,214398,0,0,0.217942,1775.703739
0.730328,397,219938,0,0,0.21797,1821.350452
0.730328,407,225478,0,0,0.218048,1866.564754
0.730328,417,231018,0,0,0.218969,1904.380304
0.730328,427,236558,0,0,0.219455,1945.731273
0.730328,437,242098,0,0,0.221123,1976.271563
0.730328,447,247638,0,0,0.221137,2021.370939
0.730328,457,253178,0,0,0.221251,2065.522834
0.730328,467,258718,0,0,0.225207,2073.651358
0.730328,477,264258,0,0,0.22581,2112.3949
0.730328,487,269798,0,0,0.226773,2147.521748
0.730328,497,275338,0,0,0.226787,2191.482766
0.730328,507,280878,0,0,0.22847,2219.108884
0.730328,517,286418,0,0,0.229408,2253.628815
0.730328,527,291958,0,0,0.229448,2296.818293
0.730328,537,297498,0,0,0.230383,2330.897144
0.730328,547,303038,0,0,0.230399,2374.143348
0.730328,557,308578,0,0,0.230703,2414.36337
0.730328,567,314118,0,0,0.231699,2447.13806
0.730328,577,319658,0,0,0.231759,2489.654436
0.730328,587,325198,0,0,0.233113,2518.094114
0.730328,597,330738,0,0,0.233954,2551.781598
0.730328,607,336278,0,0,0.234797,2585.217147
0.730328,617,341818,0,0,0.339542,1817.154166
0.730328,627,347358,0,0,0.339555,1846.534298
0.730328,637,352898,0,0,0.34039,1871.384318
0.730328,647,358438,0,0,0.340403,1900.690518
0.730328,657,363978,0,0,0.340415,1929.995852
0.730328,667,369518,0,0,0.342335,1948.383974
0.730328,677,375058,0,0,0.342715,1975.403533
0.730328,687,380598,0,0,0.345407,1988.956529
0.730328,697,386138,0,0,0.34544,2017.717056
0.730328,707,391678,0,0,0.345453,2046.589374
0.730328,717,397218,0,0,0.346301,2070.454115
0.730328,727,402758,0,0,0.346314,2099.252696
0.730328,737,408298,0,0,0.346945,2124.255716
0.730328,747,413838,0,0,0.349513,2137.262145
0.730328,757,419378,0,0,0.350891,2157.365877
0.730328,767,424918,0,0,0.351747,2180.544316
0.730328,777,430458,0,0,0.352575,2203.78603
0.730328,787,435998,0,0,0.353877,2223.939138
0.730328,797,441538,0,0,0.35389,2252.114124
0.730328,807,447078,0,0,0.355102,2272.587596
0.730328,817,452618,0,0,0.355129,2300.570901
0.730328,827,458158,0,0,0.355972,2323.21454
0.730328,837,463698,0,0,0.361171,2317.463296
0.730328,847,469238,0,0,0.420817,2012.753013
0.730328,857,474778,0,0,0.421452,2033.447207
0.730328,867,480318,0,0,0.421464,2057.113035
0.730328,877,485858,0,0,0.421744,2079.459992
0.730328,887,491398,0,0,0.422453,2099.642218
0.730328,897,496938,0,0,0.422799,2121.577339
0.730328,907,502478,0,0,0.423832,2139.996764
0.730328,917,508018,0,0,0.424173,2161.855607
0.730328,927,513558,0,0,0.424719,2182.617853
0.730328,937,519098,0,0,0.425483,2202.20197
0.730328,947,524638,0,0,0.425948,2223.277823
0.730328,957,530178,0,0,0.428667,2232.501795
0.730328,967,535718,0,0,0.428918,2254.512045
0.730328,977,541258,0,0,0.429472,2274.887796
0.730328,987,546798,0,0,0.430236,2294.087945
0.730328,997,552338,0,0,0.430902,2313.752412
0.730328,1007,557878,0,0,0.435305,2313.318648
0.730328,1017,563418,0,0,0.435318,2336.223211
0.730328,1027,568958,0,0,0.435331,2359.126445
0.730328,1037,574498,0,0,0.435928,2378.832622
0.730328,1047,580038,0,0,0.436026,2401.233736
0.730328,1057,585578,0,0,0.530401,1992.831871
0.730328,1067,591118,0,0,0.530415,2011.633085
0.730328,1077,596658,0,0,0.530428,2030.436056
0.730328,1087,602198,0,0,0.531067,2046.823124
0.730328,1097,607738,0,0,0.531323,2064.658565
0.730328,1107,613278,0,0,0.532458,2079.037889
0.730328,1117,618818,0,0,0.532471,2097.767057
0.730328,1127,624358,0,0,0.533891,2110.916034
0.730328,1137,629898,0,0,0.536599,2118.90196
0.730328,1147,635438,0,0,0.536612,2137.485627
0.730328,1157,640978,0,0,0.537248,2153.569184
0.730328,1167,646518,0,0,0.537261,2172.130521
0.730328,1177,652058,0,0,0.537775,2188.647507
0.730328,1187,657598,0,0,0.538518,2204.198618
0.730328,1197,663138,0,0,0.538828,2221.48953
0.730328,1207,668678,0,0,0.539951,2235.388657
0.730328,1217,674218,0,0,0.539963,2253.85711
0.730328,1227,679758,0,0,0.540538,2269.960364
0.730328,1237,685298,0,0,0.541656,2283.735196
0.730328,1247,690838,0,0,0.5419,2301.160893
0.730328,1257,696378,0,0,0.543495,2312.809022
0.730328,1267,701918,0,0,0.544253,2327.96097
0.730328,1277,707458,0,0,0.545074,2342.801221
0.730328,1287,712998,0,0,0.54596,2357.315772
0.730328,1297,718538,0,0,0.546196,2374.604487
0.730328,1307,724078,0,0,0.547271,2388.212419
0.730328,1317,729618,0,0,0.548097,2402.859807
0.730328,1327,735158,0,0,0.548641,2418.702767
0.730328,1337,740698,0,0,0.660389,2024.564474
0.730328,1347,746238,0,0,0.660402,2039.668037
0.730328,1357,751778,0,0,0.661021,2052.883393
0.730328,1367,757318,0,0,0.661034,2067.971217
0.730328,1377,762858,0,0,0.662512,2078.454214
0.730328,1387,768398,0,0,0.663349,2090.904913
0.730328,1397,773938,0,0,0.663897,2104.241955
0.730328,1407,779478,0,0,0.664934,2115.999738
0.730328,1417,785018,0,0,0.665005,2130.809619
0.730328,1427,790558,0,0,0.669536,2131.326408
0.730328,1437,796098,0,0,0.670136,2144.339405
0.730328,1447,801638,0,0,0.670149,2159.221792
0.730328,1457,807178,0,0,0.670746,2172.209517
0.730328,1467,812718,0,0,0.670758,2187.079428
0.730328,1477,818258,0,0,0.672146,2197.439758
0.730328,1487,823798,0,0,0.675411,2201.620911
0.730328,1497,829338,0,0,0.675982,2214.556014
0.730328,1507,834878,0,0,0.677003,2225.988272
0.730328,1517,840418,0,0,0.677127,2240.346627
0.730328,1527,845958,0,0,0.677677,2253.285344
0.730328,1537,851498,0,0,0.67838,2265.690161
0.730328,1547,857038,0,0,0.679007,2278.328448
0.730328,1557,862578,0,0,0.680021,2289.636618
0.730328,1567,868118,0,0,0.680097,2304.082745
0.730328,1577,873658,0,0,0.68065,2316.903786
0.730328,1587,879198,0,0,0.681464,2328.809887
0.730328,1597,884738,0,0,0.681813,2342.283643
0.730328,1607,890278,0,0,0.73086,2198.778818
0.730328,1617,895818,0,0,0.730873,2212.42163
0.730328,1627,901358,0,0,0.730886,2226.066856
0.730328,1637,906898,0,0,0.731485,2237.914352
0.730328,1647,912438,0,0,0.731497,2251.547752
0.730328,1657,917978,0,0,0.732461,2262.236563
0.730328,1667,923518,0,0,0.736031,2264.851554
0.730328,1677,929058,0,0,0.736529,2276.897218
0.730328,1687,934598,0,0,0.73735,2287.922268
0.730328,1697,940138,0,0,0.737695,2300.408028
0.730328,1707,945678,0,0,0.740101,2306.442393
0.730328,1717,951218,0,0,0.740114,2319.913708
0.730328,1727,956758,0,0,0.740126,2333.385307
0.730328,1737,962298,0,0,0.740728,2344.989891
0.730328,1747,967838,0,0,0.74101,2357.593172
0.730328,1757,973378,0,0,0.742086,2367.649562
0.730328,1767,978918,0,0,0.74246,2379.926916
0.730328,1778,985012,0,0,0.743002,2392.995105
0.730328,1788,990552,0,0,0.744535,2401.499021
0.730328,1798,996092,0,0,0.745251,2412.610945
0.730328,1808,1001632,0,0,0.746251,2422.778526
0.730328,1818,1007172,0,0,0.746806,2434.367464
0.730328,1828,1012712,0,0,0.747212,2446.428519
0.730328,1838,1018252,0,0,0.859617,2138.161543
0.730328,1848,1023792,0,0,0.85963,2149.762433
0.730328,1858,1029332,0,0,0.860248,2159.841456
0.730328,1867,1034318,0,0,0.869253,2147.821962
0.730328,1877,1039858,0,0,0.869963,2157.562603
0.730328,1887,1045398,0,0,0.870971,2166.546946
0.730328,1897,1050938,0,0,0.87566,2166.365493
0.730328,1907,1056478,0,0,0.87568,2177.736827
0.730328,1917,1062018,0,0,0.876339,2187.509731
0.730328,1927,1067558,0,0,0.876351,2198.889733
0.730328,1936,1072544,0,0,0.881435,2196.417358
0.730328,1946,1078084,0,0,0.881507,2207.583948
0.730328,1956,1083624,0,0,0.882061,2217.534296
0.730328,1966,1089164,0,0,0.882771,2227.078105
0.730328,1976,1094704,0,0,0.884589,2233.805865
0.730328,1986,1100244,0,0,0.885197,2243.567969
0.730328,1996,1105784,0,0,0.88521,2254.831485
0.730328,2006,1111324,0,0,0.885223,2266.096498
0.730328,2016,1116864,0,0,0.88589,2275.677549
0.730328,2026,1122404,0,0,0.88629,2285.934539
0.730328,2036,1127944,0,0,0.984081,2068.93532
0.730328,2046,1133484,0,0,0.984094,2079.068877
0.730328,2056,1139024,0,0,0.984107,2089.202665
0.730328,2066,1144564,0,0,0.984756,2097.980631
0.730328,2076,1150104,0,0,0.985363,2106.83828
0.730328,2086,1155644,0,0,0.994878,2096.739387
0.730328,2096,1161184,0,0,0.995702,2105.047434
0.730328,2106,1166724,0,0,0.996801,2112.757917
0.730328,2116,1172264,0,0,1.000259,2115.452262
0.730328,2126,1177804,0,0,1.000283,2125.399519
0.730328,2136,1183344,0,0,1.000939,2133.99539
0.730328,2146,1188884,0,0,1.000953,2143.957408
0.717846,2156,1194424,0,0,1.001807,2152.110166
0.717846,2166,1199964,0,0,1.002913,2159.708772
0.717846,2176,1205504,0,0,1.00432,2166.640831
0.717846,2186,1211044,0,0,1.005718,2173.571018
0.717846,2196,1216584,0,0,1.006526,2181.761837
0.717846,2206,1222124,0,0,1.007629,2189.298544
0.717846,2216,1227664,0,0,1.010215,2193.59184
0.717846,2226,1233204,0,0,1.011761,2200.123928
0.717846,2236,1238744,0,0,1.01313,2207.020875
0.717846,2246,1244284,0,0,1.013914,2215.177256
0.717846,2256,1249824,0,0,1.015012,2222.634809
0.717846,2266,1255364,0,0,1.018377,2225.110067
0.717846,2276,1260904,0,0,1.019463,2232.547783
0.717846,2286,1266444,0,0,1.020941,2239.109694
0.717846,2296,1271984,0,0,1.021685,2247.268246
0.717846,2306,1277524,0,0,1.022787,2254.624204
0.717846,2316,1283064,0,0,1.024178,2261.326659
0.717846,2326,1288604,0,0,1.025287,2268.633796
0.717846,2336,1294144,0,0,1.026658,2275.343225
0.717846,2346,1299684,0,0,1.027485,2283.245247
0.717846,2356,1305224,0,0,1.029807,2287.808185
0.717846,2366,1310764,0,0,1.030912,2295.054363
0.717846,2376,1316304,0,0,1.032016,2302.290332
0.717846,2386,1321844,0,0,1.03343,2308.815517
0.717846,2396,1327384,0,0,1.036523,2311.575201
0.717846,2406,1332924,0,0,1.037583,2318.85145
0.715148,2419,1340126,0,0,1.140438,2121.115608
0.715148,2429,1345666,0,0,1.140523,2129.724332
0.715148,2439,1351206,0,0,1.141923,2135.870008
0.715148,2449,1356746,0,0,1.14303,2142.550627
0.715148,2459,1362286,0,0,1.144131,2149.229518
0.715148,2469,1367826,0,0,1.145515,2155.361604
0.715148,2479,1373366,0,0,1.146627,2161.992591
0.715148,2489,1378906,0,0,1.147736,2168.617487
0.715148,2499,1384446,0,0,1.149108,2174.729988
0.715148,2509,1389986,0,0,1.150209,2181.341886
0.715148,2519,1395526,0,0,1.152714,2185.278405
0.715148,2529,1401066,0,0,1.153816,2191.858215
0.715148,2539,1406606,0,0,1.155206,2197.875555
0.715148,2549,1412146,0,0,1.156316,2204.414176
0.715148,2559,1417686,0,0,1.157422,2210.947543
0.715148,2569,1423226,0,0,1.158792,2216.964293
0.715148,2579,1428766,0,0,1.159632,2223.981463
0.715148,2589,1434306,0,0,1.163173,2225.808275
0.715148,2599,1439846,0,0,1.164281,2232.278728
0.715148,2609,1445386,0,0,1.16538,2238.753823
0.715148,2619,1450926,0,0,1.166756,2244.685887
0.715148,2629,1456466,0,0,1.167601,2251.626051
0.715148,2639,1462006,0,0,1.173026,2249.736385
0.715148,2649,1467546,0,0,1.174136,2256.127206
0.715148,2659,1473086,0,0,1.174164,2264.590765
0.715148,2669,1478626,0,0,1.176749,2268.113728
0.715148,2679,1484166,0,0,1.177562,2275.039449
0.715148,2689,1489706,0,0,1.179338,2280.093233
0.715148,2699,1495246,0,0,1.18045,2286.41627
0.715148,2709,1500786,0,0,1.181551,2292.748221
0.715148,2719,1506326,0,0,1.18295,2298.490559
0.715148,2729,1511866,0,0,1.183764,2305.358664
0.715148,2739,1517406,0,0,1.188233,2305.103657
0.715148,2749,1522946,0,0,1.194969,2300.477746
0.715148,2759,1528486,0,0,1.196078,2306.70517
0.715148,2769,1534026,0,0,1.197472,2312.370751
0.715148,2779,1539566,0,0,1.198692,2318.360185
0.715148,2789,1545106,0,0,1.199752,2324.646453
0.715148,2799,1550646,0,0,1.282963,2181.668464
0.715148,2819,1561726,0,0,1.283605,2196.158307
0.715148,2829,1567266,0,0,1.284351,2202.669116
0.715148,2839,1572806,0,0,1.285519,2208.445929
0.715148,2849,1578346,0,0,1.290244,2208.109707
0.715148,2859,1583886,0,0,1.292117,2212.648539
0.715148,2869,1589426,0,0,1.292734,2219.32675
0.715148,2879,1594966,0,0,1.292848,2226.866387
0.715148,2889,1600506,0,0,1.294571,2231.627444
0.715148,2899,1606046,0,0,1.295217,2238.235331
0.715148,2909,1611586,0,0,1.296098,2244.429058
0.715148,2919,1617126,0,0,1.29661,2251.254993
0.715148,2929,1622666,0,0,1.297888,2256.744022
0.715148,2939,1628206,0,0,1.299045,2262.431513
0.715148,2949,1633746,0,0,1.299137,2269.968663
0.715148,2959,1639286,0,0,1.301437,2273.639939
0.715148,2969,1644826,0,0,1.301449,2281.302854
0.715148,2979,1650366,0,0,1.303072,2286.136189
0.715148,2989,1655906,0,0,1.304853,2290.679552
0.715148,2999,1661446,0,0,1.305499,2297.20618
0.715148,3009,1666986,0,0,1.306151,2303.715841
0.715148,3019,1672526,0,0,1.307833,2308.397938
0.715148,3029,1678066,0,0,1.307898,2315.929334
0.715148,3039,1683606,0,0,1.309106,2321.431375
0.715148,3049,1689146,0,0,1.310317,2326.917767
0.715148,3059,1694686,0,0,1.31094,2333.439654
0.715148,3069,1700226,0,0,1.31159,2339.907278
0.715148,3079,1705766,0,0,1.312796,2345.376043
0.715148,3089,1711306,0,0,1.409509,2191.543384
0.715148,3099,1716846,0,0,1.409521,2198.618715
0.715148,3109,1722386,0,0,1.410124,2204.770545
0.715148,3119,1727926,0,0,1.410136,2211.843047
0.715148,3129,1733466,0,0,1.41041,2218.503579
0.715148,3139,1739006,0,0,1.411067,2224.557714
0.715148,3149,1744546,0,0,1.411521,2230.92647
0.715148,3159,1750086,0,0,1.412522,2236.425976
0.715148,3169,1755626,0,0,1.413062,2242.647375
0.715148,3179,1761166,0,0,1.413554,2248.940637
0.715148,3189,1766706,0,0,1.414341,2254.760387
0.715148,3199,1772246,0,0,1.414712,2261.23808
0.715148,3209,1777786,0,0,1.415746,2266.648805
0.715148,3219,1783326,0,0,1.416928,2271.816891
0.715148,3229,1788866,0,0,1.417675,2277.672155
0.715148,3239,1794406,0,0,1.418644,2283.166257
0.715148,3249,1799946,0,0,1.419246,2289.243408
0.715148,3259,1805486,0,0,1.420104,2294.902687
0.715148,3269,1811026,0,0,1.420158,2301.856314
0.715148,3279,1816566,0,0,1.420762,2307.915968
0.715148,3289,1822106,0,0,1.42159,2313.606837
0.715148,3299,1827646,0,0,1.432367,2303.18054
0.715148,3309,1833186,0,0,1.433075,2309.021275
0.715148,3319,1838726,0,0,1.433089,2315.975389
0.715148,3329,1844266,0,0,1.433145,2322.863278
0.715148,3339,1849806,0,0,1.433898,2328.616788
0.715148,3349,1855346,0,0,1.435318,2333.281634
0.715148,3359,1860886,0,0,1.528831,2197.103874
0.715148,3369,1866426,0,0,1.528845,2203.623857
0.715148,3379,1871966,0,0,1.52886,2210.144062
0.715148,3389,1877506,0,0,1.533417,2210.09716
0.715148,3399,1883046,0,0,1.535466,2213.660282
0.715148,3409,1888586,0,0,1.536095,2219.263921
0.715148,3419,1894126,0,0,1.536108,2225.755626
0.715148,3429,1899666,0,0,1.53612,2232.247224
0.715148,3439,1905206,0,0,1.536728,2237.871425
0.715148,3449,1910746,0,0,1.539067,2240.968718
0.715148,3459,1916286,0,0,1.53968,2246.57071
0.715148,3469,1921826,0,0,1.539692,2253.047424
0.715148,3479,1927366,0,0,1.539705,2259.524034
0.715148,3489,1932906,0,0,1.540316,2265.11912
0.715148,3499,1938446,0,0,1.542104,2268.97831
0.715148,3509,1943986,0,0,1.546508,2268.982308
0.715148,3519,1949526,0,0,1.546521,2275.429895
0.715148,3529,1955066,0,0,1.546534,2281.877377
0.715148,3539,1960606,0,0,1.547135,2287.45409
0.715148,3549,1966146,0,0,1.549101,2291.006387
0.715148,3559,1971686,0,0,1.549783,2296.450548
0.715148,3569,1977226,0,0,1.549796,2302.884288
0.715148,3579,1982766,0,0,1.549808,2309.318278
0.715148,3589,1988306,0,0,1.550421,2314.855127
0.715148,3599,1993846,0,0,1.551122,2320.255279
0.715148,3609,1999386,0,0,1.553707,2322.831242
0.715148,3619,2004926,0,0,1.553759,2329.190259
0.715148,3629,2010466,0,0,1.55383,2335.519826
0.715148,3639,2016006,0,0,1.638081,2221.501444
0.715148,3649,2021546,0,0,1.638094,2227.588963
0.715148,3659,2027086,0,0,1.638696,2232.872703
0.715148,3669,2032626,0,0,1.6399,2237.331912
0.715148,3679,2038166,0,0,1.639931,2243.387119
0.715148,3689,2043706,0,0,1.640617,2248.54379
0.715148,3699,2049246,0,0,1.640631,2254.62038
0.715148,3709,2054786,0,0,1.641281,2259.820378
0.715148,3719,2060326,0,0,1.641295,2265.89376
0.715148,3729,2065866,0,0,1.641438,2271.788837
0.715148,3739,2071406,0,0,1.644793,2273.234666
0.715148,3749,2076946,0,0,1.644819,2279.278446
0.715148,3759,2082486,0,0,1.645663,2284.185072
0.715148,3769,2088026,0,0,1.645678,2290.241409
0.715148,3779,2093566,0,0,1.64573,2296.244744
0.715148,3789,2099106,0,0,1.646445,2301.321556
0.715148,3799,2104646,0,0,1.65021,2302.130713
0.715148,3809,2110186,0,0,1.650932,2307.182204
0.715148,3819,2115726,0,0,1.650948,2313.217008
0.715148,3829,2121266,0,0,1.650962,2319.25337
0.715148,3839,2126806,0,0,1.651604,2324.406814
0.715148,3849,2132346,0,0,1.651618,2330.441685
0.715148,3859,2137886,0,0,1.652264,2335.583346
0.715148,3869,2143426,0,0,1.655575,2336.952366
0.715148,3879,2148966,0,0,1.655625,2342.921371
0.715148,3889,2154506,0,0,1.656315,2347.982861
0.715148,3899,2160046,0,0,1.656329,2354.000367
0.715148,3909,2165586,0,0,1.657067,2358.98687
0.715148,3919,2171126,0,0,1.657082,2365.001211
0.715148,3929,2176666,0,0,1.657305,2370.71631
0.715148,3939,2182206,0,0,1.725367,2282.992139
0.715148,3949,2187746,0,0,1.725381,2288.769979
0.715148,3959,2193286,0,0,1.726038,2293.692604
0.715148,3969,2198826,0,0,1.727301,2297.804968
0.715148,3979,2204366,0,0,1.727359,2303.516767
0.715148,3989,2209906,0,0,1.728002,2308.446307
0.715148,3999,2215446,0,0,1.728015,2314.215775
0.715148,4009,2220986,0,0,1.728661,2319.135944
0.715148,4019,2226526,0,0,1.728868,2324.642152
0.715148,4029,2232066,0,0,1.731001,2327.554474
0.715148,4039,2237606,0,0,1.735337,2327.502099
0.715148,4049,2243146,0,0,1.735392,2333.190621
0.715148,4059,2248686,0,0,1.736064,2338.047182
0.715148,4069,2254226,0,0,1.736078,2343.78899
0.715148,4079,2259766,0,0,1.736091,2349.531354
0.715148,4089,2265306,0,0,1.740501,2349.323977
0.715148,4099,2270846,0,0,1.740521,2355.041707
0.715148,4109,2276386,0,0,1.741171,2359.905575
0.715148,4119,2281926,0,0,1.741185,2365.630696
0.715148,4129,2287466,0,0,1.741198,2371.355728
0.715148,4139,2293006,0,0,1.843181,2245.574782
0.715148,4149,2298546,0,0,1.843194,2250.98388
0.715148,4159,2304086,0,0,1.843832,2255.628184
0.715148,4169,2309626,0,0,1.843846,2261.035299
0.715148,4179,2315166,0,0,1.843902,2266.388999
0.715148,4189,2320706,0,0,1.844675,2270.860642
0.715148,4199,2326246,0,0,1.844735,2276.20722
0.715148,4209,2331786,0,0,1.845646,2280.502446
0.715148,4219,2337326,0,0,1.84566,2285.903477
0.715148,4229,2342866,0,0,1.846878,2289.810387
0.715148,4239,2348406,0,0,1.856531,2283.290835
0.715148,4249,2353946,0,0,1.85658,2288.616974
0.715148,4259,2359486,0,0,1.857321,2293.087408
0.715148,4269,2365026,0,0,1.857342,2298.445543
0.715148,4279,2370566,0,0,1.857992,2303.023696
0.715148,4289,2376106,0,0,1.858006,2308.389262
0.715148,4299,2381646,0,0,1.866237,2303.56545
0.715148,4309,2387186,0,0,1.866252,2308.905242
0.715148,4319,2392726,0,0,1.86643,2314.043037
0.715148,4329,2398266,0,0,1.974732,2192.196293
0.715148,4339,2403806,0,0,1.975404,2196.513217
0.715148,4349,2409346,0,0,1.975417,2201.560594
0.715148,4359,2414886,0,0,1.976053,2205.913026
0.715148,4369,2420426,0,0,1.977055,2209.852718
0.715148,4379,2425966,0,0,1.977416,2214.506695
0.715148,4389,2431506,0,0,1.978196,2218.687709
0.715148,4399,2437046,0,0,1.978209,2223.728078
0.715148,4409,2442586,0,0,1.979104,2227.775754
0.715148,4419,2448126,0,0,1.979116,2232.814559
0.715148,4429,2453666,0,0,1.988076,2227.782068
0.715148,4439,2459206,0,0,1.988818,2231.978538
0.715148,4449,2464746,0,0,1.9893,2236.464538
0.715148,4459,2470286,0,0,1.999679,2229.858325
0.715148,4469,2475826,0,0,1.999701,2234.834082
0.715148,4479,2481366,0,0,1.999724,2239.808659
0.715148,4489,2486906,0,0,2.000383,2244.07064
0.715148,4499,2492446,0,0,2.000396,2249.05494
0.715148,4509,2497986,0,0,2.001033,2253.335807
0.715148,4519,2503526,0,0,2.001046,2258.318426
0.715148,4529,2509066,0,0,2.001681,2262.598455
0.715148,4539,2514606,0,0,2.008413,2259.993252
0.715148,4549,2520146,0,0,2.008426,2264.957251
0.715148,4559,2525686,0,0,2.009062,2269.218383
0.715148,4569,2531226,0,0,2.009075,2274.180987
0.715148,4579,2536766,0,0,2.011611,2276.285314
0.715148,4589,2542306,0,0,2.012322,2280.450204
0.715148,4599,2547846,0,0,2.012698,2284.992656
0.715148,4609,2553386,0,0,2.100305,2194.443602
0.715148,4619,2558926,0,0,2.10032,2199.18859
0.715148,4629,2564466,0,0,2.100335,2203.934007
0.715148,4639,2570006,0,0,2.103219,2205.666613
0.715148,4649,2575546,0,0,2.104457,2209.121031
0.715148,4659,2581086,0,0,2.105852,2212.405806
0.715148,4669,2586626,0,0,2.108984,2213.862227
0.715148,4679,2592166,0,0,2.10953,2218.029889
0.715148,4689,2597706,0,0,2.110327,2221.93078
0.715148,4699,2603246,0,0,2.110688,2226.287828
0.715148,4709,2608786,0,0,2.11166,2229.999647
0.715148,4719,2614326,0,0,2.112858,2233.467341
0.715148,4729,2619866,0,0,2.112885,2238.172485
0.715148,4739,2625406,0,0,2.113523,2242.227528
0.715148,4749,2630946,0,0,2.113789,2246.676379
0.715148,4759,2636486,0,0,2.114808,2250.3224
0.715148,4769,2642026,0,0,2.114904,2254.94902
0.715148,4779,2647566,0,0,2.116239,2258.251219
0.715148,4789,2653106,0,0,2.117809,2261.299235
0.715148,4799,2658646,0,0,2.11938,2264.341461
0.715148,4809,2664186,0,0,2.120826,2267.512236
0.715148,4819,2669726,0,0,2.122579,2270.350944
0.715148,4829,2675266,0,0,2.122651,2274.985532
0.715148,4839,2680806,0,0,2.123289,2279.011361
0.715148,4849,2686346,0,0,2.123302,2283.706931
0.715148,4859,2691886,0,0,2.123938,2287.731473
0.715148,4869,2697426,0,0,2.123973,2292.40188
0.715148,4879,2702966,0,0,2.124901,2296.107168
0.715148,4889,2708506,0,0,2.125592,2300.065118
0.715148,4899,2714046,0,0,2.126031,2304.29386
0.715148,4909,2719586,0,0,2.197099,2234.310151
0.715148,4919,2725126,0,0,2.197112,2238.848246
0.715148,4929,2730666,0,0,2.197125,2243.38653
0.715148,4939,2736206,0,0,2.197737,2247.311932
0.715148,4949,2741746,0,0,2.198914,2250.656164
0.715148,4959,2747286,0,0,2.200069,2254.020265
0.715148,4969,2752826,0,0,2.20071,2257.908105
0.715148,4979,2758366,0,0,2.201199,2261.94949
0.715148,4989,2763906,0,0,2.201927,2265.742743
0.715148,4999,2769446,0,0,2.204515,2267.618975
0.715148,5009,2774986,0,0,2.205395,2271.248969
0.715148,5019,2780526,0,0,2.205408,2275.769774
0.715148,5029,2786066,0,0,2.20542,2280.291018
0.715148,5039,2791606,0,0,2.206015,2284.208949
0.715148,5049,2797146,0,0,2.20624,2288.508773
0.715148,5059,2802686,0,0,2.207633,2291.594396
0.715148,5069,2808226,0,0,2.211388,2292.225895
0.715148,5079,2813766,0,0,2.211915,2296.199839
0.715148,5089,2819306,0,0,2.212679,2299.927015
0.715148,5099,2824846,0,0,2.213095,2304.012714
0.715148,5109,2830386,0,0,2.214763,2306.793174
0.715148,5119,2835926,0,0,2.214778,2311.292904
0.715148,5129,2841466,0,0,2.214806,2315.778862
0.715148,5139,2847006,0,0,2.216082,2318.957161
0.715148,5149,2852546,0,0,2.216181,2323.366645
0.715148,5159,2858086,0,0,2.217815,2326.162945
0.715148,5169,2863626,0,0,2.217835,2330.65084
0.715148,5179,2869166,0,0,2.217862,2335.131626
0.715148,5189,2874706,0,0,2.322072,2234.642136
0.715148,5199,2880246,0,0,2.322103,2238.91898
0.715148,5209,2885786,0,0,2.322933,2242.423504
0.715148,5219,2891326,0,0,2.322947,2246.715493
0.715148,5229,2896866,0,0,2.322987,2250.981326
0.715148,5239,2902406,0,0,2.324107,2254.199437
0.715148,5249,2907946,0,0,2.324121,2258.487801
0.715148,5259,2913486,0,0,2.325214,2261.727628
0.715148,5269,2919026,0,0,2.325407,2265.840352
0.715148,5279,2924566,0,0,2.326971,2268.614847
0.715148,5289,2930106,0,0,2.327807,2272.095166
0.715148,5299,2935646,0,0,2.328244,2275.964232
0.715148,5309,2941186,0,0,2.329503,2279.026842
0.715148,5319,2946726,0,0,2.329525,2283.29787
0.715148,5329,2952266,0,0,2.329847,2287.274796
0.715148,5339,2957806,0,0,2.330806,2290.623679
0.715148,5349,2963346,0,0,2.331352,2294.37683
0.715148,5359,2968886,0,0,2.332639,2297.397712
0.715148,5369,2974426,0,0,2.332654,2301.670586
0.715148,5379,2979966,0,0,2.332967,2305.647894
0.715148,5389,2985506,0,0,2.334031,2308.880733
0.715148,5399,2991046,0,0,2.334425,2312.774886
0.715148,5409,2996586,0,0,2.336547,2314.954841
0.715148,5419,3002126,0,0,2.336574,2319.207683
0.715148,5429,3007666,0,0,2.33732,2322.745383
0.715148,5439,3013206,0,0,2.338445,2325.904185
0.715148,5449,3018746,0,0,2.33848,2330.145844
0.715148,5459,3024286,0,0,2.442025,2235.440118
0.715148,5469,3029826,0,0,2.442038,2239.523273
0.715148,5479,3035366,0,0,2.442061,2243.596529
0.715148,5489,3040906,0,0,2.442844,2246.971452
0.715148,5499,3046446,0,0,2.443558,2250.407229
0.715148,5509,3051986,0,0,2.445046,2253.127172
0.715148,5519,3057526,0,0,2.445302,2256.980708
0.715148,5529,3063066,0,0,2.445706,2260.696792
0.715148,5539,3068606,0,0,2.446807,2263.7667
0.715148,5549,3074146,0,0,2.446839,2267.82427
0.715148,5559,3079686,0,0,2.448099,2270.741154
0.715148,5569,3085226,0,0,2.448114,2274.811999
0.715148,5579,3090766,0,0,2.452906,2274.444965
0.715148,5589,3096306,0,0,2.453872,2277.624724
0.715148,5599,3101846,0,0,2.456258,2279.484058
0.715148,5609,3107386,0,0,2.456997,2282.867704
0.715148,5619,3112926,0,0,2.457011,2286.925507
0.715148,5629,3118466,0,0,2.457326,2290.701194
0.715148,5639,3124006,0,0,2.458224,2293.932921
0.715148,5649,3129546,0,0,2.458715,2297.54186
0.715148,5659,3135086,0,0,2.459953,2300.450168
0.715148,5669,3140626,0,0,2.45999,2304.481336
0.715148,5679,3146166,0,0,2.460727,2307.854794
0.715148,5689,3151706,0,0,2.461625,2311.075356
0.715148,5699,3157246,0,0,2.461819,2314.955204
0.715148,5709,3162786,0,0,2.463237,2317.681708
0.715148,5719,3168326,0,0,2.463263,2321.716912
0.715148,5729,3173866,0,0,2.463395,2325.652538
0.715148,5739,3179406,0,0,2.528239,2269.959436
0.715148,5749,3184946,0,0,2.528252,2273.903178
0.715148,5759,3190486,0,0,2.529068,2277.123437
0.715148,5769,3196026,0,0,2.529093,2281.054668
0.715148,5779,3201566,0,0,2.529106,2284.997023
0.715148,5789,3207106,0,0,2.529805,2288.318283
0.715148,5799,3212646,0,0,2.533801,2288.656163
0.715148,5809,3218186,0,0,2.534775,2291.721913
0.715148,5819,3223726,0,0,2.534789,2295.654944
0.715148,5829,3229266,0,0,2.534801,2299.589015
0.715148,5839,3234806,0,0,2.535502,2302.896843
0.715148,5849,3240346,0,0,2.537921,2304.642092
0.715148,5859,3245886,0,0,2.539601,2307.055458
0.715148,5869,3251426,0,0,2.539614,2310.981369
0.715148,5879,3256966,0,0,2.539626,2314.907458
0.715148,5889,3262506,0,0,2.540857,2317.722082
0.715148,5899,3268046,0,0,2.541874,2320.728567
0.715148,5909,3273586,0,0,2.543661,2323.030009
0.715148,5919,3279126,0,0,2.543713,2326.913586
0.715148,5929,3284666,0,0,2.543768,2330.794164
0.715148,5939,3290206,0,0,2.54461,2333.953359
0.715148,5949,3295746,0,0,2.544632,2337.862864
0.852168,5959,3301286,0,0,2.649333,2249.244971
0.852168,5969,3306826,0,0,2.649347,2253.008151
0.852168,5979,3312366,0,0,2.649374,2256.759311
0.852168,5989,3317906,0,0,2.650205,2259.825475
0.852168,5999,3323446,0,0,2.650218,2263.587364
0.852168,6009,3328986,0,0,2.651307,2266.429667
0.852168,6019,3334526,0,0,2.651331,2270.180569
0.852168,6029,3340066,0,0,2.651639,2273.688098
0.852168,6039,3345606,0,0,2.657079,2272.796164
0.852168,6049,3351146,0,0,2.657968,2275.798413
0.852168,6059,3356686,0,0,2.659412,2278.323462
0.852168,6069,3362226,0,0,2.659425,2282.072031
0.852168,6079,3367766,0,0,2.659892,2285.431477
0.852168,6089,3373306,0,0,2.661038,2288.205101
0.852168,6099,3378846,0,0,2.661164,2291.854202
0.852168,6109,3384386,0,0,2.662556,2294.411688
0.852168,6119,3389926,0,0,2.662648,2298.088045
0.852168,6129,3395466,0,0,2.662664,2301.830308
0.852168,6139,3401006,0,0,2.663777,2304.622249
0.852168,6149,3406546,0,0,2.664312,2307.912986
0.852168,6159,3412086,0,0,2.665754,2310.415464
0.852168,6169,3417626,0,0,2.665768,2314.154536
0.852168,6179,3423166,0,0,2.667674,2316.250187
0.852168,6189,3428706,0,0,2.668357,2319.404671
0.852168,6199,3434246,0,0,2.66837,2323.140879
0.852168,6209,3439786,0,0,2.673904,2322.072944
0.852168,6219,3445326,0,0,2.673918,2325.800352
0.852168,6229,3450866,0,0,2.673941,2329.520242
0.852168,6239,3456406,0,0,2.768107,2253.886719
0.852168,6249,3461946,0,0,2.768139,2257.473241
0.852168,6259,3467486,0,0,2.768966,2260.410209
0.852168,6269,3473026,0,0,2.768996,2263.997297
0.852168,6279,3478566,0,0,2.769183,2267.456041
0.852168,6289,3484106,0,0,2.770469,2270.012808
0.852168,6299,3489646,0,0,2.770494,2273.601761
0.852168,6309,3495186,0,0,2.771816,2276.124707
0.852168,6319,3500726,0,0,2.771844,2279.709899
0.852168,6329,3506266,0,0,2.772119,2283.091377
0.852168,6339,3511806,0,0,2.77309,2285.897579
0.852168,6349,3517346,0,0,2.775461,2287.548137
0.852168,6359,3522886,0,0,2.777286,2289.645708
0.852168,6369,3528426,0,0,2.777727,2292.882203
0.852168,6379,3533966,0,0,2.778573,2295.782733
0.852168,6389,3539506,0,0,2.779479,2298.632598
0.852168,6399,3545046,0,0,2.779692,2302.05386
0.852168,6410,3551140,0,0,2.780957,2304.962334
0.852168,6420,3556680,0,0,2.780971,2308.546146
0.852168,6430,3562220,0,0,2.781605,2311.615449
0.852168,6440,3567760,0,0,2.782446,2314.510403
0.852168,6450,3573300,0,0,2.782944,2317.6893
0.852168,6460,3578840,0,0,2.784195,2320.239827
0.852168,6470,3584380,0,0,2.784231,2323.801083
0.852168,6480,3589920,0,0,2.784662,2327.032463
0.852168,6490,3595460,0,0,2.78553,2329.897646
0.852168,6500,3601000,0,0,2.786092,2333.017164
0.852168,6510,3606540,0,0,2.788138,2334.891874
0.852168,6520,3612080,0,0,2.791022,2336.061792
0.852168,6530,3617620,0,0,2.791091,2339.586551
0.852168,6540,3623160,0,0,2.900587,2254.71615
0.852168,6550,3628700,0,0,2.900601,2258.152406
0.852168,6560,3634240,0,0,2.90141,2260.969958
0.852168,6570,3639780,0,0,2.901424,2264.405208
0.852168,6580,3645320,0,0,2.901572,2267.736629
0.852168,6590,3650860,0,0,2.903263,2269.859551
0.852168,6600,3656400,0,0,2.90376,2272.915151
0.852168,6610,3661940,0,0,2.909457,2271.901248
0.852168,6620,3667480,0,0,2.90951,2275.297109
0.852168,6630,3673020,0,0,2.90955,2278.703117
0.852168,6640,3678560,0,0,2.910216,2281.617885
0.852168,6650,3684100,0,0,2.910549,2284.792565
0.852168,6660,3689640,0,0,2.914745,2284.933757
0.852168,6670,3695180,0,0,2.914778,2288.338571
0.852168,6680,3700720,0,0,2.914793,2291.758303
0.852168,6690,3706260,0,0,2.918944,2291.925031
0.852168,6700,3711800,0,0,2.92006,2294.473652
0.852168,6710,3717340,0,0,2.920717,2297.380712
0.852168,6720,3722880,0,0,2.920733,2300.792133
0.852168,6730,3728420,0,0,2.920747,2304.204833
0.852168,6740,3733960,0,0,2.921536,2307.005843
0.852168,6750,3739500,0,0,2.922085,2309.994368
0.852168,6760,3745040,0,0,2.923641,2312.185226
0.852168,6770,3750580,0,0,2.923654,2315.595233
0.852168,6780,3756120,0,0,2.924037,2318.712504
0.852168,6790,3761660,0,0,2.925086,2321.299254
0.852168,6800,3767200,0,0,2.928258,2322.199986
0.852168,6813,3774402,0,0,2.929347,2325.774091
0.852168,6819,3777726,0,0,3.01712,2260.102614
0.852168,6829,3783266,0,0,3.017167,2263.381441
0.852168,6839,3788806,0,0,3.017903,2266.143371
0.852168,6849,3794346,0,0,3.017915,2269.447428
0.852168,6859,3799886,0,0,3.018286,2272.481807
0.852168,6869,3805426,0,0,3.019407,2274.950349
0.852168,6879,3810966,0,0,3.019421,2278.251464
0.852168,6889,3816506,0,0,3.022522,2279.222651
0.852168,6899,3822046,0,0,3.022534,2282.521604
0.852168,6909,3827586,0,0,3.022547,2285.82089
0.852168,6919,3833126,0,0,3.023285,2288.56992
0.852168,6929,3838666,0,0,3.023518,2291.701553
0.852168,6939,3844206,0,0,3.024518,2294.249851
0.852168,6949,3849746,0,0,3.024838,2297.313135
0.852168,6959,3855286,0,0,3.025446,2300.156966
0.852168,6969,3860826,0,0,3.026394,2302.740391
0.852168,6979,3866366,0,0,3.026507,2305.958909
0.852168,6989,3871906,0,0,3.027768,2308.300929
0.852168,6999,3877446,0,0,3.027781,2311.594045
0.852168,7009,3882986,0,0,3.030902,2312.512978
0.852168,7019,3888526,0,0,3.031904,2315.046746
0.852168,7029,3894066,0,0,3.032068,2318.22013
0.852168,7039,3899606,0,0,3.033318,2320.561513
0.852168,7049,3905146,0,0,3.03334,2323.840699
0.852168,7059,3910686,0,0,3.033722,2326.844955
0.852168,7069,3916226,0,0,3.035274,2328.94934
0.852168,7079,3921766,0,0,3.036268,2331.480257
0.930359,7089,3927306,0,0,3.139714,2257.84879
0.930359,7099,3932846,0,0,3.139729,2261.023492
0.930359,7109,3938386,0,0,3.139743,2264.198336
0.930359,7119,3943926,0,0,3.141265,2266.284676
0.930359,7129,3949466,0,0,3.141291,2269.44916
0.930359,7139,3955006,0,0,3.142224,2271.957988
0.930359,7149,3960546,0,0,3.142237,2275.13078
0.930359,7159,3966086,0,0,3.14225,2278.304065
0.930359,7169,3971626,0,0,3.143435,2280.625783
0.930359,7179,3977166,0,0,3.144328,2283.158842
0.930359,7189,3982706,0,0,3.145483,2285.49989
0.930359,7199,3988246,0,0,3.145496,2288.669512
0.930359,7209,3993786,0,0,3.14646,2291.1462
0.930359,7219,3999326,0,0,3.147738,2293.392574
0.930359,7229,4004866,0,0,3.147754,2296.557977
0.930359,7239,4010406,0,0,3.148566,2299.14189
0.930359,7249,4015946,0,0,3.149797,2301.418008
0.930359,7259,4021486,0,0,3.149816,2304.579384
0.930359,7269,4027026,0,0,3.15181,2306.293546
0.930359,7279,4032566,0,0,3.151824,2309.456367
0.930359,7289,4038106,0,0,3.152575,2312.078035
0.930359,7299,4043646,0,0,3.152829,2315.063584
0.930359,7309,4049186,0,0,3.153287,2317.898625
0.930359,7319,4054726,0,0,3.154281,2320.338861
0.930359,7329,4060266,0,0,3.154697,2323.202381
0.930359,7339,4065806,0,0,3.155941,2325.455204
0.930359,7349,4071346,0,0,3.155982,2328.593398
0.930359,7359,4076886,0,0,3.15636,2331.483167
0.915157,7369,4082426,0,0,3.214692,2292.28795
0.915157,7379,4087966,0,0,3.214705,2295.389645
0.915157,7389,4093506,0,0,3.215318,2298.06199
0.915157,7399,4099046,0,0,3.215655,2300.930681
0.915157,7409,4104586,0,0,3.216203,2303.64814
0.915157,7419,4110126,0,0,3.217267,2305.994813
0.915157,7429,4115666,0,0,3.217334,2309.054446
0.915157,7439,4121206,0,0,3.218573,2311.272662
0.915157,7449,4126746,0,0,3.218585,2314.370714
0.915157,7459,4132286,0,0,3.219247,2317.001386
0.915157,7469,4137826,0,0,3.22019,2319.428494
0.915157,7479,4143366,0,0,3.220417,2322.369865
0.915157,7489,4148906,0,0,3.221643,2324.590128
0.915157,7499,4154446,0,0,3.221656,2327.684832
0.915157,7509,4159986,0,0,3.222017,2330.527705
0.915157,7519,4165526,0,0,3.22338,2332.644724
0.915157,7529,4171066,0,0,3.225373,2334.303984
0.915157,7539,4176606,0,0,3.22642,2336.645624
0.915157,7549,4182146,0,0,3.226753,2339.503868
0.915157,7559,4187686,0,0,3.227365,2342.158374
0.915157,7569,4193226,0,0,3.335996,2268.887672
0.915157,7579,4198766,0,0,3.336008,2271.876835
0.915157,7589,4204306,0,0,3.336702,2274.401416
0.915157,7599,4209846,0,0,3.338161,2276.403091
0.915157,7609,4215386,0,0,3.338791,2278.968717
0.915157,7619,4220926,0,0,3.33984,2281.246724
0.915157,7629,4226466,0,0,3.339962,2284.157394
0.915157,7639,4232006,0,0,3.341305,2286.232463
0.915157,7649,4237546,0,0,3.341318,2289.216648
0.915157,7659,4243086,0,0,3.342113,2291.664137
0.915157,7669,4248626,0,0,3.342998,2294.048944
0.915157,7679,4254166,0,0,3.345392,2295.396183
0.915157,7689,4259706,0,0,3.346096,2297.902094
0.915157,7699,4265246,0,0,3.346153,2300.850814
0.915157,7709,4270786,0,0,3.346813,2303.385201
0.915157,7719,4276326,0,0,3.347731,2305.740736
0.915157,7729,4281866,0,0,3.34834,2308.308302
0.915157,7739,4287406,0,0,3.3497,2310.35584
0.915157,7749,4292946,0,0,3.349716,2313.330644
0.915157,7759,4298486,0,0,3.350167,2316.003924
0.915157,7769,4304026,0,0,3.351166,2318.297235
0.915157,7779,4309566,0,0,3.351682,2320.923946
0.915157,7789,4315106,0,0,3.353151,2322.889666
0.915157,7799,4320646,0,0,3.353176,2325.854902
0.915157,7809,4326186,0,0,3.353512,2328.603366
0.915157,7819,4331726,0,0,3.354859,2330.649452
0.915157,7829,4337266,0,0,3.355681,2333.058184
0.915157,7839,4342806,0,0,3.458844,2266.364017
0.915157,7849,4348346,0,0,3.45953,2268.805225
0.915157,7859,4353886,0,0,3.497973,2246.729924
0.915157,7869,4359426,0,0,3.498574,2249.201785
0.915157,7879,4364966,0,0,3.499592,2251.405571
0.915157,7889,4370506,0,0,3.499821,2254.115316
0.915157,7899,4376046,0,0,3.501121,2256.134507
0.915157,7909,4381586,0,0,3.501134,2258.982582
0.915157,7919,4387126,0,0,3.501984,2261.289831
0.915157,7929,4392666,0,0,3.503703,2263.034205
0.915157,7939,4398206,0,0,3.504524,2265.357737
0.915157,7949,4403746,0,0,3.505998,2267.257647
0.915157,7959,4409286,0,0,3.506067,2270.065289
0.915157,7969,4414826,0,0,3.511361,2269.490298
0.915157,7979,4420366,0,0,3.512185,2271.805404
0.915157,7989,4425906,0,0,3.512197,2274.644606
0.915157,7999,4431446,0,0,3.513108,2276.901241
0.915157,8009,4436986,0,0,3.51312,2279.739678
0.915157,8019,4442526,0,0,3.51783,2279.530501
0.915157,8029,4448066,0,0,3.518502,2281.937031
0.915157,8039,4453606,0,0,3.518515,2284.770789
0.915157,8049,4459146,0,0,3.519295,2287.105813
0.915157,8059,4464686,0,0,3.519558,2289.776345
0.915157,8069,4470226,0,0,3.523514,2290.043694
0.915157,8079,4475766,0,0,3.524583,2292.186299
0.915157,8089,4481306,0,0,3.524742,2294.919815
0.915157,8099,4486846,0,0,3.525914,2296.993249
0.915157,8109,4492386,0,0,3.526105,2299.704679
0.915157,8119,4497926,0,0,3.526577,2302.232295
0.915157,8129,4503466,0,0,3.527569,2304.419651
0.915157,8139,4509006,0,0,3.528157,2306.869822
0.915157,8149,4514546,0,0,3.529648,2308.729071
0.915157,8159,4520086,0,0,3.52971,2311.52162
0.915157,8169,4525626,0,0,3.529947,2314.19918
0.915157,8179,4531166,0,0,3.531192,2316.214836
0.915157,8189,4536706,0,0,3.536364,2315.65555
0.915157,8199,4542246,0,0,3.538448,2317.117811
0.915157,8209,4547786,0,0,3.538821,2319.699143
0.915157,8219,4553326,0,0,3.539449,2322.112708
0.915157,8229,4558866,0,0,3.542793,2322.743955
0.915157,8239,4564406,0,0,3.543405,2325.164444
0.915157,8249,4569946,0,0,3.54474,2327.10974
0.915157,8259,4575486,0,0,3.544753,2329.922515
0.915129,8266,4579364,0,0,3.54507,2331.688526
0.915129,8273,4583242,0,0,3.546002,2333.050068
0.915129,8278,4586012,0,0,3.546015,2334.451788
0.909816,8285,4589890,0,0,3.663558,2261.462466
0.909816,8291,4593214,0,0,3.663572,2263.091823
0.909816,8298,4597092,0,0,3.663585,2264.994419
0.909816,8306,4601524,0,0,3.664448,2266.644239
0.909816,8316,4607064,0,0,3.66447,2269.359284
0.909816,8326,4612604,0,0,3.665774,2271.280012
0.909816,8336,4618144,0,0,3.665797,2273.993603
0.909816,8346,4623684,0,0,3.666212,2276.464197
0.909816,8356,4629224,0,0,3.667064,2278.662049
0.909816,8366,4634764,0,0,3.668776,2280.324533
0.909816,8376,4640304,0,0,3.670002,2282.287891
0.909816,8386,4645844,0,0,3.670302,2284.82581
0.909816,8396,4651384,0,0,3.670904,2287.175088
0.909816,8406,4656924,0,0,3.671912,2289.270428
0.909816,8416,4662464,0,0,3.67223,2291.795296
0.909816,8426,4668004,0,0,3.67337,2293.806279
0.909816,8436,4673544,0,0,3.673588,2296.392793
0.909816,8446,4679084,0,0,3.674218,2298.720473
0.909816,8456,4684624,0,0,3.675291,2300.77001
0.909816,8466,4690164,0,0,3.675421,2303.409746
0.909816,8476,4695704,0,0,3.676735,2305.3061
0.909816,8486,4701244,0,0,3.676759,2308.011088
0.909816,8496,4706784,0,0,3.701436,2295.325651
0.909816,8506,4712324,0,0,3.702509,2297.36081
0.909816,8516,4717864,0,0,3.702668,2299.96334
0.909816,8526,4723404,0,0,3.704277,2301.663998
0.909816,8536,4728944,0,0,3.704317,2304.338663
0.909816,8546,4734484,0,0,3.712353,2302.044019
0.909816,8556,4740024,0,0,3.713128,2304.256477
0.909816,8566,4745564,0,0,3.713144,2306.940144
0.909816,8576,4751104,0,0,3.713815,2309.215594
0.909816,8586,4756644,0,0,3.715878,2310.62498
0.909816,8596,4762184,0,0,3.715892,2313.30708
0.909816,8606,4767724,0,0,3.716638,2315.5335
0.909816,8616,4773264,0,0,3.722597,2314.513301
0.909816,8626,4778804,0,0,3.723519,2316.625994
0.909816,8636,4784344,0,0,3.723557,2319.287865
0.909816,8646,4789884,0,0,3.723573,2321.96321
0.909816,8656,4795424,0,0,3.822351,2264.574736
0.909816,8661,4798194,0,0,3.822365,2265.874634
0.909816,8670,4803180,0,0,3.823036,2267.831284
0.909816,8680,4808720,0,0,3.824901,2269.339578
0.909816,8690,4814260,0,0,3.824939,2271.931791
0.909816,8700,4819800,0,0,3.82586,2273.998795
0.909816,8710,4825340,0,0,3.825872,2276.60521
0.909816,8720,4830880,0,0,3.826719,2278.714738
0.909816,8730,4836420,0,0,3.826731,2281.320267
0.909816,8740,4841960,0,0,3.830541,2281.661962
0.909816,8750,4847500,0,0,3.831299,2283.820528
0.909816,8760,4853040,0,0,3.831312,2286.42321
0.909816,8770,4858580,0,0,3.832339,2288.419797
0.909816,8780,4864120,0,0,3.832361,2291.015629
0.909816,8790,4869660,0,0,3.83263,2293.464185
0.909816,8800,4875200,0,0,3.833628,2295.475473
0.909816,8810,4880740,0,0,3.833641,2298.076536
0.909816,8820,4886280,0,0,3.837653,2298.279893
0.909816,8830,4891820,0,0,3.837667,2300.877076
0.909816,8840,4897360,0,0,3.837703,2303.461217
0.909816,8850,4902900,0,0,3.83858,2305.539991
0.900862,8860,4908440,0,0,3.838593,2308.137666
0.900862,8870,4913980,0,0,3.843535,2307.771537
0.900862,8880,4919520,0,0,3.845496,2309.195144
0.900862,8890,4925060,0,0,3.845549,2311.763341
0.900862,8900,4930600,0,0,3.846281,2313.923471
0.900862,8910,4936140,0,0,3.846304,2316.509743
0.900862,8920,4941680,0,0,3.846934,2318.729477
0.900862,8930,4947220,0,0,3.85035,2319.269735
0.900862,8940,4952760,0,0,3.850477,2321.790273
0.900862,8950,4958300,0,0,3.851161,2323.974796
0.900862,8960,4963840,0,0,3.851173,2326.563783
0.900862,8970,4969380,0,0,3.949487,2271.181196
0.900862,8980,4974920,0,0,3.9495,2273.705347
0.900862,8990,4980460,0,0,3.949514,2276.229618
0.900862,9000,4986000,0,0,3.95285,2276.838308
0.900862,9010,4991540,0,0,3.953134,2279.204263
0.900862,9020,4997080,0,0,3.954217,2281.108753
0.900862,9030,5002620,0,0,3.954232,2283.629437
0.900862,9040,5008160,0,0,3.954256,2286.144313
0.900862,9050,5013700,0,0,3.955341,2288.045397
0.900862,9060,5019240,0,0,3.955357,2290.56465
0.900862,9070,5024780,0,0,3.956398,2292.48955
0.900862,9080,5030320,0,0,3.956411,2295.009357
0.900862,9090,5035860,0,0,3.956424,2297.529147
0.900862,9100,5041400,0,0,3.957933,2299.180068
0.900862,9110,5046940,0,0,3.958244,2301.525576
0.900862,9120,5052480,0,0,3.959498,2303.32247
0.900862,9130,5058020,0,0,3.961653,2304.593288
0.900862,9140,5063560,0,0,3.961672,2307.106796
0.900862,9150,5069100,0,0,3.963076,2308.812444
0.900862,9160,5074640,0,0,3.963105,2311.318911
0.900862,9170,5080180,0,0,3.96385,2313.407129
0.900862,9180,5085720,0,0,3.96484,2315.352121
0.900862,9190,5091260,0,0,3.965282,2317.615767
0.900862,9200,5096800,0,0,3.966366,2319.503794
0.900862,9210,5102340,0,0,3.96875,2320.630061
0.900862,9220,5107880,0,0,3.974127,2320.006628
0.900862,9230,5113420,0,0,3.974139,2322.515659
0.900862,9240,5118960,0,0,3.974152,2325.024534
0.900862,9250,5124500,0,0,4.063988,2276.089548
0.900862,9260,5130040,0,0,4.064001,2278.542967
0.900862,9270,5135580,0,0,4.064693,2280.61479
0.900862,9280,5141120,0,0,4.065017,2282.893558
0.900862,9290,5146660,0,0,4.065048,2285.336148
0.900862,9300,5152200,0,0,4.065767,2287.391256
0.900862,9310,5157740,0,0,4.06578,2289.843566
0.900862,9320,5163280,0,0,4.066867,2291.690187
0.900862,9330,5168820,0,0,4.066881,2294.141147
0.900862,9340,5174360,0,0,4.066918,2296.579569
0.900862,9350,5179900,0,0,4.067899,2298.483818
0.900862,9360,5185440,0,0,4.068491,2300.607422
0.900862,9370,5190980,0,0,4.069405,2302.548006
0.900862,9380,5196520,0,0,4.071475,2303.833496
0.900862,9390,5202060,0,0,4.07153,2306.258142
0.900862,9400,5207600,0,0,4.072434,2308.201819
0.900862,9410,5213140,0,0,4.072464,2310.640173
0.900862,9420,5218680,0,0,4.073554,2312.477265
0.900862,9430,5224220,0,0,4.073567,2314.924672
0.900862,9440,5229760,0,0,4.07358,2317.371928
0.900862,9450,5235300,0,0,4.074272,2319.432955
0.900862,9460,5240840,0,0,4.076269,2320.749872
0.900862,9470,5246380,0,0,4.077138,2322.707773
0.900862,9480,5251920,0,0,4.077171,2325.14171
0.900862,9490,5257460,0,0,4.077187,2327.585408
0.900862,9500,5263000,0,0,4.078533,2329.269055
0.900862,9510,5268540,0,0,4.078548,2331.711922
0.900862,9520,5274080,0,0,4.18866,2272.803157
0.900862,9530,5279620,0,0,4.188675,2275.182655
0.900862,9540,5285160,0,0,4.18869,2277.561749
0.900862,9550,5290700,0,0,4.189478,2279.520178
0.900862,9560,5296240,0,0,4.189491,2281.900358
0.900862,9570,5301780,0,0,4.193609,2282.044199
0.900862,9580,5307320,0,0,4.193622,2284.421507
0.900862,9590,5312860,0,0,4.193644,2286.794119
0.900862,9600,5318400,0,0,4.194327,2288.806005
0.900862,9610,5323940,0,0,4.196463,2290.023576
0.900862,9620,5329480,0,0,4.199235,2290.893611
0.900862,9630,5335020,0,0,4.20408,2290.631771
0.900862,9640,5340560,0,0,4.204128,2292.984404
0.900862,9650,5346100,0,0,4.20505,2294.860017
0.900862,9660,5351640,0,0,4.205062,2297.231207
0.900862,9670,5357180,0,0,4.205682,2299.270347
0.900862,9680,5362720,0,0,4.210772,2298.866101
0.900862,9690,5368260,0,0,4.210826,2301.211385
0.900862,9700,5373800,0,0,4.21148,2303.228242
0.900862,9710,5379340,0,0,4.211493,2305.595786
0.900862,9720,5384880,0,0,4.212111,2307.631365
0.900862,9730,5390420,0,0,4.213919,2309.014655
0.900862,9740,5395960,0,0,4.21419,2311.238668
0.900862,9750,5401500,0,0,4.214988,2313.173587
0.900862,9760,5407040,0,0,4.215001,2315.539262
0.900862,9770,5412580,0,0,4.216061,2317.329099
0.900862,9780,5418120,0,0,4.216074,2319.693898
0.900862,9790,5423660,0,0,4.216096,2322.053298
0.900862,9800,5429200,0,0,4.272252,2293.872133
0.900862,9810,5434740,0,0,4.272265,2296.206028
0.900862,9820,5440280,0,0,4.272916,2298.196575
0.900862,9830,5445820,0,0,4.274026,2299.939131
0.900862,9840,5451360,0,0,4.274133,2302.22131
0.900862,9850,5456900,0,0,4.276312,2303.386467
0.900862,9860,5462440,0,0,4.278917,2304.321614
0.900862,9870,5467980,0,0,4.279843,2306.159312
0.900862,9880,5473520,0,0,4.279877,2308.477456
0.900862,9890,5479060,0,0,4.279892,2310.805734
0.900862,9900,5484600,0,0,4.280698,2312.706785
0.900862,9910,5490140,0,0,4.283561,2313.495973
0.900862,9920,5495680,0,0,4.284543,2315.299547
0.900862,9930,5501220,0,0,4.284556,2317.626296
0.900862,9940,5506760,0,0,4.285419,2319.493153
0.900862,9950,5512300,0,0,4.286448,2321.269006
0.900862,9960,5517840,0,0,4.286462,2323.594702
0.900862,9970,5523380,0,0,4.287444,2325.394612
0.900862,9980,5528920,0,0,4.287468,2327.71419
0.900862,9990,5534460,0,0,4.287483,2330.038406
0.900862,10000,5540000,0,0,4.288513,2331.810743
0.900862,10010,5545540,0,0,4.288526,2334.135157
0.900862,10020,5551080,0,0,4.384313,2285.42084
0.900862,10030,5556620,0,0,4.384327,2287.694235
0.900862,10040,5562160,0,0,4.384342,2289.967491
0.900862,10050,5567700,0,0,4.385722,2291.526706
0.900862,10060,5573240,0,0,4.385736,2293.799973
0.900862,10070,5578780,0,0,4.387719,2295.041934
0.900862,10080,5584320,0,0,4.387732,2297.314531
0.900862,10090,5589860,0,0,4.387744,2299.58699
0.900862,10100,5595400,0,0,4.388508,2301.465762
0.900862,10110,5600940,0,0,4.38853,2303.732677
0.900862,10120,5606480,0,0,4.389134,2305.694178
0.900862,10130,5612020,0,0,4.389458,2307.801917
0.900862,10140,5617560,0,0,4.389484,2310.066677
0.900862,10150,5623100,0,0,4.39035,2311.888519
0.900862,10160,5628640,0,0,4.390374,2314.153424
0.900862,10170,5634180,0,0,4.391004,2316.099087
0.900862,10180,5639720,0,0,4.393216,2317.208883
0.900862,10190,5645260,0,0,4.393375,2319.401162
0.900862,10200,5650800,0,0,4.398734,2318.84884
0.900862,10210,5656340,0,0,4.40224,2319.273679
0.900862,10220,5661880,0,0,4.403262,2321.006364
0.900862,10230,5667420,0,0,4.403275,2323.270866
0.900862,10240,5672960,0,0,4.403376,2325.488263
0.900862,10250,5678500,0,0,4.404509,2327.160608
0.900862,10260,5684040,0,0,4.404532,2329.418778
0.900862,10270,5689580,0,0,4.407355,2330.195738
0.900862,10280,5695120,0,0,4.40737,2332.45685
0.900862,10290,5700660,0,0,4.407382,2334.719083
0.900862,10300,5706200,0,0,4.510669,2283.475027
0.900862,10310,5711740,0,0,4.510681,2285.685711
0.900862,10320,5717280,0,0,4.511397,2287.539695
0.900862,10330,5722820,0,0,4.511409,2289.750132
0.900862,10340,5728360,0,0,4.516761,2289.250927
0.900862,10350,5733900,0,0,4.517443,2291.119022
0.900862,10360,5739440,0,0,4.518167,2292.965499
0.900862,10370,5744980,0,0,4.519058,2294.726272
0.900862,10380,5750520,0,0,4.51907,2296.932822
0.900862,10390,5756060,0,0,4.519096,2299.132324
0.900862,10400,5761600,0,0,4.519765,2301.004638
0.900862,10410,5767140,0,0,4.523479,2301.325923
0.900862,10420,5772680,0,0,4.5243,2303.118786
0.900862,10430,5778220,0,0,4.524313,2305.322512
0.900862,10440,5783760,0,0,4.526173,2306.584456
0.900862,10450,5789300,0,0,4.526853,2308.447028
0.900862,10460,5794840,0,0,4.53231,2307.874148
0.900862,10470,5800380,0,0,4.533656,2309.394509
0.900862,10480,5805920,0,0,4.533678,2311.588808
0.900862,10490,5811460,0,0,4.534122,2313.5681
0.900862,10500,5817000,0,0,4.535273,2315.185961
0.900862,10510,5822540,0,0,4.535336,2317.358617
0.900862,10520,5828080,0,0,4.54027,2317.043016
0.900862,10530,5833620,0,0,4.540324,2319.217883
0.900862,10540,5839160,0,0,4.540504,2321.327972
0.900862,10550,5844700,0,0,4.541201,2323.174043
0.900862,10560,5850240,0,0,4.541213,2325.369877
0.900862,10570,5855780,0,0,4.591305,2302.177814
0.900862,10580,5861320,0,0,4.591319,2304.348665
0.900862,10590,5866860,0,0,4.591353,2306.50956
0.900862,10600,5872400,0,0,4.592694,2308.013651
0.900862,10610,5877940,0,0,4.592724,2310.175912
0.900862,10620,5883480,0,0,4.593927,2311.747709
0.900862,10630,5889020,0,0,4.593954,2313.910685
0.900862,10640,5894560,0,0,4.59415,2315.988778
0.900862,10650,5900100,0,0,4.595121,2317.675686
0.900862,10660,5905640,0,0,4.595825,2319.496401
0.900862,10670,5911180,0,0,4.597403,2320.875478
0.900862,10680,5916720,0,0,4.598441,2322.526202
0.900862,10690,5922260,0,0,4.60261,2322.595287
0.900862,10700,5927800,0,0,4.603696,2324.219442
0.900862,10710,5933340,0,0,4.60508,2325.692552
0.900862,10720,5938880,0,0,4.606374,2327.209946
0.900862,10730,5944420,0,0,4.606396,2329.369759
0.900862,10740,5949960,0,0,4.607437,2331.01402
0.900862,10750,5955500,0,0,4.608442,2332.6754
0.900862,10760,5961040,0,0,4.608766,2334.681546
0.900862,10767,5964918,0,0,4.610003,2335.573079
0.900862,10774,5968796,0,0,4.610016,2337.08523
0.900862,10778,5971012,0,0,4.610029,2337.946256
0.900862,10785,5974890,0,0,4.713784,2287.970663
0.900862,10792,5978768,0,0,4.713796,2289.449879
0.900862,10806,5986524,0,0,4.71552,2291.582002
0.900862,10816,5992064,0,0,4.716153,2293.394799
0.900862,10826,5997604,0,0,4.717504,2294.857608
0.900862,10836,6003144,0,0,4.717785,2296.840398
0.900862,10846,6008684,0,0,4.71903,2298.353618
0.900862,10856,6014224,0,0,4.719113,2300.432251
0.900862,10866,6019764,0,0,4.722042,2301.123191
0.900862,10876,6025304,0,0,4.722946,2302.799792
0.900862,10886,6030844,0,0,4.723366,2304.712465
0.900862,10896,6036384,0,0,4.724648,2306.203436
0.900862,10906,6041924,0,0,4.724695,2308.297165
0.900862,10916,6047464,0,0,4.725366,2310.08567
0.900862,10926,6053004,0,0,4.726254,2311.76719
0.900862,10936,6058544,0,0,4.728135,2312.962669
0.900862,10946,6064084,0,0,4.729253,2314.530641
0.900862,10956,6069624,0,0,4.729825,2316.364527
0.900862,10966,6075164,0,0,4.730474,2318.160931
0.900862,10976,6080704,0,0,4.731464,2319.789437
0.900862,10986,6086244,0,0,4.731804,2321.736234
0.900862,10996,6091784,0,0,4.733117,2323.204604
0.900862,11006,6097324,0,0,4.733381,2325.18807
0.900862,11016,6102864,0,0,4.734323,2326.83766
0.900862,11026,6108404,0,0,4.734998,2328.617908
0.900862,11036,6113944,0,0,4.735653,2330.407035
0.900862,11046,6119484,0,0,4.84225,2281.170892
0.900862,11056,6125024,0,0,4.842264,2283.22964
0.900862,11066,6130564,0,0,4.842277,2285.288601
0.900862,11077,6136658,0,0,4.842872,2287.279164
0.900862,11087,6142198,0,0,4.843128,2289.222789
0.900862,11097,6147738,0,0,4.844069,2290.842563
0.900862,11107,6153278,0,0,4.844465,2292.719508
0.900862,11117,6158818,0,0,4.845456,2294.314563
0.900862,11127,6164358,0,0,4.846089,2296.07851
0.900862,11137,6169898,0,0,4.846743,2297.83171
0.900862,11147,6175438,0,0,4.847681,2299.450076
0.900862,11157,6180978,0,0,4.848079,2301.323675
0.900862,11167,6186518,0,0,4.848738,2303.073296
0.900862,11177,6192058,0,0,4.849967,2304.551988
0.900862,11187,6197598,0,0,4.853764,2304.809189
0.900862,11197,6203138,0,0,4.854614,2306.465778
0.900862,11207,6208678,0,0,4.85511,2308.289536
0.900862,11217,6214218,0,0,4.855758,2310.040783
0.900862,11227,6219758,0,0,4.856552,2311.722332
0.900862,11237,6225298,0,0,4.857308,2313.421386
0.900862,11247,6230838,0,0,4.860956,2313.742535
0.900862,11257,6236378,0,0,4.960937,2269.127886
0.900862,11267,6241918,0,0,4.960967,2271.129882
0.900862,11277,6247458,0,0,4.963662,2271.911494
0.900862,11287,6252998,0,0,4.964386,2273.594255
0.900862,11297,6258538,0,0,4.965135,2275.265381
0.900862,11307,6264078,0,0,4.965672,2277.033192
0.900862,11317,6269618,0,0,4.966769,2278.543885
0.900862,11327,6275158,0,0,4.9671,2280.405109
0.900862,11337,6280698,0,0,4.969057,2281.519263
0.900862,11347,6286238,0,0,4.970078,2283.062546
0.900862,11357,6291778,0,0,4.970863,2284.713894
0.900862,11367,6297318,0,0,4.97194,2286.230416
0.900862,11377,6302858,0,0,4.97219,2288.126495
0.900862,11387,6308398,0,0,4.972865,2289.826952
0.900862,11397,6313938,0,0,4.976813,2290.019702
0.900862,11407,6319478,0,0,4.977217,2291.843031
0.90645,11417,6325018,0,0,4.978885,2293.083832
0.90645,11427,6330558,0,0,4.978914,2295.079016
0.90645,11437,6336098,0,0,4.979209,2296.951317
0.90645,11447,6341638,0,0,4.980374,2298.42194
0.90645,11457,6347178,0,0,4.980871,2300.200233
0.90645,11467,6352718,0,0,4.982362,2301.518933
0.90645,11477,6358258,0,0,4.982388,2303.513668
0.90645,11487,6363798,0,0,4.984076,2304.740015
0.90645,11497,6369338,0,0,4.985182,2306.234625
0.90645,11507,6374878,0,0,4.985854,2307.929636
0.90645,11517,6380418,0,0,4.987315,2309.258727
0.90645,11527,6385958,0,0,4.987329,2311.257075
0.90645,11537,6391498,0,0,4.987687,2313.09629
0.573631,117,64818,0,0,0.007184,16286.126643
0.561186,127,70358,0,0,0.008883,14296.588958
0.561186,137,75898,0,0,0.008901,15391.322869
0.561186,147,81438,0,0,0.009399,15639.272727
0.470818,157,86978,0,0,0.010535,14903.377345
0.470818,167,92518,0,0,0.010763,15515.87737
0.470818,177,98058,0,0,0.012692,13945.820491
0.470818,187,103598,0,0,0.012704,14719.341816
0.470818,197,109138,0,0,0.013259,14857.906351
0.685466,207,114678,0,0,0.014351,14423.951755
0.685466,217,120218,0,0,0.014573,14890.208065
0.685466,227,125758,0,0,0.015939,14242.225367
0.685466,237,131298,0,0,0.01621,14620.74818
0.685466,247,136838,0,0,0.01683,14675.786038
0.685466,257,142378,0,0,0.018744,13710.711371
0.730328,267,147918,0,0,0.019298,13835.74663
0.730328,277,153458,0,0,0.021115,13118.744021
0.730328,287,158998,0,0,0.021141,13575.330123
0.730328,297,164538,0,0,0.021499,13814.801579
0.730328,307,170078,0,0,0.105927,2898.209574
0.730328,317,175618,0,0,0.105939,2992.277048
0.730328,327,181158,0,0,0.106647,3066.183054
0.730328,337,186698,0,0,0.10666,3159.582818
0.730328,347,192238,0,0,0.107271,3234.799174
0.730328,357,197778,0,0,0.108337,3295.282601
0.730328,367,203318,0,0,0.108648,3377.878943
0.730328,377,208858,0,0,0.110271,3418.843245
0.730328,387,214398,0,0,0.110295,3508.777692
0.730328,397,219938,0,0,0.110635,3588.367091
0.730328,407,225478,0,0,0.111689,3644.04435
0.730328,417,231018,0,0,0.113546,3672.523797
0.730328,427,236558,0,0,0.114942,3714.922408
0.730328,437,242098,0,0,0.115091,3796.992602
0.730328,447,247638,0,0,0.115799,3860.138622
0.730328,457,253178,0,0,0.116903,3909.237604
0.730328,467,258718,0,0,0.117108,3987.760222
0.730328,477,264258,0,0,0.118444,4027.220773
0.730328,487,269798,0,0,0.118654,4104.370253
0.730328,497,275338,0,0,0.119632,4154.423209
0.730328,507,280878,0,0,0.120705,4200.335251
0.730328,517,286418,0,0,0.120907,4276.011382
0.730328,527,291958,0,0,0.122276,4309.919429
0.730328,537,297498,0,0,0.122314,4390.340469
0.730328,547,303038,0,0,0.123147,4441.836935
0.730328,557,308578,0,0,0.124182,4485.352655
0.730328,567,314118,0,0,0.125752,4508.875607
0.730328,577,319658,0,0,0.127046,4541.666729
0.730328,587,325198,0,0,0.127355,4609.168418
0.730328,597,330738,0,0,0.128033,4662.845804
0.730328,607,336278,0,0,0.228181,2660.167459
0.730328,616,341264,0,0,0.228195,2699.449038
0.730328,620,343480,0,0,0.228781,2710.018258
0.730328,630,349020,0,0,0.228793,2753.579012
0.730328,640,354560,0,0,0.229124,2793.243574
0.730328,650,360100,0,0,0.233587,2782.691629
0.730328,660,365640,0,0,0.234228,2817.768558
0.730328,670,371180,0,0,0.23688,2828.435575
0.730328,680,376720,0,0,0.237122,2867.724272
0.730328,690,382260,0,0,0.238356,2894.833996
0.730328,700,387800,0,0,0.239083,2927.855794
0.730328,710,393340,0,0,0.239683,2962.241151
0.730328,720,398880,0,0,0.240792,2990.138036
0.730328,730,404420,0,0,0.241021,3028.785752
0.730328,740,409960,0,0,0.241686,3061.825701
0.730328,750,415500,0,0,0.242406,3093.978122
0.730328,760,421040,0,0,0.244274,3111.261567
0.730328,770,426580,0,0,0.245356,3138.292895
0.730328,780,432120,0,0,0.245932,3171.613243
0.730328,790,437660,0,0,0.246589,3203.705953
0.730328,800,443200,0,0,0.247368,3234.046786
0.730328,810,448740,0,0,0.24793,3267.047385
0.730328,820,454280,0,0,0.251392,3261.842637
0.730328,830,459820,0,0,0.25164,3298.361673
0.730328,840,465360,0,0,0.252292,3329.470162
0.730328,850,470900,0,0,0.253097,3358.401754
0.730328,860,476440,0,0,0.253666,3390.279505
0.730328,870,481980,0,0,0.347541,2503.304528
0.730328,880,487520,0,0,0.347555,2531.973924
0.730328,890,493060,0,0,0.34757,2560.637448
0.730328,900,498600,0,0,0.348201,2584.711961
0.730328,910,504140,0,0,0.348528,2610.979941
0.730328,920,509680,0,0,0.352036,2613.365553
0.730328,930,515220,0,0,0.352122,2641.131338
0.730328,940,520760,0,0,0.35279,2664.477332
0.730328,950,526300,0,0,0.353621,2686.490178
0.730328,960,531840,0,0,0.354166,2710.594926
0.730328,970,537380,0,0,0.355289,2730.170079
0.730328,980,542920,0,0,0.355485,2756.797343
0.730328,990,548460,0,0,0.356363,2778.065732
0.730328,1000,554000,0,0,0.357218,2799.410791
0.730328,1010,559540,0,0,0.357749,2823.208567
0.730328,1020,565080,0,0,0.358886,2842.128113
0.730328,1030,570620,0,0,0.359078,2868.46001
0.730328,1040,576160,0,0,0.359701,2891.289007
0.730328,1050,581700,0,0,0.36185,2901.754684
0.730328,1060,587240,0,0,0.36412,2911.131959
0.730328,1070,592780,0,0,0.364739,2933.606968
0.730328,1080,598320,0,0,0.38665,2793.221506
0.730328,1090,603860,0,0,0.386735,2818.465962
0.730328,1100,609400,0,0,0.387342,2839.866037
0.730328,1110,614940,0,0,0.387355,2865.589518
0.730328,1120,620480,0,0,0.387979,2886.755726
0.730328,1130,626020,0,0,0.387991,2912.440844
0.730328,1140,631560,0,0,0.388544,2934.031814
0.730328,1150,637100,0,0,0.391642,2936.356226
0.730328,1160,642640,0,0,0.394188,2942.760601
0.730328,1170,648180,0,0,0.395327,2959.578125
0.730328,1180,653720,0,0,0.420988,2802.932873
0.730328,1190,659260,0,0,0.421221,2825.120185
0.730328,1200,664800,0,0,0.42246,2840.503474
0.730328,1210,670340,0,0,0.422481,2864.035332
0.730328,1220,675880,0,0,0.423298,2882.131122
0.730328,1230,681420,0,0,0.423339,2905.470401
0.730328,1240,686960,0,0,0.423491,2928.044976
0.730328,1250,692500,0,0,0.426775,2928.940697
0.730328,1260,698040,0,0,0.426789,2952.279862
0.730328,1270,703580,0,0,0.427612,2969.981673
0.730328,1280,709120,0,0,0.427637,2993.193792
0.730328,1290,714660,0,0,0.427859,3015.009796
0.730328,1300,720200,0,0,0.43923,2959.723601
0.730328,1310,725740,0,0,0.440414,2974.474343
0.730328,1320,731280,0,0,0.441582,2989.249292
0.730328,1330,736820,0,0,0.442072,3008.55865
0.730328,1340,742360,0,0,0.443427,3021.918965
0.730328,1350,747900,0,0,0.545061,2476.786495
0.730328,1360,753440,0,0,0.545074,2495.073036
0.730328,1370,758980,0,0,0.545996,2509.173927
0.730328,1380,764520,0,0,0.546012,2527.415121
0.730328,1390,770060,0,0,0.546118,2545.235156
0.730328,1400,775600,0,0,0.54701,2559.367344
0.730328,1410,781140,0,0,0.547462,2575.519043
0.730328,1420,786680,0,0,0.549393,2584.669886
0.730328,1430,792220,0,0,0.549421,2602.739634
0.730328,1440,797760,0,0,0.549708,2619.574236
0.730328,1450,803300,0,0,0.550806,2632.506741
0.730328,1460,808840,0,0,0.551066,2649.408499
0.730328,1470,814380,0,0,0.552239,2661.89124
0.730328,1480,819920,0,0,0.552699,2677.766964
0.730328,1490,825460,0,0,0.555804,2680.801077
0.730328,1500,831000,0,0,0.560678,2675.333478
0.730328,1510,836540,0,0,0.561069,2691.288746
0.730328,1520,842080,0,0,0.561991,2704.669762
0.730328,1530,847620,0,0,0.562006,2722.39319
0.730328,1540,853160,0,0,0.562018,2740.126163
0.730328,1550,858700,0,0,0.562769,2754.23873
0.730328,1560,864240,0,0,0.563602,2767.909662
0.730328,1570,869780,0,0,0.564708,2780.195587
0.730328,1580,875320,0,0,0.564908,2796.916647
0.730328,1590,880860,0,0,0.565585,2811.247852
0.730328,1600,886400,0,0,0.566328,2825.217652
0.730328,1610,891940,0,0,0.566916,2839.928153
0.730328,1620,897480,0,0,0.568026,2851.981797
0.730328,1630,903020,0,0,0.570268,2858.30564
0.730328,1640,908560,0,0,0.570947,2872.421075
0.730328,1650,914100,0,0,0.665107,2480.802018
0.730328,1660,919640,0,0,0.665121,2495.786186
0.730328,1670,925180,0,0,0.665804,2508.24691
0.730328,1680,930720,0,0,0.666681,2519.944726
0.730328,1690,936260,0,0,0.667709,2531.04229
0.730328,1700,941800,0,0,0.668819,2541.794912
0.730328,1710,947340,0,0,0.66902,2555.978549
0.730328,1720,952880,0,0,0.670326,2565.91571
0.730328,1730,958420,0,0,0.670966,2578.373341
0.730328,1740,963960,0,0,0.671618,2590.760335
0.730328,1750,969500,0,0,0.672717,2601.389788
0.730328,1760,975040,0,0,0.672951,2615.348356
0.730328,1770,980580,0,0,0.674401,2624.552022
0.730328,1780,986120,0,0,0.674428,2639.271765
0.730328,1790,991660,0,0,0.675184,2651.130065
0.730328,1800,997200,0,0,0.676267,2661.67191
0.730328,1810,1002740,0,0,0.677835,2670.26829
0.730328,1820,1008280,0,0,0.679115,2679.959191
0.730328,1830,1013820,0,0,0.679537,2693.009864
0.730328,1840,1019360,0,0,0.680197,2705.09772
0.730328,1850,1024900,0,0,0.68136,2715.155994
0.730328,1860,1030440,0,0,0.681536,2729.127749
0.730328,1870,1035980,0,0,0.683464,2736.063885
0.730328,1880,1041520,0,0,0.683477,2750.642468
0.730328,1890,1047060,0,0,0.683765,2764.106852
0.730328,1900,1052600,0,0,0.68494,2773.96713
0.730328,1910,1058140,0,0,0.685099,2787.917734
0.730328,1920,1063680,0,0,0.790149,2429.921527
0.730328,1930,1069220,0,0,0.790163,2442.535359
0.730328,1940,1074760,0,0,0.790175,2455.150979
0.730328,1950,1080300,0,0,0.793356,2457.913148
0.730328,1960,1085840,0,0,0.793994,2468.531922
0.730328,1970,1091380,0,0,0.795154,2477.507207
0.730328,1980,1096920,0,0,0.795166,2490.045308
0.730328,1990,1102460,0,0,0.795725,2500.865154
0.730328,2000,1108000,0,0,0.797666,2507.316362
0.730328,2010,1113540,0,0,0.797687,2519.784407
0.730328,2020,1119080,0,0,0.799859,2525.446467
0.730328,2030,1124620,0,0,0.79987,2537.910853
0.730328,2040,1130160,0,0,0.800511,2548.37184
0.730328,2050,1135700,0,0,0.803756,2550.523775
0.730328,2060,1141240,0,0,0.80378,2562.890092
0.730328,2070,1146780,0,0,0.804614,2572.661956
0.730328,2080,1152320,0,0,0.804711,2584.777785
0.730328,2090,1157860,0,0,0.805348,2595.150136
0.730328,2100,1163400,0,0,0.806572,2603.609921
0.730328,2110,1168940,0,0,0.813172,2594.776671
0.730328,2120,1174480,0,0,0.814135,2603.989737
0.730328,2130,1180020,0,0,0.814147,2616.233634
0.730328,2140,1185560,0,0,0.814159,2628.477934
0.730328,2150,1191100,0,0,0.814769,2638.786184
0.730328,2159,1196086,0,0,0.815729,2646.713416
0.730328,2169,1201626,0,0,0.817122,2654.438439
0.730328,2179,1207166,0,0,0.817148,2666.590928
0.730328,2189,1212706,0,0,0.81776,2676.822966
0.730328,2199,1218246,0,0,0.907241,2423.831973
0.730328,2209,1223786,0,0,0.907254,2434.821129
0.730328,2219,1229326,0,0,0.907989,2443.862779
0.730328,2229,1234866,0,0,0.908001,2454.842613
0.730328,2239,1240406,0,0,0.908593,2464.249834
0.730328,2249,1245946,0,0,0.914381,2459.587342
0.730328,2259,1251486,0,0,0.914408,2470.451556
0.730328,2269,1257026,0,0,0.915229,2479.161377
0.730328,2279,1262566,0,0,0.916125,2487.652281
0.730328,2289,1268106,0,0,0.917011,2496.151904
0.730328,2299,1273646,0,0,0.918448,2503.136452
0.730328,2309,1279186,0,0,0.918727,2513.25976
0.730328,2319,1284726,0,0,0.920105,2520.363271
0.730328,2329,1290266,0,0,0.920308,2530.673547
0.730328,2339,1295806,0,0,0.920973,2539.705118
0.730328,2349,1301346,0,0,0.922227,2547.094181
0.730328,2359,1306886,0,0,0.922312,2557.703419
0.730328,2369,1312426,0,0,0.923863,2564.231868
0.730328,2379,1317966,0,0,0.923877,2575.018101
0.730328,2389,1323506,0,0,0.924299,2584.660119
0.730328,2399,1329046,0,0,0.925701,2591.548476
0.730328,2409,1334586,0,0,0.925937,2601.68973
0.730328,2419,1340126,0,0,0.92715,2609.069435
0.730328,2429,1345666,0,0,0.92872,2615.427693
0.730328,2439,1351206,0,0,0.929384,2624.31825
0.730328,2449,1356746,0,0,0.930743,2631.231237
0.730328,2459,1362286,0,0,0.931087,2640.998452
0.730328,2469,1367826,0,0,0.932401,2648.001796
0.730328,2479,1373366,0,0,0.932761,2657.70198
0.730328,2489,1378906,0,0,0.933385,2666.637034
0.730328,2499,1384446,0,0,0.934937,2672.907372
0.730328,2509,1389986,0,0,0.93495,2683.566325
0.717846,2519,1395526,0,0,1.038072,2426.613698
0.717846,2529,1401066,0,0,1.038085,2436.216725
0.717846,2539,1406606,0,0,1.038098,2445.818953
0.717846,2549,1412146,0,0,1.038841,2453.695409
0.717846,2559,1417686,0,0,1.038855,2463.28873
0.717846,2569,1423226,0,0,1.040139,2469.862863
0.717846,2579,1428766,0,0,1.040948,2477.54838
0.717846,2589,1434306,0,0,1.041041,2486.934567
0.717846,2599,1439846,0,0,1.042851,2492.20596
0.717846,2609,1445386,0,0,1.043431,2500.405381
0.717846,2619,1450926,0,0,1.044179,2508.190162
0.717846,2629,1456466,0,0,1.044683,2516.553492
0.717846,2639,1462006,0,0,1.045532,2524.073322
0.717846,2649,1467546,0,0,1.046586,2531.086702
0.717846,2659,1473086,0,0,1.047239,2539.056728
0.717846,2669,1478626,0,0,1.048645,2545.189799
0.717846,2679,1484166,0,0,1.048657,2554.696295
0.717846,2689,1489706,0,0,1.049237,2562.815826
0.717846,2699,1495246,0,0,1.050214,2569.952282
0.717846,2709,1500786,0,0,1.050568,2578.606013
0.717846,2719,1506326,0,0,1.052276,2583.92369
0.717846,2729,1511866,0,0,1.052288,2593.39576
0.717846,2739,1517406,0,0,1.052865,2601.472464
0.717846,2749,1522946,0,0,1.053889,2608.434596
0.717846,2759,1528486,0,0,1.054197,2617.158896
0.717846,2769,1534026,0,0,1.055419,2623.603241
0.717846,2779,1539566,0,0,1.05681,2629.610813
0.717846,2789,1545106,0,0,1.057734,2636.768759
0.715148,2799,1550646,0,0,1.164784,2403.019756
0.715148,2809,1556186,0,0,1.164796,2411.580848
0.715148,2819,1561726,0,0,1.165438,2418.832233
0.715148,2829,1567266,0,0,1.166431,2425.346671
0.715148,2839,1572806,0,0,1.167099,2432.526651
0.715148,2849,1578346,0,0,1.16806,2439.087895
0.715148,2859,1583886,0,0,1.168663,2446.38626
0.715148,2869,1589426,0,0,1.170197,2451.724419
0.715148,2879,1594966,0,0,1.17021,2460.242923
0.715148,2889,1600506,0,0,1.170649,2467.86274
0.715148,2899,1606046,0,0,1.171635,2474.320259
0.715148,2909,1611586,0,0,1.174278,2477.267341
0.715148,2919,1617126,0,0,1.175774,2482.61925
0.715148,2929,1622666,0,0,1.175787,2491.096501
0.715148,2939,1628206,0,0,1.176272,2498.570926
0.715148,2949,1633746,0,0,1.177393,2504.68578
0.715148,2959,1639286,0,0,1.179239,2509.245803
0.715148,2969,1644826,0,0,1.180366,2515.322451
0.715148,2979,1650366,0,0,1.180778,2522.913312
0.715148,2989,1655906,0,0,1.181438,2529.967783
0.715148,2999,1661446,0,0,1.182202,2536.79232
0.715148,3009,1666986,0,0,1.182767,2544.033613
0.715148,3019,1672526,0,0,1.184478,2548.801993
0.715148,3029,1678066,0,0,1.18465,2556.873973
0.715148,3039,1683606,0,0,1.185311,2563.884422
0.715148,3049,1689146,0,0,1.186155,2570.489674
0.715148,3059,1694686,0,0,1.186646,2577.852881
0.715148,3069,1700226,0,0,1.243359,2468.31348
0.715148,3079,1705766,0,0,1.243372,2476.329618
0.715148,3089,1711306,0,0,1.243386,2484.345583
0.715148,3099,1716846,0,0,1.244008,2491.141407
0.715148,3109,1722386,0,0,1.244086,2499.024283
0.715148,3119,1727926,0,0,1.245216,2504.786534
0.715148,3129,1733466,0,0,1.245415,2512.414634
0.715148,3139,1739006,0,0,1.246073,2519.113551
0.715148,3149,1744546,0,0,1.247152,2524.95267
0.715148,3159,1750086,0,0,1.247635,2531.99027
0.715148,3169,1755626,0,0,1.248753,2537.731982
0.715148,3179,1761166,0,0,1.248955,2545.327871
0.715148,3189,1766706,0,0,1.249622,2551.971986
0.715148,3199,1772246,0,0,1.250478,2558.222652
0.715148,3209,1777786,0,0,1.251814,2563.47913
0.715148,3219,1783326,0,0,1.253282,2568.456117
0.715148,3229,1788866,0,0,1.253483,2576.021565
0.715148,3239,1794406,0,0,1.254147,2582.631752
0.715148,3249,1799946,0,0,1.254992,2588.861107
0.715148,3259,1805486,0,0,1.25548,2595.819327
0.715148,3269,1811026,0,0,1.36503,2394.818655
0.715148,3279,1816566,0,0,1.365043,2402.121844
0.715148,3289,1822106,0,0,1.365056,2409.425315
0.715148,3299,1827646,0,0,1.366683,2413.872737
0.715148,3309,1833186,0,0,1.367126,2420.405197
0.715148,3319,1838726,0,0,1.367762,2426.592026
0.715148,3329,1844266,0,0,1.367775,2433.880331
0.715148,3339,1849806,0,0,1.367945,2440.887262
0.715148,3349,1855346,0,0,1.368761,2446.738216
0.715148,3359,1860886,0,0,1.369109,2453.419733
0.715148,3369,1866426,0,0,1.370449,2458.318286
0.715148,3379,1871966,0,0,1.370471,2465.57656
0.715148,3389,1877506,0,0,1.37204,2470.044545
0.715148,3399,1883046,0,0,1.373007,2475.588576
0.715148,3409,1888586,0,0,1.375335,2478.668014
0.715148,3419,1894126,0,0,1.381115,2475.535715
0.715148,3429,1899666,0,0,1.38113,2482.748811
0.715148,3439,1905206,0,0,1.381388,2489.524691
0.715148,3449,1910746,0,0,1.38316,2493.566112
0.715148,3459,1916286,0,0,1.383199,2500.72395
0.715148,3469,1921826,0,0,1.383833,2506.805929
0.715148,3479,1927366,0,0,1.384998,2511.916402
0.715148,3489,1932906,0,0,1.385035,2519.069412
0.715148,3499,1938446,0,0,1.385643,2525.182309
0.715148,3509,1943986,0,0,1.385655,2532.375648
0.715148,3519,1949526,0,0,1.386907,2537.300006
0.715148,3529,1955066,0,0,1.38908,2540.5299
0.715148,3539,1960606,0,0,1.389437,2547.075332
0.715148,3549,1966146,0,0,1.39018,2552.90749
0.715148,3559,1971686,0,0,1.390193,2560.077096
0.715148,3569,1977226,0,0,1.477383,2415.757521
0.715148,3579,1982766,0,0,1.477397,2422.50357
0.715148,3589,1988306,0,0,1.47741,2429.250669
0.715148,3599,1993846,0,0,1.48123,2429.737023
0.715148,3609,1999386,0,0,1.481576,2435.920036
0.715148,3619,2004926,0,0,1.482548,2441.067678
0.715148,3629,2010466,0,0,1.48256,2447.792746
0.715148,3639,2016006,0,0,1.482966,2453.865798
0.715148,3649,2021546,0,0,1.483744,2459.319679
0.715148,3659,2027086,0,0,1.483756,2466.038782
0.715148,3669,2032626,0,0,1.484895,2470.882588
0.715148,3679,2038166,0,0,1.484907,2477.596785
0.715148,3689,2043706,0,0,1.485319,2483.64173
0.715148,3699,2049246,0,0,1.48601,2489.215964
0.715148,3709,2054786,0,0,1.486243,2495.555011
0.715148,3719,2060326,0,0,1.487202,2500.669161
0.715148,3729,2065866,0,0,1.491556,2500.074267
0.715148,3739,2071406,0,0,1.491684,2506.562719
0.715148,3749,2076946,0,0,1.492283,2512.257885
0.715148,3759,2082486,0,0,1.492921,2517.882536
0.715148,3769,2088026,0,0,1.494053,2522.668396
0.715148,3779,2093566,0,0,1.494196,2529.11904
0.715148,3789,2099106,0,0,1.494806,2534.776597
0.715148,3799,2104646,0,0,1.49555,2540.202337
0.715148,3809,2110186,0,0,1.496304,2545.606052
0.715148,3819,2115726,0,0,1.497417,2550.39182
0.715148,3829,2121266,0,0,1.49757,2556.809039
0.715148,3839,2126806,0,0,1.498185,2562.434424
0.715148,3849,2132346,0,0,1.598948,2407.207377
0.715148,3859,2137886,0,0,1.598962,2413.440976
0.715148,3869,2143426,0,0,1.599615,2418.706494
0.715148,3879,2148966,0,0,1.602997,2419.841875
0.715148,3889,2154506,0,0,1.603012,2426.057457
0.715148,3899,2160046,0,0,1.60374,2431.192485
0.715148,3909,2165586,0,0,1.603753,2437.407981
0.715148,3919,2171126,0,0,1.60439,2442.673422
0.715148,3929,2176666,0,0,1.604403,2448.885579
0.715148,3939,2182206,0,0,1.61292,2442.155254
0.715148,3949,2187746,0,0,1.61381,2447.004923
0.715148,3959,2193286,0,0,1.614582,2452.027738
0.715148,3969,2198826,0,0,1.616159,2455.82242
0.715148,3979,2204366,0,0,1.616213,2461.928212
0.715148,3989,2209906,0,0,1.618851,2464.093079
0.715148,3999,2215446,0,0,1.620031,2468.471829
0.715148,4009,2220986,0,0,1.621355,2472.623484
0.715148,4019,2226526,0,0,1.623071,2476.169878
0.715148,4029,2232066,0,0,1.623571,2481.566626
0.715148,4039,2237606,0,0,1.62469,2486.01336
0.715148,4049,2243146,0,0,1.625783,2490.492325
0.715148,4053,2245362,0,0,1.626527,2491.812566
0.715148,4068,2253672,0,0,1.628166,2498.517163
0.715148,4071,2255334,0,0,1.631253,2495.627588
0.715148,4081,2260874,0,0,1.632409,2499.986435
0.715148,4091,2266414,0,0,1.685577,2427.061846
0.715148,4101,2271954,0,0,1.685591,2432.974917
0.715148,4111,2277494,0,0,1.685603,2438.889272
0.715148,4121,2283034,0,0,1.686211,2443.940725
0.715148,4131,2288574,0,0,1.686736,2449.108656
0.715148,4141,2294114,0,0,1.688215,2452.88695
0.715148,4151,2299654,0,0,1.688955,2457.732987
0.715148,4161,2305194,0,0,1.690372,2461.588004
0.715148,4171,2310734,0,0,1.691476,2465.893885
0.715148,4181,2316274,0,0,1.692582,2470.189975
0.715148,4191,2321814,0,0,1.695106,2472.412059
0.715148,4201,2327354,0,0,1.696198,2476.716288
0.715148,4211,2332894,0,0,1.697316,2480.976295
0.715148,4221,2338434,0,0,1.698136,2485.666503
0.715148,4231,2343974,0,0,1.698961,2490.344842
0.715148,4242,2350068,0,0,1.700221,2494.969331
0.715148,4252,2355608,0,0,1.700653,2500.215981
0.715148,4262,2361148,0,0,1.701492,2504.859984
0.715148,4272,2366688,0,0,1.702703,2508.951944
0.715148,4282,2372228,0,0,1.703515,2513.62616
0.715148,4292,2377768,0,0,1.704693,2517.75528
0.715148,4302,2383308,0,0,1.705175,2522.908673
0.715148,4312,2388848,0,0,1.706011,2527.533443
0.715148,4322,2394388,0,0,1.795831,2406.684669
0.715148,4332,2399928,0,0,1.795844,2412.235827
0.715148,4342,2405468,0,0,1.796453,2416.984385
0.715148,4352,2411008,0,0,1.797153,2421.608602
0.715148,4362,2416548,0,0,1.798257,2425.681729
0.715148,4372,2422088,0,0,1.799367,2429.743093
0.715148,4382,2427628,0,0,1.800755,2433.42437
0.715148,4392,2433168,0,0,1.802187,2437.039366
0.715148,4402,2438708,0,0,1.802979,2441.515182
0.715148,4412,2444248,0,0,1.805185,2444.071367
0.715148,4422,2449788,0,0,1.806594,2447.700391
0.715148,4432,2455328,0,0,1.807959,2451.383239
0.715148,4442,2460868,0,0,1.809416,2454.936308
0.715148,4452,2466408,0,0,1.810248,2459.33103
0.715148,4462,2471948,0,0,1.811277,2463.455784
0.715148,4472,2477488,0,0,1.812377,2467.47815
0.715148,4482,2483028,0,0,1.816482,2467.406687
0.715148,4492,2488568,0,0,1.817888,2470.999608
0.715148,4502,2494108,0,0,1.8187,2475.39441
0.715148,4512,2499648,0,0,1.819803,2479.388928
0.715148,4522,2505188,0,0,1.820912,2483.371128
0.715148,4532,2510728,0,0,1.822501,2486.692163
0.715148,4542,2516268,0,0,1.828013,2484.665121
0.715148,4552,2521808,0,0,1.82866,2489.254087
0.715148,4560,2526240,0,0,1.832421,2488.51069
0.715148,4570,2531780,0,0,1.925172,2373.814349
0.715148,4580,2537320,0,0,1.925185,2378.992192
0.715148,4590,2542860,0,0,1.925198,2384.170554
0.715148,4600,2548400,0,0,1.931479,2381.595239
0.715148,4610,2553940,0,0,1.933769,2383.944976
0.715148,4620,2559480,0,0,1.935312,2387.212238
0.715148,4630,2565020,0,0,1.938708,2388.188927
0.715148,4640,2570560,0,0,1.939527,2392.33582
0.715148,4650,2576100,0,0,1.940365,2396.456243
0.715148,4660,2581640,0,0,1.941189,2400.590208
0.715148,4670,2587180,0,0,1.942363,2404.288239
0.715148,4680,2592720,0,0,1.94285,2408.832245
0.715148,4690,2598260,0,0,1.949237,2406.070112
0.715148,4700,2603800,0,0,1.950029,2410.220694
0.715148,4710,2609340,0,0,1.95087,2414.307122
0.715148,4720,2614880,0,0,1.952092,2417.918911
0.715148,4730,2620420,0,0,1.952525,2422.504317
0.715148,4740,2625960,0,0,1.955377,2424.084846
0.715148,4750,2631500,0,0,1.95652,2427.779836
0.715148,4760,2637040,0,0,1.9573,2431.921293
0.715148,4770,2642580,0,0,1.958803,2435.160437
0.715148,4780,2648120,0,0,1.959283,2439.668136
0.715148,4790,2653660,0,0,1.960787,2442.897175
0.715148,4800,2659200,0,0,1.961591,2446.993871
0.715148,4810,2664740,0,0,1.96243,2451.043137
0.715148,4820,2670280,0,0,1.96367,2454.587266
0.715148,4830,2675820,0,0,1.964073,2459.17517
0.715148,4840,2681360,0,0,1.964867,2463.270608
0.715148,4850,2686900,0,0,1.965755,2467.246026
0.715148,4860,2692440,0,0,1.966818,2470.996181
0.715148,4870,2697980,0,0,1.968159,2474.393333
0.715148,4880,2703520,0,0,1.968482,2479.067905
0.715148,4890,2709060,0,0,1.969316,2483.096248
0.715148,4900,2714600,0,0,1.970498,2486.681225
0.715148,4910,2720140,0,0,1.971043,2491.067075
0.715148,4920,2725680,0,0,1.981566,2482.884211
0.715148,4930,2731220,0,0,1.982439,2486.836207
0.715148,4947,2740638,0,0,2.083325,2374.569602
0.715148,4957,2746178,0,0,2.083339,2379.353011
0.715148,4967,2751718,0,0,2.083354,2384.136354
0.715148,4977,2757258,0,0,2.084012,2388.182263
0.715148,4987,2762798,0,0,2.084025,2392.965917
0.715148,4997,2768338,0,0,2.085121,2396.503978
0.715148,5007,2773878,0,0,2.085384,2400.996226
0.715148,5017,2779418,0,0,2.086525,2404.475835
0.715148,5027,2784958,0,0,2.088122,2407.425962
0.715148,5037,2790498,0,0,2.091664,2408.130747
0.715148,5047,2796038,0,0,2.092802,2411.599048
0.715148,5057,2801578,0,0,2.092995,2416.155198
0.715148,5067,2807118,0,0,2.093655,2420.169661
0.715148,5077,2812658,0,0,2.09443,2424.048859
0.715148,5087,2818198,0,0,2.094988,2428.175798
0.715148,5097,2823738,0,0,2.096128,2431.626052
0.715148,5107,2829278,0,0,2.096873,2435.531609
0.715148,5117,2834818,0,0,2.097531,2439.534492
0.715148,5127,2840358,0,0,2.098305,2443.401315
0.715148,5137,2845898,0,0,2.098867,2447.511315
0.715148,5147,2851438,0,0,2.100003,2450.949431
0.715148,5157,2856978,0,0,2.100194,2455.487751
0.715148,5167,2862518,0,0,2.102291,2457.795007
0.715148,5177,2868058,0,0,2.103038,2461.676505
0.715148,5187,2873598,0,0,2.104,2465.304355
0.715148,5197,2879138,0,0,2.105024,2468.855625
0.715148,5207,2884678,0,0,2.105334,2473.241444
0.715148,5217,2890218,0,0,2.105999,2477.208881
0.715148,5227,2895758,0,0,2.208215,2367.070493
0.715148,5237,2901298,0,0,2.208227,2371.585723
0.715148,5247,2906838,0,0,2.208834,2375.461258
0.715148,5257,2912378,0,0,2.208847,2379.975175
0.715148,5267,2917918,0,0,2.20929,2384.024054
0.715148,5277,2923458,0,0,2.210063,2387.714503
0.715148,5287,2928998,0,0,2.210884,2391.351308
0.715148,5297,2934538,0,0,2.212318,2394.321569
0.715148,5307,2940078,0,0,2.212593,2398.542904
0.715148,5317,2945618,0,0,2.213254,2402.34543
0.715148,5327,2951158,0,0,2.213988,2406.065104
0.715148,5337,2956698,0,0,2.214585,2409.932523
0.715148,5347,2962238,0,0,2.215622,2413.317592
0.715148,5357,2967778,0,0,2.21674,2416.611638
0.715148,5367,2973318,0,0,2.217724,2420.04909
0.715148,5377,2978858,0,0,2.218457,2423.756189
0.715148,5387,2984398,0,0,2.219049,2427.616801
0.715148,5397,2989938,0,0,2.220064,2431.011341
0.715148,5407,2995478,0,0,2.222272,2433.095848
0.715148,5417,3001018,0,0,2.222307,2437.556782
0.715148,5427,3006558,0,0,2.222953,2441.346812
0.715148,5437,3012098,0,0,2.225437,2443.115225
0.715148,5447,3017638,0,0,2.226482,2446.460474
0.715148,5457,3023178,0,0,2.226747,2450.660574
0.715148,5467,3028718,0,0,2.227411,2454.419019
0.715148,5477,3034258,0,0,2.228161,2458.080532
0.715148,5487,3039798,0,0,2.228748,2461.92076
0.715148,5497,3045338,0,0,2.322969,2366.367768
0.715148,5507,3050878,0,0,2.322983,2370.65922
0.715148,5517,3056418,0,0,2.322995,2374.951356
0.715148,5527,3061958,0,0,2.32361,2378.626781
0.715148,5537,3067498,0,0,2.323679,2382.859525
0.715148,5547,3073038,0,0,2.32478,2386.032729
0.715148,5557,3078578,0,0,2.325012,2390.095223
0.715148,5567,3084118,0,0,2.325678,2393.710943
0.715148,5577,3089658,0,0,2.326407,2397.258749
0.715148,5587,3095198,0,0,2.327006,2400.938882
0.715148,5597,3100738,0,0,2.331553,2400.545429
0.715148,5607,3106278,0,0,2.333105,2403.235575
0.715148,5617,3111818,0,0,2.333765,2406.840172
0.715148,5627,3117358,0,0,2.334705,2410.154238
0.715148,5637,3122898,0,0,2.335404,2413.715473
0.715148,5647,3128438,0,0,2.336423,2416.942563
0.715148,5657,3133978,0,0,2.336735,2420.898989
0.715148,5667,3139518,0,0,2.337599,2424.282063
0.715148,5677,3145058,0,0,2.33833,2427.801253
0.715148,5687,3150598,0,0,2.342428,2427.822787
0.715148,5697,3156138,0,0,2.343046,2431.450395
0.715148,5707,3161678,0,0,2.343058,2435.705703
0.715148,5717,3167218,0,0,2.343071,2439.960471
0.715148,5727,3172758,0,0,2.343669,2443.604019
0.715148,5737,3178298,0,0,2.344472,2447.032424
0.715148,5747,3183838,0,0,2.348167,2447.440979
0.715148,5757,3189378,0,0,2.348832,2451.005051
0.715148,5767,3194918,0,0,2.349501,2454.563368
0.715148,5777,3200458,0,0,2.35028,2458.005204
0.715148,5787,3205998,0,0,2.350789,2461.726357
0.715148,5797,3211538,0,0,2.445239,2370.729802
0.715148,5807,3217078,0,0,2.445252,2374.805953
0.715148,5817,3222618,0,0,2.445266,2378.882521
0.715148,5827,3228158,0,0,2.450774,2377.61649
0.715148,5837,3233698,0,0,2.450908,2381.566163
0.715148,5847,3239238,0,0,2.452242,2384.349021
0.715148,5857,3244778,0,0,2.452688,2387.992065
0.715148,5867,3250318,0,0,2.452708,2392.050389
0.715148,5877,3255858,0,0,2.453897,2394.966049
0.715148,5887,3261398,0,0,2.453918,2399.020921
0.715148,5897,3266938,0,0,2.45592,2401.137097
0.715148,5907,3272478,0,0,2.456244,2404.890912
0.715148,5917,3278018,0,0,2.456869,2408.349925
0.715148,5927,3283558,0,0,2.460323,2409.033659
0.715148,5937,3289098,0,0,2.466012,2407.531328
0.715148,5947,3294638,0,0,2.466863,2410.753678
0.715148,5957,3300178,0,0,2.466876,2414.795506
0.715148,5967,3305718,0,0,2.466888,2418.836827
0.715148,5977,3311258,0,0,2.46749,2422.299391
0.715148,5987,3316798,0,0,2.467502,2426.340136
0.715148,5997,3322338,0,0,2.468327,2429.581036
0.715148,6007,3327878,0,0,2.468659,2433.304488
0.715148,6017,3333418,0,0,2.469268,2436.754454
0.715148,6027,3338958,0,0,2.470002,2440.079059
0.715148,6037,3344498,0,0,2.470635,2443.501665
0.715148,6047,3350038,0,0,2.471652,2446.54156
0.715148,6057,3355578,0,0,2.488412,2434.082787
0.715148,6067,3361118,0,0,2.488742,2437.77769
0.715148,6077,3366658,0,0,2.489865,2440.69498
0.715148,6087,3372198,0,0,2.490402,2444.183961
0.715148,6097,3377738,0,0,2.491427,2447.192199
0.715148,6107,3383278,0,0,2.491692,2450.94515
0.715148,6117,3388818,0,0,2.49264,2454.024396
0.715148,6127,3394358,0,0,2.493371,2457.316044
0.715148,6137,3399898,0,0,2.494005,2460.700795
0.715148,6147,3405438,0,0,2.495019,2463.708498
0.715148,6157,3410978,0,0,2.495338,2467.400775
0.715148,6167,3416518,0,0,2.496069,2470.684478
0.715148,6177,3422058,0,0,2.600845,2374.997049
0.715148,6187,3427598,0,0,2.600858,2378.830177
0.715148,6197,3433138,0,0,2.601501,2382.086353
0.715148,6207,3438678,0,0,2.601514,2385.918042
0.715148,6217,3444218,0,0,2.601948,2389.363859
0.715148,6227,3449758,0,0,2.602738,2392.480184
0.715148,6237,3455298,0,0,2.603284,2395.819938
0.715148,6247,3460838,0,0,2.604336,2398.692445
0.715148,6257,3466378,0,0,2.604573,2402.313372
0.715148,6267,3471918,0,0,2.607487,2403.463599
0.715148,6277,3477458,0,0,2.608299,2406.549234
0.715148,6287,3482998,0,0,2.609915,2408.890914
0.715148,6297,3488538,0,0,2.611317,2411.426732
0.715148,6307,3494078,0,0,2.61181,2414.800493
0.715148,6317,3499618,0,0,2.612458,2418.029534
0.715148,6327,3505158,0,0,2.613266,2421.108528
0.715148,6337,3510698,0,0,2.613792,2424.446987
0.715148,6347,3516238,0,0,2.614862,2427.279177
0.715148,6357,3521778,0,0,2.615413,2430.591314
0.715148,6367,3527318,0,0,2.616072,2433.801129
0.715148,6377,3532858,0,0,2.616834,2436.914073
0.715148,6387,3538398,0,0,2.617404,2440.203681
0.715148,6397,3543938,0,0,2.61851,2442.992604
0.715148,6407,3549478,0,0,2.618694,2446.639146
0.715148,6417,3555018,0,0,2.626081,2443.565155
0.715148,6427,3560558,0,0,2.626868,2446.639868
0.715148,6437,3566098,0,0,2.630417,2447.140409
0.715148,6447,3571638,0,0,2.631528,2449.907745
0.715148,6457,3577178,0,0,2.631758,2453.492643
0.715148,6474,3586596,0,0,2.636211,2455.797653
0.852168,6480,3589920,0,0,2.728899,2374.584034
0.852168,6486,3593244,0,0,2.728912,2376.771509
0.852168,6492,3596568,0,0,2.728924,2378.959588
0.852168,6502,3602108,0,0,2.729532,2382.093546
0.852168,6512,3607648,0,0,2.729715,2385.597353
0.852168,6522,3613188,0,0,2.731114,2388.0364
0.852168,6532,3618728,0,0,2.73135,2391.491435
0.852168,6542,3624268,0,0,2.731991,2394.590566
0.852168,6552,3629808,0,0,2.732742,2397.592225
0.852168,6562,3635348,0,0,2.733386,2400.685415
0.852168,6572,3640888,0,0,2.738715,2399.665386
0.852168,6582,3646428,0,0,2.739285,2402.816591
0.852168,6592,3651968,0,0,2.739995,2405.844013
0.852168,6602,3657508,0,0,2.740817,2408.771173
0.852168,6612,3663048,0,0,2.741324,2411.973238
0.852168,6622,3668588,0,0,2.742331,2414.73422
0.852168,6632,3674128,0,0,2.742655,2418.094631
0.852168,6642,3679668,0,0,2.743667,2420.847819
0.852168,6652,3685208,0,0,2.744366,2423.8748
0.852168,6662,3690748,0,0,2.744966,2426.988351
0.852168,6672,3696288,0,0,2.745991,2429.724343
0.852168,6682,3701828,0,0,2.746252,2433.134058
0.852168,6692,3707368,0,0,2.746926,2436.178111
0.852168,6702,3712908,0,0,2.757595,2430.3788
0.852168,6712,3718448,0,0,2.758207,2433.464855
0.852168,6722,3723988,0,0,2.759327,2436.101324
0.852168,6732,3729528,0,0,2.759553,2439.52536
0.852168,6742,3735068,0,0,2.760211,2442.566688
0.852168,6752,3740608,0,0,2.842791,2375.130371
0.852168,6762,3746148,0,0,2.842804,2378.637268
0.852168,6772,3751688,0,0,2.843419,2381.639987
0.852168,6782,3757228,0,0,2.843432,2385.14568
0.852168,6792,3762768,0,0,2.843831,2388.327724
0.852168,6802,3768308,0,0,2.84569,2390.281233
0.852168,6811,3773294,0,0,2.845727,2393.412829
0.852168,6821,3778834,0,0,2.846511,2396.267164
0.852168,6831,3784374,0,0,2.846524,2399.769383
0.852168,6841,3789914,0,0,2.84687,2402.989996
0.852168,6851,3795454,0,0,2.847635,2405.856464
0.852168,6861,3800994,0,0,2.848523,2408.616759
0.852168,6871,3806534,0,0,2.849637,2411.184275
0.852168,6881,3812074,0,0,2.849859,2414.505824
0.852168,6891,3817614,0,0,2.850706,2417.295639
0.852168,6901,3823154,0,0,2.852612,2419.186734
0.852168,6911,3828694,0,0,2.853159,2422.227677
0.852168,6921,3834234,0,0,2.85469,2424.431311
0.852168,6931,3839774,0,0,2.856066,2426.764657
0.852168,6941,3845314,0,0,2.85674,2429.692183
0.852168,6951,3850854,0,0,2.860273,2430.187504
0.852168,6961,3856394,0,0,2.860837,2433.204409
0.852168,6971,3861934,0,0,2.861855,2435.832677
0.852168,6981,3867474,0,0,2.862169,2439.059509
0.852168,6991,3873014,0,0,2.862836,2441.984201
0.852168,7001,3878554,0,0,2.86357,2444.850127
0.852168,7011,3884094,0,0,2.86445,2447.590103
0.852168,7021,3889634,0,0,2.971516,2362.766913
0.852168,7031,3895174,0,0,2.971529,2366.122137
0.852168,7041,3900714,0,0,2.971541,2369.477902
0.852168,7051,3906254,0,0,2.976217,2369.114672
0.852168,7061,3911794,0,0,2.976804,2372.006821
0.852168,7071,3917334,0,0,2.97756,2374.763004
0.852168,7081,3922874,0,0,2.977572,2378.111747
0.852168,7091,3928414,0,0,2.977584,2381.460653
0.852168,7101,3933954,0,0,2.978354,2384.203218
0.852168,7111,3939494,0,0,2.979477,2386.660153
0.852168,7121,3945034,0,0,2.980808,2388.949176
0.852168,7131,3950574,0,0,2.981351,2391.868925
0.852168,7141,3956114,0,0,2.982343,2394.426161
0.852168,7151,3961654,0,0,2.985403,2395.321836
0.852168,7161,3967194,0,0,2.985424,2398.65442
0.852168,7171,3972734,0,0,2.986031,2401.515738
0.852168,7181,3978274,0,0,2.986284,2404.661146
0.852168,7191,3983814,0,0,2.986947,2407.474875
0.852168,7201,3989354,0,0,2.98764,2410.263697
0.852168,7211,3994894,0,0,2.988481,2412.931868
0.852168,7221,4000434,0,0,2.989547,2415.416103
0.852168,7231,4005974,0,0,2.990748,2417.790048
0.852168,7241,4011514,0,0,2.991662,2420.394113
0.852168,7251,4017054,0,0,2.992616,2422.963964
0.852168,7261,4022594,0,0,2.993277,2425.769617
0.852168,7271,4028134,0,0,2.994411,2428.190199
0.852168,7281,4033674,0,0,2.994603,2431.373721
0.852168,7291,4039214,0,0,2.995269,2434.171974
0.852168,7301,4044754,0,0,3.059945,2385.990701
0.852168,7311,4050294,0,0,3.059961,2389.246261
0.852168,7321,4055834,0,0,3.060607,2392.009014
0.852168,7331,4061374,0,0,3.060628,2395.260107
0.852168,7341,4066914,0,0,3.061234,2398.052179
0.852168,7351,4072454,0,0,3.061986,2400.729298
0.852168,7361,4077994,0,0,3.065307,2401.391054
0.852168,7371,4083534,0,0,3.066414,2403.784728
0.852168,7381,4089074,0,0,3.066679,2406.838333
0.852168,7391,4094614,0,0,3.067347,2409.573911
0.852168,7401,4100154,0,0,3.068081,2412.256932
0.852168,7411,4105694,0,0,3.068674,2415.049371
0.852168,7421,4111234,0,0,3.069939,2417.311955
0.852168,7431,4116774,0,0,3.070569,2420.072789
0.852168,7441,4122314,0,0,3.070908,2423.061977
0.852168,7451,4127854,0,0,3.071646,2425.7349
0.852168,7461,4133394,0,0,3.073442,2427.571259
0.852168,7471,4138934,0,0,3.074485,2430.00061
0.852168,7481,4144474,0,0,3.075108,2432.760233
0.852168,7491,4150014,0,0,3.075776,2435.483246
0.852168,7501,4155554,0,0,3.076546,2438.12364
0.852168,7511,4161094,0,0,3.077102,2440.932914
0.915157,7521,4166634,0,0,3.175617,2368.35849
0.915157,7531,4172174,0,0,3.17563,2371.49787
0.915157,7541,4177714,0,0,3.175642,2374.637759
0.915157,7551,4183254,0,0,3.176246,2377.33445
0.915157,7561,4188794,0,0,3.176769,2380.091562
0.915157,7571,4194334,0,0,3.177697,2382.543302
0.915157,7581,4199874,0,0,3.178002,2385.461143
0.915157,7591,4205414,0,0,3.178668,2388.107203
0.915157,7601,4210954,0,0,3.179761,2390.43146
0.915157,7611,4216494,0,0,3.180452,2393.056179
0.915157,7621,4222034,0,0,3.1814,2395.486577
0.915157,7631,4227574,0,0,3.181629,2398.457114
0.915157,7641,4233114,0,0,3.182295,2401.097078
0.915157,7651,4238654,0,0,3.183032,2403.682822
0.915157,7661,4244194,0,0,3.183875,2406.187365
0.915157,7671,4249734,0,0,3.184975,2408.496031
0.915157,7681,4255274,0,0,3.185209,2411.458868
0.915157,7691,4260814,0,0,3.187114,2413.155334
0.915157,7701,4266354,0,0,3.18811,2415.537466
0.915157,7711,4271894,0,0,3.188783,2418.163611
0.915157,7721,4277434,0,0,3.189885,2420.463509
0.915157,7731,4282974,0,0,3.190177,2423.376717
0.915157,7741,4288514,0,0,3.191138,2425.780555
0.915157,7751,4294054,0,0,3.191922,2428.31716
0.915157,7761,4299594,0,0,3.192466,2431.036236
0.915157,7771,4305134,0,0,3.193553,2433.339578
0.915157,7781,4310674,0,0,3.193755,2436.316829
0.915157,7791,4316214,0,0,3.194423,2438.937778
0.915157,7801,4321754,0,0,3.298963,2364.682256
0.915157,7811,4327294,0,0,3.298976,2367.704272
0.915157,7821,4332834,0,0,3.299598,2370.288931
0.915157,7831,4338374,0,0,3.299611,2373.310172
0.915157,7841,4343914,0,0,3.300019,2376.047251
0.915157,7851,4349454,0,0,3.305603,2375.058328
0.915157,7861,4354994,0,0,3.305622,2378.069602
0.915157,7871,4360534,0,0,3.306374,2380.553559
0.915157,7881,4366074,0,0,3.306386,2383.569083
0.915157,7891,4371614,0,0,3.306398,2386.584756
0.915157,7901,4377154,0,0,3.307006,2389.170401
0.915157,7911,4382694,0,0,3.307138,2392.098225
0.915157,7921,4388234,0,0,3.308236,2394.327281
0.915157,7931,4393774,0,0,3.308466,2397.183153
0.915157,7941,4399314,0,0,3.310774,2398.533072
0.915157,7951,4404854,0,0,3.311385,2401.110343
0.915157,7961,4410394,0,0,3.312053,2403.64479
0.915157,7971,4415934,0,0,3.313148,2405.869138
0.915157,7981,4421474,0,0,3.313386,2408.714254
0.915157,7991,4427014,0,0,3.314044,2411.253616
0.915157,8001,4432554,0,0,3.314785,2413.731378
0.915157,8011,4438094,0,0,3.315668,2416.104136
0.915157,8021,4443634,0,0,3.316684,2418.378968
0.915157,8031,4449174,0,0,3.317114,2421.080236
0.915157,8041,4454714,0,0,3.317614,2423.729768
0.915157,8051,4460254,0,0,3.318344,2426.210446
0.915157,8061,4465794,0,0,3.321305,2427.058361
0.915157,8071,4471334,0,0,3.322286,2429.351088
0.915157,8081,4476874,0,0,3.322597,2432.133465
0.915157,8091,4482414,0,0,3.323258,2434.658882
0.915157,8101,4487954,0,0,3.412636,2373.825111
0.915157,8111,4493494,0,0,3.412649,2376.746265
0.915157,8121,4499034,0,0,3.413292,2379.227912
0.915157,8131,4504574,0,0,3.419194,2378.0455
0.915157,8141,4510114,0,0,3.419934,2380.455437
0.915157,8151,4515654,0,0,3.420851,2382.740607
0.915157,8161,4521194,0,0,3.421411,2385.273184
0.915157,8171,4526734,0,0,3.422495,2387.439651
0.915157,8181,4532274,0,0,3.429712,2385.331772
0.915157,8191,4537814,0,0,3.430452,2387.731754
0.915157,8201,4543354,0,0,3.43124,2390.098316
0.915157,8211,4548894,0,0,3.431923,2392.535925
0.915157,8221,4554434,0,0,3.433123,2394.612641
0.915157,8231,4559974,0,0,3.4334,2397.331983
0.915157,8241,4565514,0,0,3.438533,2396.661885
0.915157,8251,4571054,0,0,3.444246,2395.589427
0.915157,8261,4576594,0,0,3.444261,2398.482692
0.915129,8271,4582134,0,0,3.444991,2400.877022
0.915129,8281,4587674,0,0,3.445005,2403.770138
0.915129,8291,4593214,0,0,3.445018,2406.663731
0.915129,8301,4598754,0,0,3.445657,2409.119477
0.915129,8311,4604294,0,0,3.445865,2411.876155
0.915129,8321,4609834,0,0,3.447063,2413.938909
0.915129,8331,4615374,0,0,3.447337,2416.647708
0.915129,8341,4620914,0,0,3.448076,2419.030367
0.915129,8351,4626454,0,0,3.451291,2419.674202
0.915129,8361,4631994,0,0,3.456809,2418.704452
0.915129,8371,4637534,0,0,3.46069,2418.882102
0.915129,8381,4643074,0,0,3.460705,2421.761022
0.915129,8391,4648614,0,0,3.460719,2424.640417
0.915129,8401,4654154,0,0,3.461359,2427.081202
0.915129,8411,4659694,0,0,3.461936,2429.56509
0.915129,8421,4665234,0,0,3.463033,2431.683133
0.915129,8431,4670774,0,0,3.463412,2434.304468
0.915129,8441,4676314,0,0,3.464145,2436.675997
0.915129,8451,4681854,0,0,3.464934,2439.007754
0.915129,8466,4690164,0,0,3.584631,2361.749548
0.915129,8476,4695704,0,0,3.585281,2364.110127
0.915129,8486,4701244,0,0,3.585625,2366.672206
0.915129,8496,4706784,0,0,3.586895,2368.622293
0.915129,8506,4712324,0,0,3.58695,2371.373966
0.915129,8516,4717864,0,0,3.58761,2373.724807
0.915129,8526,4723404,0,0,3.588386,2375.998372
0.915129,8536,4728944,0,0,3.588979,2378.392607
0.915129,8546,4734484,0,0,3.590292,2380.307485
0.915129,8556,4740024,0,0,3.590585,2382.898455
0.915129,8566,4745564,0,0,3.591231,2385.254297
0.915129,8576,4751104,0,0,3.593191,2386.736372
0.915129,8586,4756644,0,0,3.593851,2389.080465
0.915129,8596,4762184,0,0,3.595147,2391.001209
0.915129,8606,4767724,0,0,3.595421,2393.600349
0.915129,8616,4773264,0,0,3.596087,2395.93744
0.915129,8626,4778804,0,0,3.597001,2398.109136
0.915129,8636,4784344,0,0,3.597672,2400.441343
0.915129,8646,4789884,0,0,3.598728,2402.515754
0.915129,8656,4795424,0,0,3.599003,2405.110794
0.915129,8666,4800964,0,0,3.599661,2407.448849
0.915129,8676,4806504,0,0,3.600432,2409.71057
0.915129,8686,4812044,0,0,3.600951,2412.14076
0.915129,8696,4817584,0,0,3.602401,2413.945736
0.915129,8706,4823124,0,0,3.602588,2416.596111
0.915129,8716,4828664,0,0,3.603251,2418.926379
0.909816,8726,4834204,0,0,3.701951,2357.135754
0.909816,8736,4839744,0,0,3.701964,2359.828369
0.909816,8746,4845284,0,0,3.702627,2362.106724
0.909816,8756,4850824,0,0,3.70264,2364.799134
0.909816,8766,4856364,0,0,3.703103,2367.2042
0.909816,8776,4861904,0,0,3.703887,2369.402442
0.909816,8786,4867444,0,0,3.704471,2371.728883
0.909816,8796,4872984,0,0,3.705543,2373.741455
0.909816,8806,4878524,0,0,3.705803,2376.273005
0.909816,8816,4884064,0,0,3.706735,2378.37364
0.909816,8826,4889604,0,0,3.707532,2380.559251
0.909816,8836,4895144,0,0,3.708057,2382.918881
0.909816,8846,4900684,0,0,3.710226,2384.221147
0.909816,8856,4906224,0,0,3.710707,2386.607068
0.900862,8866,4911764,0,0,3.715432,2386.263761
0.900862,8877,4917858,0,0,3.716207,2388.725753
0.900862,8887,4923398,0,0,3.716785,2391.044978
0.900862,8897,4928938,0,0,3.717813,2393.073399
0.900862,8907,4934478,0,0,3.71811,2395.571889
0.900862,8917,4940018,0,0,3.718785,2397.826449
0.900862,8927,4945558,0,0,3.719824,2399.844675
0.900862,8937,4951098,0,0,3.720484,2402.106965
0.900862,8947,4956638,0,0,3.721515,2404.128311
0.900862,8957,4962178,0,0,3.721826,2406.614492
0.900862,8967,4967718,0,0,3.722478,2408.878994
0.900862,8977,4973258,0,0,3.72322,2411.084957
0.900862,8987,4978798,0,0,3.724118,2413.18869
0.900862,8997,4984338,0,0,3.726155,2414.553158
0.900862,9007,4989878,0,0,3.726828,2416.800497
0.900862,9017,4995418,0,0,3.727378,2419.127021
0.900862,9027,5000958,0,0,3.827641,2358.371491
0.900862,9037,5006498,0,0,3.827654,2360.976125
0.900862,9047,5012038,0,0,3.828278,2363.203468
0.900862,9057,5017578,0,0,3.828291,2365.807652
0.900862,9067,5023118,0,0,3.828754,2368.133373
0.900862,9077,5028658,0,0,3.829473,2370.29988
0.900862,9087,5034198,0,0,3.833072,2370.683243
0.900862,9097,5039738,0,0,3.83407,2372.674194
0.900862,9107,5045278,0,0,3.834396,2375.080935
0.900862,9117,5050818,0,0,3.835066,2377.273249
0.900862,9127,5056358,0,0,3.83573,2379.469085
0.900862,9137,5061898,0,0,3.83639,2381.665938
0.900862,9147,5067438,0,0,3.837381,2383.656753
0.900862,9157,5072978,0,0,3.837969,2385.897441
0.900862,9167,5078518,0,0,3.838626,2388.094279
0.900862,9177,5084058,0,0,3.839341,2390.253851
0.900862,9187,5089598,0,0,3.840003,2392.446336
0.900862,9197,5095138,0,0,3.840991,2394.433835
0.900862,9207,5100678,0,0,3.841693,2396.599374
0.900862,9217,5106218,0,0,3.843333,2398.178571
0.900862,9227,5111758,0,0,3.844003,2400.362205
0.900862,9237,5117298,0,0,3.8455,2402.028499
0.900862,9247,5122838,0,0,3.846556,2403.968524
0.900862,9257,5128378,0,0,3.84685,2406.384346
0.900862,9267,5133918,0,0,3.847519,2408.565303
0.900862,9277,5139458,0,0,3.848197,2410.739527
0.900862,9287,5144998,0,0,3.848841,2412.933911
0.900862,9297,5150538,0,0,3.850208,2414.674862
0.900862,9307,5156078,0,0,3.850447,2417.121998
0.900862,9317,5161618,0,0,3.851102,2419.307441
0.900862,9327,5167158,0,0,3.944452,2364.586849
0.900862,9337,5172698,0,0,3.944464,2367.114758
0.900862,9347,5178238,0,0,3.945049,2369.298663
0.900862,9357,5183778,0,0,3.945061,2371.826606
0.900862,9367,5189318,0,0,3.945634,2374.016225
0.900862,9377,5194858,0,0,3.949036,2374.503477
0.900862,9387,5200398,0,0,3.949087,2377.005316
0.900862,9397,5205938,0,0,3.949686,2379.176584
0.900862,9407,5211478,0,0,3.955312,2378.320876
0.900862,9417,5217018,0,0,3.955751,2380.58437
0.900862,9427,5222558,0,0,3.956321,2382.7691
0.900862,9437,5228098,0,0,3.957253,2384.735224
0.900862,9447,5233638,0,0,3.958204,2386.688777
0.900862,9457,5239178,0,0,3.958568,2388.995154
0.900862,9467,5244718,0,0,3.959228,2391.122978
0.900862,9477,5250258,0,0,3.959898,2393.243609
0.900862,9487,5255798,0,0,3.960512,2395.397265
0.900862,9497,5261338,0,0,3.961483,2397.334821
0.900862,9507,5266878,0,0,3.963096,2398.882289
0.900862,9517,5272418,0,0,3.967357,2398.826413
0.900862,9527,5277958,0,0,3.968024,2400.943419
0.900862,9537,5283498,0,0,3.968693,2403.058124
0.900862,9547,5289038,0,0,3.969652,2404.996459
0.900862,9557,5294578,0,0,3.969665,2407.508197
0.900862,9567,5300118,0,0,3.969676,2410.020354
0.900862,9577,5305658,0,0,3.970506,2412.035025
0.900862,9587,5311198,0,0,3.971187,2414.139727
0.900862,9597,5316738,0,0,4.028293,2382.398902
0.900862,9607,5322278,0,0,4.028305,2384.874003
0.900862,9617,5327818,0,0,4.028318,2387.348666
0.900862,9627,5333358,0,0,4.028922,2389.473009
0.900862,9637,5338898,0,0,4.029364,2391.692803
0.900862,9647,5344438,0,0,4.030382,2393.569407
0.900862,9657,5349978,0,0,4.030693,2395.86589
0.900862,9667,5355518,0,0,4.031358,2397.951117
0.900862,9677,5361058,0,0,4.03232,2399.858841
0.900862,9687,5366598,0,0,4.03296,2401.95762
0.900862,9697,5372138,0,0,4.033948,2403.848428
0.900862,9707,5377678,0,0,4.034246,2406.149484
0.900862,9717,5383218,0,0,4.034907,2408.234168
0.900862,9727,5388758,0,0,4.03566,2410.262493
0.900862,9737,5394298,0,0,4.036241,2412.393225
0.900862,9747,5399838,0,0,4.039643,2412.837231
0.900862,9757,5405378,0,0,4.039873,2415.175001
0.900862,9767,5410918,0,0,4.041916,2416.428312
0.900862,9777,5416458,0,0,4.042576,2418.507505
0.900862,9787,5421998,0,0,4.043515,2420.418888
0.900862,9797,5427538,0,0,4.152998,2359.018866
0.900862,9807,5433078,0,0,4.153013,2361.41836
0.900862,9817,5438618,0,0,4.153027,2363.817973
0.900862,9827,5444158,0,0,4.153658,2365.866338
0.900862,9837,5449698,0,0,4.153796,2368.195149
0.900862,9847,5455238,0,0,4.154808,2370.025528
0.900862,9857,5460778,0,0,4.155372,2372.110317
0.900862,9867,5466318,0,0,4.156033,2374.138834
0.900862,9877,5471858,0,0,4.156707,2376.159891
0.900862,9887,5477398,0,0,4.157371,2378.185885
0.900862,9897,5482938,0,0,4.158366,2380.02154
0.900862,9907,5488478,0,0,4.158654,2382.261198
0.900862,9917,5494018,0,0,4.160755,2383.461565
0.900862,9927,5499558,0,0,4.161801,2385.265497
0.900862,9937,5505098,0,0,4.162358,2387.348547
0.900862,9947,5510638,0,0,4.163353,2389.180086
0.900862,9957,5516178,0,0,4.163692,2391.387534
0.900862,9967,5521718,0,0,4.164679,2393.221907
0.900862,9977,5527258,0,0,4.165353,2395.23541
0.900862,9987,5532798,0,0,4.166014,2397.255531
0.900862,9997,5538338,0,0,4.16701,2399.082139
0.900862,10007,5543878,0,0,4.167348,2401.287532
0.900862,10017,5549418,0,0,4.167966,2403.330747
0.900862,10027,5554958,0,0,4.171582,2403.644616
0.900862,10037,5560498,0,0,4.172134,2405.723076
0.900862,10047,5566038,0,0,4.174364,2406.833522
0.900862,10057,5571578,0,0,4.174896,2408.922281
0.900862,10067,5577118,0,0,4.175519,2410.957782
0.900862,10077,5582658,0,0,4.176232,2412.940465
0.900862,10087,5588198,0,0,4.176857,2414.973612
0.900862,10097,5593738,0,0,4.268053,2365.715936
0.900862,10107,5599278,0,0,4.268066,2368.051517
0.900862,10117,5604818,0,0,4.268079,2370.387084
0.900862,10127,5610358,0,0,4.268723,2372.372512
0.900862,10137,5615898,0,0,4.26932,2374.382667
0.900862,10147,5621438,0,0,4.270354,2376.149859
0.900862,10157,5626978,0,0,4.275772,2375.477537
0.900862,10167,5632518,0,0,4.2768,2377.24445
0.900862,10177,5638058,0,0,4.277667,2379.100678
0.900862,10187,5643598,0,0,4.277769,2381.38146
0.900862,10197,5649138,0,0,4.27848,2383.322887
0.900862,10207,5654678,0,0,4.279648,2385.009464
0.900862,10217,5660218,0,0,4.279662,2387.338258
0.900862,10227,5665758,0,0,4.28603,2386.124192
0.900862,10237,5671298,0,0,4.286227,2388.347614
0.900862,10247,5676838,0,0,4.287201,2390.137701
0.900862,10257,5682378,0,0,4.288566,2391.70876
0.900862,10267,5687918,0,0,4.289497,2393.520789
0.900862,10277,5693458,0,0,4.290488,2395.298887
0.900862,10287,5698998,0,0,4.293794,2395.783489
0.900862,10297,5704538,0,0,4.398751,2340.891502
0.900862,10307,5710078,0,0,4.398765,2343.157889
0.900862,10317,5715618,0,0,4.398777,2345.42439
0.900862,10327,5721158,0,0,4.399395,2347.367969
0.900862,10337,5726698,0,0,4.400922,2348.826218
0.900862,10347,5732238,0,0,4.401927,2350.561346
0.900862,10357,5737778,0,0,4.402537,2352.507399
0.900862,10367,5743318,0,0,4.403199,2354.424358
0.900862,10377,5748858,0,0,4.403904,2356.318415
0.900862,10387,5754398,0,0,4.404896,2358.057932
0.900862,10397,5759938,0,0,4.406026,2359.722986
0.900862,10407,5765478,0,0,4.406231,2361.882692
0.900862,10417,5771018,0,0,4.406895,2363.795994
0.900862,10427,5776558,0,0,4.407556,2365.709999
0.900862,10437,5782098,0,0,4.408223,2367.620485
0.900862,10447,5787638,0,0,4.409219,2369.354089
0.900862,10457,5793178,0,0,4.409886,2371.262918
0.900862,10467,5798718,0,0,4.410588,2373.152825
0.900862,10477,5804258,0,0,4.41224,2374.530964
0.900862,10487,5809798,0,0,4.413091,2376.339101
0.900862,10497,5815338,0,0,4.414136,2378.041983
0.900862,10507,5820878,0,0,4.414798,2379.950328
0.900862,10517,5826418,0,0,4.415455,2381.861059
0.900862,10527,5831958,0,0,4.416126,2383.763242
0.900862,10537,5837498,0,0,4.416781,2385.674248
0.900862,10547,5843038,0,0,4.418088,2387.231526
0.900862,10557,5848578,0,0,4.418425,2389.313147
0.900862,10567,5854118,0,0,4.419086,2391.218209
0.900862,10577,5859658,0,0,4.513762,2343.278304
0.900862,10587,5865198,0,0,4.513774,2345.487185
0.900862,10597,5870738,0,0,4.514377,2347.38918
0.900862,10607,5876278,0,0,4.514929,2349.317216
0.900862,10617,5881818,0,0,4.515588,2351.188916
0.900862,10627,5887358,0,0,4.516485,2352.935979
0.900862,10637,5892898,0,0,4.517163,2354.796688
0.900862,10647,5898438,0,0,4.518199,2356.469929
0.900862,10657,5903978,0,0,4.518493,2358.529622
0.900862,10667,5909518,0,0,4.519423,2360.257046
0.900862,10677,5915058,0,0,4.520184,2362.072215
0.900862,10687,5920598,0,0,4.520758,2363.983889
0.900862,10697,5926138,0,0,4.521757,2365.673402
0.900862,10707,5931678,0,0,4.522085,2367.712899
0.900862,10717,5937218,0,0,4.522753,2369.574585
0.900862,10727,5942758,0,0,4.523462,2371.413848
0.900862,10737,5948298,0,0,4.525603,2372.501491
0.900862,10747,5953838,0,0,4.526527,2374.226584
0.900862,10757,5959378,0,0,4.527062,2376.154935
0.900862,10767,5964918,0,0,4.527774,2377.989539
0.900862,10777,5970458,0,0,4.528441,2379.847497
0.900862,10787,5975998,0,0,4.529102,2381.708293
0.900862,10797,5981538,0,0,4.530327,2383.271503
0.900862,10807,5987078,0,0,4.530665,2385.300845
0.900862,10817,5992618,0,0,4.531318,2387.164328
0.900862,10827,5998158,0,0,4.532037,2388.991834
0.900862,10837,6003698,0,0,4.532649,2390.875727
0.900862,10847,6009238,0,0,4.616277,2349.728781
0.900862,10857,6014778,0,0,4.616291,2351.888226
0.900862,10867,6020318,0,0,4.616303,2354.048146
0.900862,10877,6025858,0,0,4.616923,2355.897904
0.900862,10887,6031398,0,0,4.61716,2357.94318
0.900862,10897,6036938,0,0,4.618156,2359.59995
0.900862,10907,6042478,0,0,4.618497,2361.59097
0.900862,10917,6048018,0,0,4.620413,2362.776006
0.900862,10927,6053558,0,0,4.62129,2364.491194
0.900862,10937,6059098,0,0,4.622322,2366.126644
0.900862,10947,6064638,0,0,4.623264,2367.807519
0.900862,10957,6070178,0,0,4.623637,2369.779237
0.900862,10967,6075718,0,0,4.624298,2371.60341
0.900862,10977,6081258,0,0,4.624964,2373.423636
0.900862,10987,6086798,0,0,4.627022,2374.529557
0.900862,10997,6092338,0,0,4.627962,2376.207871
0.900862,11007,6097878,0,0,4.62829,2378.199943
0.900862,11017,6103418,0,0,4.62896,2380.016055
0.900862,11027,6108958,0,0,4.629629,2381.832377
0.900862,11037,6114498,0,0,4.63029,2383.65198
0.900862,11047,6120038,0,0,4.631248,2385.31817
0.900862,11057,6125578,0,0,4.631861,2387.161337
0.900862,11067,6131118,0,0,4.633293,2388.581865
0.900862,11077,6136658,0,0,4.638091,2388.26727
0.900862,11087,6142198,0,0,4.63876,2390.078582
0.900862,11097,6147738,0,0,4.639712,2391.743477
0.900862,11107,6153278,0,0,4.640558,2393.462163
0.900862,11117,6158818,0,0,4.640701,2395.543231
0.900862,11127,6164358,0,0,4.641433,2397.319842
0.900862,11137,6169898,0,0,4.642488,2398.92944
0.900862,11147,6175438,0,0,4.697716,2372.855115
0.900862,11157,6180978,0,0,4.69773,2374.976939
0.900862,11167,6186518,0,0,4.697742,2377.099353
0.900862,11177,6192058,0,0,4.698328,2378.931269
0.900862,11187,6197598,0,0,4.698793,2380.824215
0.900862,11197,6203138,0,0,4.699733,2382.475519
0.900862,11207,6208678,0,0,4.700686,2384.120237
0.900862,11217,6214218,0,0,4.703475,2384.832733
0.900862,11227,6219758,0,0,4.704146,2386.61827
0.900862,11237,6225298,0,0,4.704811,2388.406444
0.900862,11247,6230838,0,0,4.70577,2390.044312
0.900862,11257,6236378,0,0,4.706134,2391.984548
0.900862,11267,6241918,0,0,4.706799,2393.77145
0.900862,11277,6247458,0,0,4.707823,2395.374901
0.900862,11287,6252998,0,0,4.708459,2397.175129
0.900862,11297,6258538,0,0,4.709519,2398.758694
0.900862,11307,6264078,0,0,4.709818,2400.729525
0.900862,11317,6269618,0,0,4.711377,2402.057754
0.900862,11327,6275158,0,0,4.71242,2403.64836
0.900862,11337,6280698,0,0,4.713356,2405.292647
0.900862,11347,6286238,0,0,4.807617,2360.212878
0.900862,11357,6291778,0,0,4.80763,2362.286468
0.900862,11367,6297318,0,0,4.807643,2364.36028
0.900862,11377,6302858,0,0,4.808253,2366.139909
0.900862,11387,6308398,0,0,4.808448,2368.123966
0.900862,11397,6313938,0,0,4.80939,2369.739047
0.900862,11407,6319478,0,0,4.810184,2371.42672
0.90645,11417,6325018,0,0,4.810747,2373.228153
0.90645,11427,6330558,0,0,4.811422,2374.973734
0.90645,11437,6336098,0,0,4.812034,2376.749677
0.90645,11447,6341638,0,0,4.813022,2378.339598
0.90645,11457,6347178,0,0,4.813371,2380.244559
0.90645,11467,6352718,0,0,4.815543,2381.24747
0.90645,11477,6358258,0,0,4.816225,2382.98665
0.90645,11487,6363798,0,0,4.817199,2384.580517
0.90645,11497,6369338,0,0,4.818319,2386.101834
0.90645,11507,6374878,0,0,4.818524,2388.075624
0.90645,11517,6380418,0,0,4.819154,2389.838536
0.90645,11527,6385958,0,0,4.820208,2391.390661
0.90645,11537,6391498,0,0,4.820788,2393.177025
0.90645,11547,6397038,0,0,4.821718,2394.789586
0.90645,11557,6402578,0,0,4.822064,2396.69158
0.90645,11567,6408118,0,0,4.822726,2398.436066
0.90645,11577,6413658,0,0,4.823436,2400.156226
0.90645,11587,6419198,0,0,4.824134,2401.881816
0.90645,11597,6424738,0,0,4.826407,2402.822423
0.90645,11607,6430278,0,0,4.827027,2404.58552
0.90645,11617,6435818,0,0,4.827693,2406.325585
0.90645,11627,6441358,0,0,4.933813,2356.595376
0.90645,11637,6446898,0,0,4.933825,2358.616165
0.90645,11647,6452438,0,0,4.934444,2360.346891
